Itemcode,"Item Description",Brand,Pack-size,"Vendor ID","Receive Date","PO Number","PO Line #","Ordered Quantity","Order UOM","Received Quantity","Rec. UOM","Weight (LB)","Variance (Quantity)","Estimate Inventory Cost","Actual Inventory Cost","Variance (Inventory Cost)","Estimate Add-on Cost","Actual Add-on Cost","Variance (Add-on Cost)"
"APPE102 ","Apple McIntosh ECO 80/88s          ","          ","          ","LYM     ",09/17/2018,"006779   ","001           ",13,"CS         ",13,"CS       ",0,0,351,351,0,149.33,149.33,0
"APPE102 ","Apple McIntosh ECO 80/88s          ","          ","          ","LYM     ",09/26/2018,"006829   ","008           ",2,"CS         ",2,"CS       ",0,0,54,54,0,24.39,23.83,-2.3
"APPE102 ","Apple McIntosh ECO 80/88s          ","          ","          ","LYM     ",09/21/2018,"006810   ","001           ",1,"CS         ",1,"CS       ",0,0,27,27,0,12.26,9.7,-20.88
"APPE102 ","Apple McIntosh ECO 80/88s          ","          ","          ","CLA     ",09/28/2018,"006856   ","001           ",15,"CS         ",15,"CS       ",0,0,405,405,0,171.12,171.12,0
"APPE102 ","Apple McIntosh ECO 80/88s          ","          ","          ","CLA     ",09/28/2018,"006851   ","001           ",9,"CS         ",9,"CS       ",0,0,243,243,0,36.97,25.18,-31.89
"APPE102 ","Apple McIntosh ECO 80/88s          ","          ","          ","LYM     ",09/21/2018,"006803   ","001           ",23,"CS         ",23,"CS       ",0,0,621,621,0,51.75,51.75,0
"APPE102 ","Apple McIntosh ECO 80/88s          ","          ","          ","CLA     ",09/26/2018,"006836   ","001           ",9,"CS         ",9,"CS       ",0,0,243,243,0,109.76,107.27,-2.27
"APPE102 ","Apple McIntosh ECO 80/88s          ","          ","          ","LYM     ",09/14/2018,"006761   ","003           ",6,"CS         ",6,"CS       ",0,0,171,171,0,64.85,64.85,0
"APPE102 ","Apple McIntosh ECO 80/88s          ","          ","          ","BHO     ",09/19/2018,"006795   ","004           ",8,"CS         ",8,"CS       ",0,0,216,216,0,96.8,96.8,0
"APPE102 ","Apple McIntosh ECO 80/88s          ","          ","          ","CLA     ",09/24/2018,"006830   ","001           ",13,"CS         ",13,"CS       ",0,0,351,351,0,181.55,181.55,0
"APPE103 ","Apple Jonamac ECO tote 8/5#        ","          ","          ","LYM     ",09/05/2018,"006694   ","001           ",30,"CS         ",30,"CS       ",0,0,690,690,0,261.01,228.15,-12.59
"APPE103 ","Apple Jonamac ECO tote 8/5#        ","          ","          ","LYM     ",09/10/2018,"006719   ","001           ",180,"CS         ",180,"CS       ",0,0,3960,3960,0,0,0,0
"APPE103 ","Apple Jonamac ECO tote 8/5#        ","          ","          ","ROG     ",09/14/2018,"006753   ","001           ",105,"CS         ",105,"CS       ",0,0,2362.5,2362.5,0,0,0,0
"APPE103 ","Apple Jonamac ECO tote 8/5#        ","          ","          ","LYM     ",09/20/2018,"006774   ","002           ",105,"CS         ",105,"CS       ",0,0,2415,2415,0,0,0,0
"APPE103 ","Apple Jonamac ECO tote 8/5#        ","          ","          ","ROG     ",09/27/2018,"006817   ","001           ",210,"CS         ",210,"CS       ",0,0,4725,4725,0,0,0,0
"APPE103 ","Apple Jonamac ECO tote 8/5#        ","          ","          ","LYM     ",09/07/2018,"006707   ","001           ",11,"CS         ",0,"CS       ",0,-100,0,0,0,0,0,0
"APPE104 ","Apple Jonamac ECO 80s              ","          ","          ","LYM     ",09/21/2018,"006802   ","005           ",7,"CS         ",7,"CS       ",0,0,196,196,0,0,0,0
"APPE112 ","Apple Ginger Gold ECO 80/88s       ","          ","          ","LYM     ",09/07/2018,"006705   ","001           ",10,"CS         ",10,"CS       ",0,0,230,230,0,22.5,22.5,0
"APPE113 ","Apple Ginger Gold ECO tote 8/5#    ","          ","          ","LYM     ",09/06/2018,"006715   ","001           ",70,"CS         ",58,"CS       ",0,-17.14,1334,1334,0,0,0,0
"APPE113 ","Apple Ginger Gold ECO tote 8/5#    ","          ","          ","ROG     ",09/03/2018,"006678   ","002           ",105,"CS         ",105,"CS       ",0,0,2415,2415,0,0,0,0
"APPE119 ","Apple Ginger Gold ECO 72/80/88/100s","          ","          ","ROG     ",09/03/2018,"006678   ","001           ",126,"CS         ",126,"CS       ",0,0,3307.5,3307.5,0,0,0,0
"APPE129 ","Apple Cortland ECO 80/88/100s      ","          ","          ","LYM     ",09/26/2018,"006829   ","006           ",1,"CS         ",1,"CS       ",0,0,27,27,0,12.2,11.92,-2.3
"APPE129 ","Apple Cortland ECO 80/88/100s      ","          ","          ","BHO     ",09/28/2018,"006839   ","001           ",10,"CS         ",10,"CS       ",0,0,270,270,0,38.72,38.72,0
"APPE129 ","Apple Cortland ECO 80/88/100s      ","          ","          ","LYM     ",09/16/2018,"006777   ","001           ",168,"CS         ",140,"CS       ",0,-16.67,3990,3990,0,0,0,0
"APPE129 ","Apple Cortland ECO 80/88/100s      ","          ","          ","LYM     ",09/17/2018,"006779   ","002           ",19,"CS         ",19,"CS       ",0,0,513,513,0,218.25,218.25,0
"APPE129 ","Apple Cortland ECO 80/88/100s      ","          ","          ","LYM     ",09/21/2018,"006810   ","002           ",3,"CS         ",3,"CS       ",0,0,81,81,0,36.77,29.08,-20.91
"APPE129 ","Apple Cortland ECO 80/88/100s      ","          ","          ","ROG     ",09/28/2018,"006844   ","001           ",84,"CS         ",84,"CS       ",0,0,2394,2394,0,0,0,0
"APPE129 ","Apple Cortland ECO 80/88/100s      ","          ","          ","LYM     ",09/19/2018,"006801   ","003           ",2,"CS         ",2,"CS       ",0,0,56,56,0,0,0,0
"APPE129 ","Apple Cortland ECO 80/88/100s      ","          ","          ","LYM     ",09/19/2018,"006794   ","002           ",10,"CS         ",10,"CS       ",0,0,270,270,0,120.99,120.99,0
"APPE13  ","Apple McIntosh ECO tote 8/5#       ","          ","          ","BHO     ",09/20/2018,"006773   ","002           ",245,"CS         ",245,"CS       ",0,0,5635,5635,0,0,0,0
"APPE13  ","Apple McIntosh ECO tote 8/5#       ","          ","          ","CLA     ",09/24/2018,"006830   ","002           ",11,"CS         ",11,"CS       ",0,0,253,253,0,153.62,153.62,0
"APPE13  ","Apple McIntosh ECO tote 8/5#       ","          ","          ","LYM     ",09/09/2018,"006717   ","001           ",140,"CS         ",140,"CS       ",0,0,3220,3220,0,0,0,0
"APPE13  ","Apple McIntosh ECO tote 8/5#       ","          ","          ","KLK     ",09/10/2018,"006720   ","001           ",210,"CS         ",210,"CS       ",0,0,4725,4725,0,0,0,0
"APPE13  ","Apple McIntosh ECO tote 8/5#       ","          ","          ","CLA     ",09/28/2018,"006856   ","002           ",17,"CS         ",0,"CS       ",0,-100,0,0,0,0,0,0
"APPE13  ","Apple McIntosh ECO tote 8/5#       ","          ","          ","LYM     ",09/10/2018,"006730   ","001           ",18,"CS         ",18,"CS       ",0,0,414,414,0,233.92,233.92,0
"APPE13  ","Apple McIntosh ECO tote 8/5#       ","          ","          ","SUN     ",09/27/2018,"006843   ","002           ",70,"CS         ",70,"CS       ",0,0,1610,1610,0,0,0,0
"APPE13  ","Apple McIntosh ECO tote 8/5#       ","          ","          ","ROG     ",09/27/2018,"006817   ","002           ",140,"CS         ",140,"CS       ",0,0,3150,3150,0,0,0,0
"APPE13  ","Apple McIntosh ECO tote 8/5#       ","          ","          ","CLA     ",09/28/2018,"006851   ","002           ",9,"CS         ",9,"CS       ",0,0,207,207,0,36.93,25.16,-31.87
"APPE13  ","Apple McIntosh ECO tote 8/5#       ","          ","          ","LYM     ",09/12/2018,"006745   ","002           ",19,"CS         ",19,"CS       ",0,0,437,437,0,167.57,167.57,0
"APPE13  ","Apple McIntosh ECO tote 8/5#       ","          ","          ","LYM     ",09/21/2018,"006810   ","003           ",10,"CS         ",10,"CS       ",0,0,230,230,0,122.51,96.87,-20.93
"APPE13  ","Apple McIntosh ECO tote 8/5#       ","          ","          ","LYM     ",09/27/2018,"006816   ","004           ",70,"CS         ",70,"CS       ",0,0,1575,1575,0,0,0,0
"APPE13  ","Apple McIntosh ECO tote 8/5#       ","          ","          ","SUN     ",09/24/2018,"006772   ","001           ",350,"CS         ",350,"CS       ",0,0,7875,7875,0,0,0,0
"APPE13  ","Apple McIntosh ECO tote 8/5#       ","          ","          ","LYM     ",09/17/2018,"006779   ","003           ",39,"CS         ",39,"CS       ",0,0,897,897,0,447.99,447.99,0
"APPE13  ","Apple McIntosh ECO tote 8/5#       ","          ","          ","LYM     ",09/16/2018,"006777   ","003           ",35,"CS         ",35,"CS       ",0,0,805,805,0,0,0,0
"APPE13  ","Apple McIntosh ECO tote 8/5#       ","          ","          ","LYM     ",09/26/2018,"006829   ","003           ",2,"CS         ",2,"CS       ",0,0,46,46,0,24.39,23.83,-2.3
"APPE13  ","Apple McIntosh ECO tote 8/5#       ","          ","          ","LYM     ",09/14/2018,"006761   ","004           ",39,"CS         ",39,"CS       ",0,0,897,897,0,421.52,421.52,0
"APPE13  ","Apple McIntosh ECO tote 8/5#       ","          ","          ","CLA     ",09/26/2018,"006836   ","002           ",7,"CS         ",7,"CS       ",0,0,161,161,0,85.37,83.43,-2.27
"APPE13  ","Apple McIntosh ECO tote 8/5#       ","          ","          ","BHO     ",09/19/2018,"006795   ","005           ",20,"CS         ",20,"CS       ",0,0,460,460,0,241.99,241.99,0
"APPE13  ","Apple McIntosh ECO tote 8/5#       ","          ","          ","ROG     ",09/14/2018,"006753   ","003           ",105,"CS         ",105,"CS       ",0,0,2362.5,2362.5,0,0,0,0
"APPE13  ","Apple McIntosh ECO tote 8/5#       ","          ","          ","LYM     ",09/14/2018,"006752   ","003           ",70,"CS         ",70,"CS       ",0,0,1575,1575,0,0,0,0
"APPE131 ","Apple Empire ECO 88/100s           ","          ","          ","BHO     ",09/28/2018,"006839   ","005           ",15,"CS         ",15,"CS       ",0,0,360,360,0,58.07,58.07,0
"APPE137 ","Apple Jonamac  ECO 125/138s        ","          ","          ","LYM     ",09/05/2018,"006694   ","003           ",9,"CS         ",9,"CS       ",0,0,198,198,0,78.31,68.45,-12.59
"APPE137 ","Apple Jonamac  ECO 125/138s        ","          ","          ","LYM     ",09/21/2018,"006810   ","004           ",1,"CS         ",1,"CS       ",0,0,23,23,0,12.26,9.7,-20.88
"APPE137 ","Apple Jonamac  ECO 125/138s        ","          ","          ","LYM     ",09/12/2018,"006745   ","001           ",4,"CS         ",4,"CS       ",0,0,92,92,0,35.28,35.28,0
"APPE137 ","Apple Jonamac  ECO 125/138s        ","          ","          ","LYM     ",09/19/2018,"006801   ","002           ",1,"CS         ",1,"CS       ",0,0,28,28,0,0,0,0
"APPE137 ","Apple Jonamac  ECO 125/138s        ","          ","          ","LYM     ",09/07/2018,"006705   ","005           ",15,"CS         ",15,"CS       ",0,0,330,330,0,33.75,33.75,0
"APPE137 ","Apple Jonamac  ECO 125/138s        ","          ","          ","LYM     ",09/19/2018,"006794   ","011           ",3,"CS         ",3,"CS       ",0,0,66,66,0,36.3,36.3,0
"APPE138 ","Apple Gala ECO 125/138s            ","          ","          ","BHO     ",09/12/2018,"006744   ","001           ",9,"CS         ",9,"CS       ",0,0,207,207,0,79.38,79.38,0
"APPE138 ","Apple Gala ECO 125/138s            ","          ","          ","BHO     ",09/19/2018,"006795   ","001           ",5,"CS         ",5,"CS       ",0,0,115,115,0,60.49,60.49,0
"APPE138 ","Apple Gala ECO 125/138s            ","          ","          ","BHO     ",09/05/2018,"006688   ","001           ",10,"CS         ",10,"CS       ",0,0,230,230,0,87.01,76.06,-12.58
"APPE138 ","Apple Gala ECO 125/138s            ","          ","          ","CLA     ",09/28/2018,"006856   ","003           ",2,"CS         ",0,"CS       ",0,-100,0,0,0,0,0,0
"APPE145 ","Apple Gala ECO 125s                ","          ","          ","LYM     ",09/19/2018,"006801   ","004           ",2,"CS         ",2,"CS       ",0,0,56,56,0,0,0,0
"APPE15  ","Apple McIntosh ECO 100s            ","          ","          ","LYM     ",09/19/2018,"006801   ","001           ",2,"CS         ",2,"CS       ",0,0,56,56,0,0,0,0
"APPE273 ","Apple McIntosh ECO 138s            ","          ","          ","LYM     ",09/21/2018,"006810   ","005           ",1,"CS         ",1,"CS       ",0,0,23,23,0,12.26,9.7,-20.88
"APPE273 ","Apple McIntosh ECO 138s            ","          ","          ","CLA     ",09/28/2018,"006856   ","004           ",3,"CS         ",0,"CS       ",0,-100,0,0,0,0,0,0
"APPE273 ","Apple McIntosh ECO 138s            ","          ","          ","LYM     ",09/12/2018,"006745   ","003           ",9,"CS         ",9,"CS       ",0,0,207,207,0,79.38,79.38,0
"APPE32  ","Apple McIntosh ECO 80/88/100s      ","          ","          ","ROG     ",09/07/2018,"006721   ","002           ",105,"CS         ",105,"CS       ",0,0,3360,3360,0,0,0,0
"APPE32  ","Apple McIntosh ECO 80/88/100s      ","          ","          ","ROG     ",09/14/2018,"006753   ","002           ",126,"CS         ",126,"CS       ",0,0,4032,4032,0,0,0,0
"APPE32  ","Apple McIntosh ECO 80/88/100s      ","          ","          ","SUN     ",09/27/2018,"006843   ","001           ",84,"CS         ",84,"CS       ",0,0,2646,2646,0,0,0,0
"APPE32  ","Apple McIntosh ECO 80/88/100s      ","          ","          ","LYM     ",09/16/2018,"006777   ","002           ",84,"CS         ",84,"CS       ",0,0,2394,2394,0,0,0,0
"APPE32  ","Apple McIntosh ECO 80/88/100s      ","          ","          ","LYM     ",09/21/2018,"006802   ","003           ",7,"CS         ",7,"CS       ",0,0,196,196,0,0,0,0
"APPE33  ","Apple Gala ECO tote 8/5#           ","          ","          ","LYM     ",09/10/2018,"006730   ","002           ",11,"CS         ",11,"CS       ",0,0,264,264,0,142.96,142.96,0
"APPE33  ","Apple Gala ECO tote 8/5#           ","          ","          ","LYM     ",09/03/2018,"006677   ","001           ",140,"CS         ",140,"CS       ",0,0,3360,3360,0,0,0,0
"APPE33  ","Apple Gala ECO tote 8/5#           ","          ","          ","BHO     ",09/10/2018,"006718   ","001           ",210,"CS         ",210,"CS       ",0,0,4830,4830,0,0,0,0
"APPE33  ","Apple Gala ECO tote 8/5#           ","          ","          ","LYM     ",09/21/2018,"006810   ","006           ",7,"CS         ",7,"CS       ",0,0,168,168,0,85.77,67.82,-20.93
"APPE33  ","Apple Gala ECO tote 8/5#           ","          ","          ","BHO     ",09/05/2018,"006688   ","002           ",27,"CS         ",27,"CS       ",0,0,648,648,0,234.93,205.34,-12.6
"APPE33  ","Apple Gala ECO tote 8/5#           ","          ","          ","BHO     ",09/06/2018,"006714   ","001           ",105,"CS         ",105,"CS       ",0,0,2520,2520,0,0,0,0
"APPE33  ","Apple Gala ECO tote 8/5#           ","          ","          ","LYM     ",09/26/2018,"006829   ","004           ",2,"CS         ",2,"CS       ",0,0,48,48,0,24.39,23.83,-2.3
"APPE33  ","Apple Gala ECO tote 8/5#           ","          ","          ","BHO     ",09/20/2018,"006773   ","001           ",210,"CS         ",210,"CS       ",0,0,5040,5040,0,0,0,0
"APPE33  ","Apple Gala ECO tote 8/5#           ","          ","          ","LYM     ",09/28/2018,"006845   ","002           ",70,"CS         ",90,"CS       ",0,28.57,2160,2160,0,0,0,0
"APPE33  ","Apple Gala ECO tote 8/5#           ","          ","          ","BHO     ",09/14/2018,"006751   ","001           ",140,"CS         ",140,"CS       ",0,0,3220,3220,0,0,0,0
"APPE33  ","Apple Gala ECO tote 8/5#           ","          ","          ","LYM     ",09/27/2018,"006816   ","002           ",175,"CS         ",175,"CS       ",0,0,4025,4025,0,0,0,0
"APPE33  ","Apple Gala ECO tote 8/5#           ","          ","          ","BHO     ",09/12/2018,"006744   ","002           ",13,"CS         ",13,"CS       ",0,0,312,312,0,114.65,114.65,0
"APPE33  ","Apple Gala ECO tote 8/5#           ","          ","          ","BHO     ",09/07/2018,"006708   ","001           ",17,"CS         ",17,"CS       ",0,0,408,408,0,98.28,98.28,0
"APPE33  ","Apple Gala ECO tote 8/5#           ","          ","          ","LYM     ",09/17/2018,"006779   ","004           ",17,"CS         ",17,"CS       ",0,0,408,408,0,195.27,195.27,0
"APPE33  ","Apple Gala ECO tote 8/5#           ","          ","          ","BHO     ",09/16/2018,"006776   ","001           ",210,"CS         ",175,"CS       ",0,-16.67,4200,4200,0,0,0,0
"APPE33  ","Apple Gala ECO tote 8/5#           ","          ","          ","BHO     ",09/24/2018,"006771   ","001           ",350,"CS         ",350,"CS       ",0,0,8050,8050,0,0,0,0
"APPE33  ","Apple Gala ECO tote 8/5#           ","          ","          ","BHO     ",09/19/2018,"006795   ","002           ",11,"CS         ",11,"CS       ",0,0,264,264,0,133.1,133.1,0
"APPE33  ","Apple Gala ECO tote 8/5#           ","          ","          ","LYM     ",09/14/2018,"006761   ","005           ",27,"CS         ",27,"CS       ",0,0,648,648,0,291.81,291.81,0
"APPE40  ","Apple Honeycrisp ECO 72/80/88s     ","          ","          ","ROG     ",09/21/2018,"006815   ","001           ",210,"CS         ",210,"CS       ",0,0,15750,15750,0,0,0,0
"APPE40  ","Apple Honeycrisp ECO 72/80/88s     ","          ","          ","LYM     ",09/26/2018,"006829   ","005           ",3,"CS         ",3,"CS       ",0,0,180,180,0,36.59,35.76,-2.27
"APPE40  ","Apple Honeycrisp ECO 72/80/88s     ","          ","          ","ROG     ",09/28/2018,"006844   ","002           ",294,"CS         ",294,"CS       ",0,0,22050,22050,0,0,0,0
"APPE41  ","Apple Honeycrisp ECO tote 10/4#    ","TJ        ","          ","RHO     ",09/27/2018,"006846   ","001           ",350,"CS         ",350,"CS       ",0,0,12775,12775,0,250,250,0
"APPE56  ","Apple Zestar ECO 72/80/88s         ","          ","          ","KLK     ",09/10/2018,"006720   ","002           ",168,"CS         ",168,"CS       ",0,0,5880,5880,0,0,0,0
"APPE57  ","Apple Gala ECO 72/80/88s           ","ECO       ","          ","BHO     ",09/19/2018,"006795   ","003           ",5,"CS         ",5,"CS       ",200,0,145,145,0,60.49,60.49,0
"APPE57  ","Apple Gala ECO 72/80/88s           ","ECO       ","          ","LYM     ",09/28/2018,"006845   ","001           ",70,"CS         ",70,"CS       ",2800,0,2030,2030,0,0,0,0
"APPE57  ","Apple Gala ECO 72/80/88s           ","ECO       ","          ","LYM     ",09/21/2018,"006810   ","007           ",2,"CS         ",2,"CS       ",80,0,58,58,0,24.51,19.38,-20.93
"APPE57  ","Apple Gala ECO 72/80/88s           ","ECO       ","          ","BHO     ",09/12/2018,"006744   ","003           ",7,"CS         ",7,"CS       ",280,0,203,203,0,61.75,61.75,0
"APPE57  ","Apple Gala ECO 72/80/88s           ","ECO       ","          ","LYM     ",09/10/2018,"006730   ","003           ",8,"CS         ",8,"CS       ",320,0,232,232,0,103.97,103.97,0
"APPE57  ","Apple Gala ECO 72/80/88s           ","ECO       ","          ","LYM     ",09/21/2018,"006802   ","004           ",7,"CS         ",7,"CS       ",280,0,196,196,0,0,0,0
"APPE57  ","Apple Gala ECO 72/80/88s           ","ECO       ","          ","BHO     ",09/10/2018,"006718   ","002           ",126,"CS         ",126,"CS       ",5040,0,3654,3654,0,0,0,0
"APPE57  ","Apple Gala ECO 72/80/88s           ","ECO       ","          ","BHO     ",09/16/2018,"006775   ","001           ",84,"CS         ",84,"CS       ",3360,0,2436,2436,0,0,0,0
"APPE57  ","Apple Gala ECO 72/80/88s           ","ECO       ","          ","LYM     ",09/26/2018,"006829   ","007           ",1,"CS         ",1,"CS       ",40,0,29,29,0,12.2,11.92,-2.3
"APPE57  ","Apple Gala ECO 72/80/88s           ","ECO       ","          ","LYM     ",09/17/2018,"006779   ","005           ",4,"CS         ",4,"CS       ",160,0,116,116,0,45.94,45.94,0
"APPE57  ","Apple Gala ECO 72/80/88s           ","ECO       ","          ","BHO     ",09/14/2018,"006764   ","002           ",23,"CS         ",23,"CS       ",920,0,667,667,0,275.59,275.59,0
"APPE57  ","Apple Gala ECO 72/80/88s           ","ECO       ","          ","BHO     ",09/07/2018,"006708   ","002           ",4,"CS         ",4,"CS       ",160,0,116,116,0,23.12,23.12,0
"APPE63  ","Apple Paula Red ECO tote 8/5#      ","          ","          ","SUN     ",09/14/2018,"006754   ","001           ",175,"CS         ",175,"CS       ",0,0,4025,4025,0,0,0,0
"APPE63  ","Apple Paula Red ECO tote 8/5#      ","          ","          ","SUN     ",09/02/2018,"006676   ","001           ",105,"CS         ",105,"CS       ",0,0,2415,2415,0,0,0,0
"APPE63  ","Apple Paula Red ECO tote 8/5#      ","          ","          ","SUN     ",09/09/2018,"006716   ","001           ",105,"CS         ",105,"CS       ",0,0,2415,2415,0,0,0,0
"APPE7   ","Apple Macoun ECO 80/88/100s        ","          ","          ","LYM     ",09/28/2018,"006845   ","003           ",126,"CS         ",126,"CS       ",0,0,4284,4284,0,0,0,0
"APPE7   ","Apple Macoun ECO 80/88/100s        ","          ","          ","LYM     ",09/21/2018,"006803   ","002           ",7,"CS         ",7,"CS       ",0,0,238,238,0,15.75,15.75,0
"APPE73  ","Apple Macoun ECO tote 8/5#         ","          ","          ","LYM     ",09/20/2018,"006774   ","003           ",140,"CS         ",140,"CS       ",0,0,3500,3500,0,0,0,0
"APPE73  ","Apple Macoun ECO tote 8/5#         ","          ","          ","LYM     ",09/28/2018,"006845   ","004           ",105,"CS         ",105,"CS       ",0,0,2730,2730,0,0,0,0
"APPE73  ","Apple Macoun ECO tote 8/5#         ","          ","          ","LYM     ",09/27/2018,"006816   ","003           ",175,"CS         ",175,"CS       ",0,0,4375,4375,0,0,0,0
"APPE73  ","Apple Macoun ECO tote 8/5#         ","          ","          ","LYM     ",09/26/2018,"006829   ","002           ",2,"CS         ",2,"CS       ",0,0,52,52,0,24.39,23.83,-2.3
"APPE79  ","Apple Macoun ECO 125s              ","          ","          ","CLA     ",09/28/2018,"006856   ","005           ",2,"CS         ",0,"CS       ",0,-100,0,0,0,0,0,0
"APPE83  ","Apple Cortland ECO tote 8/5#       ","          ","          ","LYM     ",09/20/2018,"006774   ","001           ",140,"CS         ",140,"CS       ",0,0,3220,3220,0,0,0,0
"APPE83  ","Apple Cortland ECO tote 8/5#       ","          ","          ","LYM     ",09/21/2018,"006810   ","008           ",12,"CS         ",12,"CS       ",0,0,276,276,0,147.02,116.24,-20.94
"APPE83  ","Apple Cortland ECO tote 8/5#       ","          ","          ","LYM     ",09/14/2018,"006752   ","001           ",140,"CS         ",140,"CS       ",0,0,3150,3150,0,0,0,0
"APPE83  ","Apple Cortland ECO tote 8/5#       ","          ","          ","LYM     ",09/17/2018,"006779   ","006           ",38,"CS         ",38,"CS       ",0,0,874,874,0,436.5,436.5,0
"APPE83  ","Apple Cortland ECO tote 8/5#       ","          ","          ","LYM     ",09/26/2018,"006829   ","001           ",2,"CS         ",1,"CS       ",0,-50,23,23,0,21.13,20.57,-2.65
"APPE83  ","Apple Cortland ECO tote 8/5#       ","          ","          ","LYM     ",09/19/2018,"006794   ","005           ",21,"CS         ",21,"CS       ",0,0,483,483,0,254.1,254.1,0
"APPE83  ","Apple Cortland ECO tote 8/5#       ","          ","          ","LYM     ",09/27/2018,"006816   ","001           ",105,"CS         ",105,"CS       ",0,0,2362.5,2362.5,0,0,0,0
"APPE84  ","Apple Cortland ECO 80s             ","          ","          ","LYM     ",09/14/2018,"006758   ","001           ",18,"CS         ",18,"CS       ",0,0,513,513,0,40.5,40.5,0
"APPE911 ","Apple Hrlm Claygate Pearmain ECO   ","          ","1/2BU     ","SCT     ",09/21/2018,"006805   ","001           ",1,"CS         ",1,"CS       ",0,0,36,36,0,12.26,9.7,-20.88
"APPE912 ","Apple Hrlm Cox's Orange Pippin ECO ","          ","1/2BU     ","SCT     ",09/28/2018,"006841   ","003           ",2,"CS         ",2,"CS       ",0,0,73,73,0,8.23,5.6,-31.96
"APPE919 ","Apple Hrlm Holstein ECO 1/2bu      ","          ","          ","SCT     ",09/28/2018,"006841   ","005           ",1,"CS         ",1,"CS       ",0,0,36.5,36.5,0,4.11,2.8,-31.87
"APPE919 ","Apple Hrlm Holstein ECO 1/2bu      ","          ","          ","SCT     ",09/21/2018,"006805   ","002           ",2,"CS         ",2,"CS       ",0,0,72,72,0,24.51,19.38,-20.93
"APPE919 ","Apple Hrlm Holstein ECO 1/2bu      ","          ","          ","SCT     ",09/21/2018,"006804   ","002           ",12,"CS         ",12,"CS       ",0,0,432,432,0,27,27,0
"APPE920 ","Apple Hrlm Hubbardston Nonesuch ECO","          ","          ","SCT     ",09/21/2018,"006805   ","003           ",2,"CS         ",1,"CS       ",0,-50,36,36,0,21.56,16.43,-23.79
"APPE920 ","Apple Hrlm Hubbardston Nonesuch ECO","          ","          ","SCT     ",09/14/2018,"006757   ","001           ",12,"CS         ",12,"CS       ",0,0,432,432,0,27,27,0
"APPE925 ","Apple Hrlm Lamb Abbey Pearmain ECO ","          ","1/2BU     ","SCT     ",09/21/2018,"006805   ","004           ",2,"CS         ",2,"CS       ",0,0,72,72,0,24.51,19.38,-20.93
"APPE925 ","Apple Hrlm Lamb Abbey Pearmain ECO ","          ","1/2BU     ","SCT     ",09/07/2018,"006706   ","001           ",15,"CS         ",15,"CS       ",0,0,540,540,0,33.75,33.75,0
"APPE931 ","Apple Hrlm Reine des Reinettes ECO ","          ","1/2BU     ","SCT     ",09/28/2018,"006841   ","001           ",14,"CS         ",14,"CS       ",0,0,511,511,0,57.48,39.15,-31.89
"APPE947 ","Apple Hrlm Ribston Pippin ECO 1/2bu","          ","          ","SCT     ",09/21/2018,"006805   ","005           ",2,"CS         ",2,"CS       ",0,0,72,72,0,24.51,19.38,-20.93
"APPE958 ","Apple Hrlm Opalescent ECO          ","          ","          ","SCT     ",09/28/2018,"006841   ","004           ",1,"CS         ",1,"CS       ",0,0,36.5,36.5,0,4.11,2.8,-31.87
"APPE958 ","Apple Hrlm Opalescent ECO          ","          ","          ","SCT     ",09/21/2018,"006805   ","006           ",2,"CS         ",2,"CS       ",0,0,72,72,0,24.51,19.38,-20.93
"APPE97  ","Apple Hrlm Black Gilliflower ECO   ","          ","1/2BU     ","SCT     ",09/28/2018,"006841   ","002           ",1,"CS         ",1,"CS       ",0,0,36.5,36.5,0,4.11,2.8,-31.87
"BEE12   ","Beet Red diced bag 4/5#            ","          ","          ","HPR     ",09/21/2018,"006814   ","003           ",1,"CS         ",1,"CS       ",0,0,38.2,0,-100,12.25,9.69,-20.9
"BEE2    ","Beet Red Cut bag 25#               ","          ","          ","TWO     ",09/21/2018,"006811   ","001           ",1,"CS         ",1,"CS       ",0,0,15,15,0,12.26,9.7,-20.88
"BEE2    ","Beet Red Cut bag 25#               ","          ","          ","TWO     ",09/18/2018,"006788   ","001           ",15,"CS         ",15,"CS       ",0,0,180,180,0,0,0,0
"BEE2    ","Beet Red Cut bag 25#               ","          ","          ","PLV     ",09/05/2018,"006695   ","001           ",2,"CS         ",0,"CS       ",0,-100,0,0,0,0,0,0
"BEE2    ","Beet Red Cut bag 25#               ","          ","          ","TWO     ",09/12/2018,"006750   ","004           ",1,"CS         ",1,"CS       ",0,0,15,15,0,8.83,8.83,0
"BEE2    ","Beet Red Cut bag 25#               ","          ","          ","TWO     ",09/19/2018,"006789   ","001           ",2,"CS         ",2,"CS       ",0,0,30,30,0,24.19,24.19,0
"BEE2    ","Beet Red Cut bag 25#               ","          ","          ","TWO     ",09/04/2018,"006673   ","001           ",20,"CS         ",20,"CS       ",0,0,240,240,0,0,0,0
"CAB1    ","Cabbage Green 12-18s 50#           ","          ","          ","TWO     ",09/27/2018,"006855   ","001           ",25,"CS         ",25,"CS       ",0,0,325,325,0,0,0,0
"CAB1    ","Cabbage Green 12-18s 50#           ","          ","          ","TWO     ",09/21/2018,"006811   ","002           ",9,"CS         ",9,"CS       ",0,0,117,117,0,110.29,87.21,-20.93
"CAB1    ","Cabbage Green 12-18s 50#           ","          ","          ","TWO     ",09/28/2018,"006849   ","001           ",2,"CS         ",2,"CS       ",0,0,26,26,0,8.23,5.6,-31.96
"CAB1    ","Cabbage Green 12-18s 50#           ","          ","          ","PLV     ",09/05/2018,"006695   ","002           ",5,"CS         ",5,"CS       ",0,0,65,65,0,43.51,38.03,-12.59
"CAB1    ","Cabbage Green 12-18s 50#           ","          ","          ","TWO     ",09/19/2018,"006789   ","002           ",8,"CS         ",8,"CS       ",0,0,104,104,0,96.79,96.79,0
"CAB1    ","Cabbage Green 12-18s 50#           ","          ","          ","TWO     ",09/04/2018,"006673   ","002           ",50,"CS         ",50,"CS       ",0,0,650,650,0,0,0,0
"CAB1    ","Cabbage Green 12-18s 50#           ","          ","          ","TWO     ",09/26/2018,"006835   ","001           ",5,"CS         ",5,"CS       ",0,0,65,65,0,60.99,59.6,-2.28
"CAB1    ","Cabbage Green 12-18s 50#           ","          ","          ","PLV     ",09/17/2018,"006780   ","001           ",2,"CS         ",0,"CS       ",0,-100,0,0,0,0,0,0
"CAB1    ","Cabbage Green 12-18s 50#           ","          ","          ","TWO     ",09/12/2018,"006750   ","001           ",7,"CS         ",7,"CS       ",0,0,91,91,0,61.75,61.75,0
"CAB1    ","Cabbage Green 12-18s 50#           ","          ","          ","TWO     ",09/14/2018,"006762   ","001           ",10,"CS         ",10,"CS       ",0,0,130,130,0,108.09,108.09,0
"CAB1    ","Cabbage Green 12-18s 50#           ","          ","          ","TWO     ",09/10/2018,"006728   ","001           ",12,"CS         ",12,"CS       ",0,0,156,156,0,155.95,155.95,0
"CAB1    ","Cabbage Green 12-18s 50#           ","          ","          ","TWO     ",09/24/2018,"006833   ","001           ",8,"CS         ",8,"CS       ",0,0,104,104,0,111.73,111.73,0
"CAB1    ","Cabbage Green 12-18s 50#           ","          ","          ","TWO     ",09/18/2018,"006788   ","002           ",25,"CS         ",25,"CS       ",0,0,325,325,0,0,0,0
"CAB1    ","Cabbage Green 12-18s 50#           ","          ","          ","TWO     ",09/07/2018,"006709   ","002           ",10,"CS         ",10,"CS       ",0,0,130,130,0,57.8,57.8,0
"CAB10   ","Cabbage Red Shredded 4/5 #         ","          ","          ","HPR     ",09/19/2018,"006790   ","002           ",1,"CS         ",1,"CS       ",0,0,25.4,0,-100,12.09,12.09,0
"CAB10   ","Cabbage Red Shredded 4/5 #         ","          ","          ","HPR     ",09/28/2018,"006850   ","001           ",1,"CS         ",1,"CS       ",0,0,24.5,0,-100,4.11,2.8,-31.87
"CAB2    ","Cabbage Red 12-18s 50#             ","          ","          ","TWO     ",09/14/2018,"006762   ","002           ",2,"CS         ",2,"CS       ",0,0,30,30,0,21.61,21.61,0
"CAB2    ","Cabbage Red 12-18s 50#             ","          ","          ","TWO     ",09/21/2018,"006811   ","003           ",2,"CS         ",2,"CS       ",0,0,30,30,0,24.51,19.38,-20.93
"CAB2    ","Cabbage Red 12-18s 50#             ","          ","          ","TWO     ",09/19/2018,"006789   ","003           ",1,"CS         ",1,"CS       ",0,0,15,15,0,12.09,12.09,0
"CAB2    ","Cabbage Red 12-18s 50#             ","          ","          ","TWO     ",09/28/2018,"006849   ","002           ",2,"CS         ",2,"CS       ",0,0,30,30,0,8.23,5.6,-31.96
"CAB9    ","Cabbage Green Shredded 4/5#        ","          ","          ","HPR     ",09/19/2018,"006790   ","003           ",1,"CS         ",1,"CS       ",0,0,25.4,0,-100,12.09,12.09,0
"CID1    ","Cider Apple 4x1gal                 ","          ","          ","HPR     ",09/21/2018,"006814   ","001           ",2,"CS         ",2,"CS       ",0,0,31.5,0,-100,24.51,19.38,-20.93
"CID1    ","Cider Apple 4x1gal                 ","          ","          ","HPR     ",09/19/2018,"006790   ","001           ",3,"CS         ",3,"CS       ",0,0,47.25,0,-100,36.3,36.3,0
"CID3    ","Cider Apple 15ct pint              ","          ","          ","LYM     ",09/21/2018,"006802   ","002           ",20,"CS         ",20,"CS       ",0,0,345,345,0,0,0,0
"COR3    ","Corn Sweet bag 60s                 ","          ","          ","PLV     ",09/21/2018,"006813   ","010           ",1,"CS         ",1,"CS       ",0,0,14,14,0,12.26,9.7,-20.88
"COR3    ","Corn Sweet bag 60s                 ","          ","          ","CIE     ",09/12/2018,"006747   ","001           ",11,"CS         ",11,"CS       ",0,0,154,154,0,97.02,97.02,0
"COR3    ","Corn Sweet bag 60s                 ","          ","          ","DVD     ",09/17/2018,"006783   ","002           ",4,"CS         ",4,"CS       ",0,0,60,60,0,45.94,45.94,0
"COR3    ","Corn Sweet bag 60s                 ","          ","          ","CIE     ",09/04/2018,"006671   ","001           ",30,"CS         ",30,"CS       ",0,0,420,420,0,0,0,0
"COR3    ","Corn Sweet bag 60s                 ","          ","          ","CIE     ",09/05/2018,"006691   ","001           ",11,"CS         ",11,"CS       ",0,0,154,154,0,95.71,83.66,-12.59
"COR3    ","Corn Sweet bag 60s                 ","          ","          ","CIE     ",09/07/2018,"006713   ","001           ",7,"CS         ",0,"CS       ",0,-100,0,0,0,0,0,0
"COR8    ","Corn Indian bunch 20s bag          ","          ","          ","TWO     ",09/24/2018,"006833   ","003           ",2,"BG         ",2,"BG       ",0,0,65,65,0,27.93,27.93,0
"COR8    ","Corn Indian bunch 20s bag          ","          ","          ","TWO     ",09/26/2018,"006835   ","002           ",3,"BG         ",3,"BG       ",0,0,97.5,97.5,0,36.59,35.76,-2.27
"COR8    ","Corn Indian bunch 20s bag          ","          ","          ","TWO     ",09/21/2018,"006811   ","004           ",11,"BG         ",11,"BG       ",0,0,357.5,357.5,0,134.79,106.57,-20.94
"COR8    ","Corn Indian bunch 20s bag          ","          ","          ","TWO     ",09/28/2018,"006849   ","003           ",2,"BG         ",2,"BG       ",0,0,65,65,0,8.23,5.6,-31.96
"COR9    ","Corn Sweet Shucked 24ct            ","          ","          ","HPR     ",09/21/2018,"006814   ","002           ",2,"CS         ",2,"CS       ",0,0,48.96,0,-100,24.5,19.37,-20.94
"EGG16   ","Eggplant Classic 1-1/9bu           ","          ","          ","TWO     ",09/19/2018,"006789   ","004           ",3,"CS         ",3,"CS       ",0,0,45,45,0,36.3,36.3,0
"EGG16   ","Eggplant Classic 1-1/9bu           ","          ","          ","TWO     ",09/05/2018,"006696   ","001           ",5,"CS         ",5,"CS       ",0,0,75,75,0,43.51,38.03,-12.59
"EGG16   ","Eggplant Classic 1-1/9bu           ","          ","          ","TWO     ",09/10/2018,"006728   ","002           ",3,"CS         ",3,"CS       ",0,0,45,45,0,38.99,38.99,0
"EGG16   ","Eggplant Classic 1-1/9bu           ","          ","          ","TWO     ",09/07/2018,"006709   ","001           ",4,"CS         ",4,"CS       ",0,0,60,60,0,23.12,23.12,0
"EGG16   ","Eggplant Classic 1-1/9bu           ","          ","          ","TWO     ",09/12/2018,"006750   ","002           ",5,"CS         ",5,"CS       ",0,0,75,75,0,44.11,44.11,0
"EGG16   ","Eggplant Classic 1-1/9bu           ","          ","          ","TWO     ",09/17/2018,"006781   ","002           ",4,"CS         ",4,"CS       ",0,0,60,60,0,45.94,45.94,0
"EGG16   ","Eggplant Classic 1-1/9bu           ","          ","          ","TWO     ",09/14/2018,"006762   ","003           ",4,"CS         ",4,"CS       ",0,0,60,60,0,43.24,43.24,0
"EGG16   ","Eggplant Classic 1-1/9bu           ","          ","          ","TWO     ",09/24/2018,"006833   ","002           ",1,"CS         ",1,"CS       ",0,0,15,15,0,13.97,13.97,0
"EGG16   ","Eggplant Classic 1-1/9bu           ","          ","          ","TWO     ",09/21/2018,"006811   ","005           ",2,"CS         ",2,"CS       ",0,0,30,30,0,24.51,19.38,-20.93
"GRA20   ","Grape Vanessa 16/12oz pouch        ","          ","          ","CLA     ",09/28/2018,"006842   ","002           ",20,"CS         ",20,"CS       ",0,0,720,720,0,0,0,0
"GRA22   ","Grape Jupiter 16/12oz pouch        ","          ","          ","CLA     ",09/20/2018,"006807   ","001           ",50,"CS         ",50,"CS       ",0,0,1800,1800,0,0,0,0
"GRA22   ","Grape Jupiter 16/12oz pouch        ","          ","          ","CLA     ",09/28/2018,"006842   ","001           ",50,"CS         ",50,"CS       ",0,0,1800,1800,0,0,0,0
"GRA26   ","Grape Jupiter 1/2bu                ","          ","          ","CLA     ",09/28/2018,"006840   ","001           ",5,"CS         ",5,"CS       ",0,0,200,200,0,11.25,11.25,0
"LEE1    ","Leek bunch 12s                     ","          ","          ","TWO     ",09/17/2018,"006781   ","001           ",1,"CS         ",1,"CS       ",0,0,18,18,0,11.48,11.48,0
"LEE1    ","Leek bunch 12s                     ","          ","          ","TWO     ",09/26/2018,"006835   ","003           ",2,"CS         ",2,"CS       ",0,0,36,36,0,24.39,23.83,-2.3
"LEE1    ","Leek bunch 12s                     ","          ","          ","TWO     ",09/28/2018,"006849   ","004           ",2,"CS         ",2,"CS       ",0,0,36,36,0,8.23,5.6,-31.96
"LEE1    ","Leek bunch 12s                     ","          ","          ","TWO     ",09/21/2018,"006811   ","006           ",1,"CS         ",1,"CS       ",0,0,18,18,0,12.26,9.7,-20.88
"LEE1    ","Leek bunch 12s                     ","          ","          ","TWO     ",09/19/2018,"006789   ","005           ",3,"CS         ",3,"CS       ",0,0,54,54,0,36.3,36.3,0
"LEE1    ","Leek bunch 12s                     ","          ","          ","TWO     ",09/05/2018,"006696   ","002           ",2,"CS         ",2,"CS       ",0,0,36,36,0,17.39,15.21,-12.54
"MICO1   ","Micro Arugula OG clam 3oz          ","          ","          ","2FF     ",09/13/2018,"006755   ","001           ",38,"EA         ",38,"EA       ",0,0,209,209,0,0,0,0
"MICO1   ","Micro Arugula OG clam 3oz          ","          ","          ","2FF     ",09/27/2018,"006838   ","001           ",39,"EA         ",39,"EA       ",0,0,214.5,214.5,0,0,0,0
"MICO1   ","Micro Arugula OG clam 3oz          ","          ","          ","2FF     ",09/06/2018,"006703   ","001           ",37,"EA         ",37,"EA       ",0,0,203.5,203.5,0,0,0,0
"MICO1   ","Micro Arugula OG clam 3oz          ","          ","          ","2FF     ",09/20/2018,"006798   ","001           ",41,"EA         ",41,"EA       ",0,0,225.5,225.5,0,0,0,0
"MICO12  ","Microgreen Rainbow Mix OG clam 3oz ","          ","          ","2FF     ",09/20/2018,"006798   ","006           ",43,"EA         ",43,"EA       ",0,0,212.85,212.85,0,0,0,0
"MICO12  ","Microgreen Rainbow Mix OG clam 3oz ","          ","          ","2FF     ",09/13/2018,"006755   ","006           ",38,"EA         ",38,"EA       ",0,0,188.1,188.1,0,0,0,0
"MICO12  ","Microgreen Rainbow Mix OG clam 3oz ","          ","          ","2FF     ",09/27/2018,"006838   ","006           ",38,"EA         ",38,"EA       ",0,0,188.1,188.1,0,0,0,0
"MICO12  ","Microgreen Rainbow Mix OG clam 3oz ","          ","          ","2FF     ",09/06/2018,"006703   ","006           ",35,"EA         ",35,"EA       ",0,0,173.25,173.25,0,0,0,0
"MICO13  ","Microgreen Sweet/Spicy OG clam 3oz ","          ","          ","2FF     ",09/27/2018,"006838   ","008           ",41,"EA         ",41,"EA       ",0,0,202.95,202.95,0,0,0,0
"MICO13  ","Microgreen Sweet/Spicy OG clam 3oz ","          ","          ","2FF     ",09/13/2018,"006755   ","008           ",40,"EA         ",40,"EA       ",0,0,198,198,0,0,0,0
"MICO13  ","Microgreen Sweet/Spicy OG clam 3oz ","          ","          ","2FF     ",09/20/2018,"006798   ","008           ",43,"EA         ",43,"EA       ",0,0,212.85,212.85,0,0,0,0
"MICO13  ","Microgreen Sweet/Spicy OG clam 3oz ","          ","          ","2FF     ",09/06/2018,"006703   ","008           ",36,"EA         ",36,"EA       ",0,0,178.2,178.2,0,0,0,0
"MICO14  ","Microgreen Super Salad OG clam 4oz ","          ","          ","2FF     ",09/06/2018,"006703   ","007           ",37,"EA         ",37,"EA       ",0,0,185,185,0,0,0,0
"MICO14  ","Microgreen Super Salad OG clam 4oz ","          ","          ","2FF     ",09/20/2018,"006798   ","007           ",45,"EA         ",45,"EA       ",0,0,225,225,0,0,0,0
"MICO14  ","Microgreen Super Salad OG clam 4oz ","          ","          ","2FF     ",09/27/2018,"006838   ","007           ",38,"EA         ",38,"EA       ",0,0,190,190,0,0,0,0
"MICO14  ","Microgreen Super Salad OG clam 4oz ","          ","          ","2FF     ",09/13/2018,"006755   ","007           ",41,"EA         ",41,"EA       ",0,0,205,205,0,0,0,0
"MICO15  ","Microgreen CleanseSalad OG clam 4oz","          ","          ","2FF     ",09/13/2018,"006755   ","005           ",41,"EA         ",41,"EA       ",0,0,205,205,0,0,0,0
"MICO15  ","Microgreen CleanseSalad OG clam 4oz","          ","          ","2FF     ",09/06/2018,"006703   ","005           ",40,"EA         ",40,"EA       ",0,0,200,200,0,0,0,0
"MICO15  ","Microgreen CleanseSalad OG clam 4oz","          ","          ","2FF     ",09/20/2018,"006798   ","005           ",44,"EA         ",44,"EA       ",0,0,220,220,0,0,0,0
"MICO15  ","Microgreen CleanseSalad OG clam 4oz","          ","          ","2FF     ",09/27/2018,"006838   ","005           ",39,"EA         ",39,"EA       ",0,0,195,195,0,0,0,0
"MICO19  ","Micro Broccoli OG clam 3oz         ","          ","          ","2FF     ",09/20/2018,"006798   ","002           ",39,"EA         ",39,"EA       ",0,0,214.5,214.5,0,0,0,0
"MICO19  ","Micro Broccoli OG clam 3oz         ","          ","          ","RT      ",09/27/2018,"006872   ","001           ",2,"EA         ",2,"EA       ",0,0,11,0,-100,0,0,0
"MICO19  ","Micro Broccoli OG clam 3oz         ","          ","          ","2FF     ",09/27/2018,"006838   ","002           ",37,"EA         ",37,"EA       ",0,0,203.5,203.5,0,0,0,0
"MICO19  ","Micro Broccoli OG clam 3oz         ","          ","          ","2FF     ",09/13/2018,"006755   ","002           ",38,"EA         ",38,"EA       ",0,0,209,209,0,0,0,0
"MICO19  ","Micro Broccoli OG clam 3oz         ","          ","          ","2FF     ",09/06/2018,"006703   ","002           ",36,"EA         ",36,"EA       ",0,0,198,198,0,0,0,0
"MICO20  ","Micro Katsi-rainbow Mix OG clam 8oz","          ","          ","2FF     ",09/13/2018,"006736   ","001           ",60,"EA         ",60,"EA       ",0,0,906,906,0,0,0,0
"MICO20  ","Micro Katsi-rainbow Mix OG clam 8oz","          ","          ","2FF     ",09/20/2018,"006737   ","001           ",60,"EA         ",60,"EA       ",0,0,906,906,0,0,0,0
"MICO20  ","Micro Katsi-rainbow Mix OG clam 8oz","          ","          ","2FF     ",09/27/2018,"006738   ","001           ",60,"EA         ",60,"EA       ",0,0,906,906,0,0,0,0
"MICO20  ","Micro Katsi-rainbow Mix OG clam 8oz","          ","          ","2FF     ",09/06/2018,"006572   ","001           ",60,"EA         ",60,"EA       ",0,0,906,906,0,0,0,0
"MICO21  ","Micro Kale OG clam 3oz             ","          ","          ","2FF     ",09/06/2018,"006703   ","003           ",36,"EA         ",36,"EA       ",0,0,198,198,0,0,0,0
"MICO21  ","Micro Kale OG clam 3oz             ","          ","          ","2FF     ",09/13/2018,"006755   ","003           ",37,"EA         ",37,"EA       ",0,0,203.5,203.5,0,0,0,0
"MICO21  ","Micro Kale OG clam 3oz             ","          ","          ","2FF     ",09/20/2018,"006798   ","003           ",37,"EA         ",37,"EA       ",0,0,203.5,203.5,0,0,0,0
"MICO21  ","Micro Kale OG clam 3oz             ","          ","          ","2FF     ",09/27/2018,"006838   ","003           ",37,"EA         ",37,"EA       ",0,0,203.5,203.5,0,0,0,0
"MICO7   ","Micro Sunnies OG clam 4oz          ","          ","          ","2FF     ",09/06/2018,"006703   ","004           ",39,"EA         ",39,"EA       ",0,0,195,195,0,0,0,0
"MICO7   ","Micro Sunnies OG clam 4oz          ","          ","          ","2FF     ",09/20/2018,"006798   ","004           ",43,"EA         ",43,"EA       ",0,0,215,215,0,0,0,0
"MICO7   ","Micro Sunnies OG clam 4oz          ","          ","          ","2FF     ",09/27/2018,"006838   ","004           ",41,"EA         ",41,"EA       ",0,0,205,205,0,0,0,0
"MICO7   ","Micro Sunnies OG clam 4oz          ","          ","          ","2FF     ",09/13/2018,"006755   ","004           ",42,"EA         ",42,"EA       ",0,0,210,210,0,0,0,0
"MKTE001 ","Banner Eco Apple 24 x 36           ","          ","          ","PREMED  ",09/18/2018,"006784   ","001           ",10,"EA         ",10,"EA       ",0,0,428.49,428.49,0,0,0,0
"MSC1    ","Miscellaneous Produce              ","          ","          ","LYM     ",09/21/2018,"006885   ","001           ",1,"CS         ",1,"CS       ",0,0,900,900,0,0,0,0
"NECE2   ","Nectarine Yellow ECO basket 6/3.5# ","          ","          ","LYM     ",09/05/2018,"006685   ","005           ",1,"CS         ",1,"CS       ",0,0,21.5,21.5,0,2.25,2.25,0
"NECE4   ","Nectarine ECO 2-3/4"" 2-layer tray  ","          ","          ","LYM     ",09/07/2018,"006705   ","002           ",10,"CS         ",10,"CS       ",0,0,270,270,0,22.5,22.5,0
"NECE4   ","Nectarine ECO 2-3/4"" 2-layer tray  ","          ","          ","LYM     ",09/05/2018,"006694   ","008           ",4,"CS         ",4,"CS       ",0,0,76,76,0,34.81,30.42,-12.61
"NECE5   ","Nectarine ECO punnet 8/3#          ","          ","          ","LYM     ",09/12/2018,"006741   ","001           ",60,"CS         ",60,"CS       ",0,0,1380,1380,0,135,135,0
"NECE8   ","Nectarine ECO 2-1/4 loose 26#      ","          ","          ","LYM     ",09/10/2018,"006730   ","004           ",1,"CS         ",1,"CS       ",0,0,19,19,0,12.99,12.99,0
"NECE8   ","Nectarine ECO 2-1/4 loose 26#      ","          ","          ","LYM     ",09/12/2018,"006745   ","004           ",4,"CS         ",0,"CS       ",0,-100,0,0,0,0,0,0
"NECE8   ","Nectarine ECO 2-1/4 loose 26#      ","          ","          ","LYM     ",09/05/2018,"006694   ","005           ",4,"CS         ",4,"CS       ",0,0,76,76,0,34.81,30.42,-12.61
"PCHE1   ","Peach ECO 2-3/4""+ 2-layer tray 19# ","          ","          ","BHO     ",09/20/2018,"006808   ","001           ",147,"CS         ",147,"CS       ",0,0,3822,3822,0,0,0,0
"PCHE1   ","Peach ECO 2-3/4""+ 2-layer tray 19# ","          ","          ","LYM     ",09/14/2018,"006758   ","003           ",20,"CS         ",20,"CS       ",0,0,520,520,0,45,45,0
"PCHE1   ","Peach ECO 2-3/4""+ 2-layer tray 19# ","          ","          ","BHO     ",09/04/2018,"006697   ","001           ",147,"CS         ",147,"CS       ",0,0,3381,3381,0,0,0,0
"PCHE1   ","Peach ECO 2-3/4""+ 2-layer tray 19# ","          ","          ","LYM     ",09/05/2018,"006687   ","001           ",60,"CS         ",60,"CS       ",0,0,1560,1560,0,0,0,0
"PCHE1   ","Peach ECO 2-3/4""+ 2-layer tray 19# ","          ","          ","BHO     ",09/10/2018,"006722   ","001           ",245,"CS         ",245,"CS       ",0,0,6370,6370,0,0,0,0
"PCHE1   ","Peach ECO 2-3/4""+ 2-layer tray 19# ","          ","          ","LYM     ",09/12/2018,"006741   ","002           ",5,"CS         ",5,"CS       ",0,0,130,130,0,11.25,11.25,0
"PCHE1   ","Peach ECO 2-3/4""+ 2-layer tray 19# ","          ","          ","ROG     ",09/07/2018,"006721   ","001           ",196,"CS         ",196,"CS       ",0,0,5096,5096,0,0,0,0
"PCHE1   ","Peach ECO 2-3/4""+ 2-layer tray 19# ","          ","          ","LYM     ",09/07/2018,"006725   ","001           ",80,"CS         ",80,"CS       ",0,0,2080,2080,0,0,0,0
"PCHE1   ","Peach ECO 2-3/4""+ 2-layer tray 19# ","          ","          ","LYM     ",09/07/2018,"006705   ","006           ",7,"CS         ",7,"CS       ",0,0,182,182,0,15.75,15.75,0
"PCHE1   ","Peach ECO 2-3/4""+ 2-layer tray 19# ","          ","          ","LYM     ",09/05/2018,"006694   ","006           ",4,"CS         ",4,"CS       ",0,0,104,104,0,34.81,30.42,-12.61
"PCHE1   ","Peach ECO 2-3/4""+ 2-layer tray 19# ","          ","          ","LYM     ",09/17/2018,"006778   ","001           ",6,"CS         ",6,"CS       ",0,0,156,156,0,13.5,13.5,0
"PCHE1   ","Peach ECO 2-3/4""+ 2-layer tray 19# ","          ","          ","LYM     ",09/14/2018,"006760   ","001           ",147,"CS         ",147,"CS       ",0,0,3822,3822,0,0,0,0
"PCHE1   ","Peach ECO 2-3/4""+ 2-layer tray 19# ","          ","          ","LYM     ",09/21/2018,"006802   ","001           ",42,"CS         ",42,"CS       ",0,0,1218,1218,0,0,0,0
"PCHE1   ","Peach ECO 2-3/4""+ 2-layer tray 19# ","          ","          ","LYM     ",09/18/2018,"006797   ","001           ",49,"CS         ",49,"CS       ",0,0,1274,1274,0,0,0,0
"PCHE1   ","Peach ECO 2-3/4""+ 2-layer tray 19# ","          ","          ","ROG     ",09/05/2018,"006698   ","001           ",147,"CS         ",147,"CS       ",0,0,3381,3381,0,0,0,0
"PCHE1   ","Peach ECO 2-3/4""+ 2-layer tray 19# ","          ","          ","LYM     ",09/10/2018,"006726   ","001           ",134,"CS         ",134,"CS       ",0,0,3484,3484,0,301.5,301.5,0
"PCHE1   ","Peach ECO 2-3/4""+ 2-layer tray 19# ","          ","          ","BHO     ",09/25/2018,"006825   ","001           ",96,"CS         ",96,"CS       ",0,0,2496,2496,0,0,0,0
"PCHE1   ","Peach ECO 2-3/4""+ 2-layer tray 19# ","          ","          ","LYM     ",09/05/2018,"006685   ","001           ",157,"CS         ",157,"CS       ",0,0,3768,3768,0,353.25,353.25,0
"PCHE13  ","Peach ECO 2-1/4"" loose 26#         ","          ","          ","LYM     ",09/07/2018,"006707   ","002           ",1,"CS         ",1,"CS       ",0,0,18,18,0,5.78,5.78,0
"PCHE13  ","Peach ECO 2-1/4"" loose 26#         ","          ","          ","LYM     ",09/05/2018,"006694   ","007           ",6,"CS         ",6,"CS       ",0,0,108,108,0,52.2,45.63,-12.59
"PCHE13  ","Peach ECO 2-1/4"" loose 26#         ","          ","          ","LYM     ",09/10/2018,"006730   ","005           ",1,"CS         ",1,"CS       ",0,0,18,18,0,12.99,12.99,0
"PCHE13  ","Peach ECO 2-1/4"" loose 26#         ","          ","          ","LYM     ",09/12/2018,"006745   ","005           ",9,"CS         ",9,"CS       ",0,0,162,162,0,79.38,79.38,0
"PCHE13  ","Peach ECO 2-1/4"" loose 26#         ","          ","          ","LYM     ",09/19/2018,"006794   ","006           ",3,"CS         ",3,"CS       ",0,0,54,54,0,36.3,36.3,0
"PCHE15  ","Peach ECO basket 6/3.25#           ","          ","          ","LYM     ",09/12/2018,"006741   ","003           ",8,"CS         ",8,"CS       ",0,0,164,164,0,18,18,0
"PCHE15  ","Peach ECO basket 6/3.25#           ","          ","          ","LYM     ",09/05/2018,"006685   ","004           ",8,"CS         ",8,"CS       ",0,0,164,164,0,18,18,0
"PCHE15  ","Peach ECO basket 6/3.25#           ","          ","          ","LYM     ",09/14/2018,"006758   ","004           ",6,"CS         ",6,"CS       ",0,0,123,123,0,13.5,13.5,0
"PCHE15  ","Peach ECO basket 6/3.25#           ","          ","          ","LYM     ",09/07/2018,"006705   ","007           ",22,"CS         ",22,"CS       ",0,0,451,451,0,49.5,49.5,0
"PCHE15  ","Peach ECO basket 6/3.25#           ","          ","          ","LYM     ",09/17/2018,"006778   ","002           ",7,"CS         ",7,"CS       ",0,0,143.5,143.5,0,15.75,15.75,0
"PCHE15  ","Peach ECO basket 6/3.25#           ","          ","          ","LYM     ",09/10/2018,"006726   ","003           ",12,"CS         ",12,"CS       ",0,0,246,246,0,27,27,0
"PCHE18  ","Peach ECO pouch 8/3#               ","          ","          ","LYM     ",09/14/2018,"006743   ","001           ",160,"CS         ",160,"CS       ",3840,0,3120,3120,0,260,260,0
"PCHE18  ","Peach ECO pouch 8/3#               ","          ","          ","LYM     ",09/05/2018,"006680   ","001           ",120,"CS         ",40,"CS       ",960,-66.67,780,780,0,65,65,0
"PCHE18  ","Peach ECO pouch 8/3#               ","          ","          ","BHO     ",09/07/2018,"006700   ","001           ",160,"CS         ",160,"CS       ",3840,0,3120,3120,0,260,260,0
"PCHE18  ","Peach ECO pouch 8/3#               ","          ","          ","LYM     ",09/26/2018,"006828   ","001           ",80,"CS         ",80,"CS       ",1920,0,1560,1560,0,50,50,0
"PCHE18  ","Peach ECO pouch 8/3#               ","          ","          ","LYM     ",09/24/2018,"006827   ","001           ",160,"CS         ",160,"CS       ",3840,0,3120,3120,0,351.53,351.53,0
"PCHE18  ","Peach ECO pouch 8/3#               ","          ","          ","BHO     ",09/24/2018,"006826   ","001           ",69,"CS         ",69,"CS       ",1656,0,1345.5,1345.5,0,158.47,158.47,0
"PCHE18  ","Peach ECO pouch 8/3#               ","          ","          ","ROG     ",09/01/2018,"006662   ","001           ",240,"CS         ",240,"CS       ",5760,0,4680,4680,0,510,510,0
"PCHE18  ","Peach ECO pouch 8/3#               ","          ","          ","LYM     ",09/17/2018,"006759   ","001           ",200,"CS         ",200,"CS       ",4800,0,3900,3900,0,325,325,0
"PCHE18  ","Peach ECO pouch 8/3#               ","          ","          ","BHO     ",09/10/2018,"006723   ","001           ",160,"CS         ",160,"CS       ",3840,0,3120,3120,0,260,260,0
"PCHE18  ","Peach ECO pouch 8/3#               ","          ","          ","BHO     ",09/05/2018,"006681   ","001           ",120,"CS         ",120,"CS       ",2880,0,2340,2340,0,195,195,0
"PCHE18  ","Peach ECO pouch 8/3#               ","          ","          ","LYM     ",09/07/2018,"006699   ","001           ",200,"CS         ",200,"CS       ",4800,0,3900,3900,0,325,325,0
"PCHE18  ","Peach ECO pouch 8/3#               ","          ","          ","LYM     ",09/07/2018,"006704   ","001           ",80,"CS         ",80,"CS       ",1920,0,1560,1560,0,930,930,0
"PCHE18  ","Peach ECO pouch 8/3#               ","          ","          ","LYM     ",09/12/2018,"006735   ","001           ",200,"CS         ",200,"CS       ",4800,0,3900,3900,0,325,325,0
"PCHE2   ","Peach ECO punnet 8/3#              ","          ","          ","ROG     ",09/05/2018,"006686   ","001           ",80,"CS         ",80,"CS       ",0,0,1640,1640,0,180,180,0
"PCHE2   ","Peach ECO punnet 8/3#              ","          ","          ","LYM     ",09/05/2018,"006685   ","006           ",40,"CS         ",40,"CS       ",0,0,820,820,0,90,90,0
"PCHE2   ","Peach ECO punnet 8/3#              ","          ","          ","BHO     ",09/05/2018,"006692   ","001           ",60,"CS         ",60,"CS       ",0,0,1230,1230,0,135,135,0
"PCHE2   ","Peach ECO punnet 8/3#              ","          ","          ","LYM     ",09/19/2018,"006786   ","001           ",80,"CS         ",80,"CS       ",0,0,1800,1800,0,0,0,0
"PCHE2   ","Peach ECO punnet 8/3#              ","          ","          ","ROG     ",09/12/2018,"006742   ","001           ",120,"CS         ",120,"CS       ",0,0,2460,2460,0,270,270,0
"PCHE2   ","Peach ECO punnet 8/3#              ","          ","          ","LYM     ",09/10/2018,"006726   ","002           ",40,"CS         ",40,"CS       ",0,0,1000,1000,0,90,90,0
"PCHE8   ","Peach ECO White 2-3/4""+ 2-layr tray","          ","          ","LYM     ",09/20/2018,"006809   ","001           ",49,"CS         ",49,"CS       ",0,0,1323,1323,0,0,0,0
"PCHE8   ","Peach ECO White 2-3/4""+ 2-layr tray","          ","          ","LYM     ",09/07/2018,"006705   ","003           ",10,"CS         ",10,"CS       ",0,0,270,270,0,22.5,22.5,0
"PCHE8   ","Peach ECO White 2-3/4""+ 2-layr tray","          ","          ","BHO     ",09/04/2018,"006697   ","002           ",98,"CS         ",77,"CS       ",0,-21.43,2079,2079,0,0,0,0
"PCHE8   ","Peach ECO White 2-3/4""+ 2-layr tray","          ","          ","LYM     ",09/14/2018,"006760   ","002           ",147,"CS         ",147,"CS       ",0,0,3969,3969,0,0,0,0
"PCHE8   ","Peach ECO White 2-3/4""+ 2-layr tray","          ","          ","LYM     ",09/21/2018,"006803   ","003           ",10,"CS         ",10,"CS       ",0,0,270,270,0,22.5,22.5,0
"PEP13   ","Pepper Hungarian 1/2 bu            ","          ","          ","BRS     ",09/19/2018,"006796   ","001           ",1,"CS         ",0,"CS       ",0,-100,0,0,0,0,0,0
"PEP24   ","Pepper Yummy Mix 1/2bu             ","          ","          ","BRS     ",09/05/2018,"006690   ","001           ",2,"CS         ",2,"CS       ",0,0,44,44,0,17.39,15.21,-12.54
"PEP24   ","Pepper Yummy Mix 1/2bu             ","          ","          ","BRS     ",09/12/2018,"006746   ","001           ",2,"CS         ",2,"CS       ",0,0,44,44,0,17.64,17.64,0
"PEP24   ","Pepper Yummy Mix 1/2bu             ","          ","          ","BRS     ",09/26/2018,"006834   ","001           ",1,"CS         ",1,"CS       ",0,0,22,22,0,12.2,11.92,-2.3
"PEP25   ","Pepper Hot Mix 1/2bu               ","          ","          ","BRS     ",09/12/2018,"006746   ","002           ",1,"CS         ",1,"CS       ",0,0,18,18,0,8.83,8.83,0
"PEP25   ","Pepper Hot Mix 1/2bu               ","          ","          ","BRS     ",09/26/2018,"006834   ","002           ",1,"CS         ",1,"CS       ",0,0,18,18,0,12.2,11.92,-2.3
"PEP4    ","Pepper Poblano 1/2 bu              ","          ","          ","BRS     ",09/12/2018,"006746   ","003           ",2,"CS         ",2,"CS       ",0,0,36,36,0,17.64,17.64,0
"PEP4    ","Pepper Poblano 1/2 bu              ","          ","          ","BRS     ",09/05/2018,"006690   ","002           ",2,"CS         ",2,"CS       ",0,0,36,36,0,17.39,15.21,-12.54
"PEP9    ","Pepper Jalapeo 1/2 bu             ","          ","          ","BRS     ",09/24/2018,"006832   ","001           ",1,"CS         ",1,"CS       ",0,0,18,18,0,13.97,13.97,0
"PEP9    ","Pepper Jalapeo 1/2 bu             ","          ","          ","BRS     ",09/19/2018,"006793   ","001           ",1,"CS         ",1,"CS       ",0,0,18,18,0,12.09,12.09,0
"PEP9    ","Pepper Jalapeo 1/2 bu             ","          ","          ","BRS     ",09/10/2018,"006731   ","001           ",3,"CS         ",3,"CS       ",0,0,54,54,0,38.99,38.99,0
"PEP9    ","Pepper Jalapeo 1/2 bu             ","          ","          ","BRS     ",09/21/2018,"006812   ","001           ",2,"CS         ",2,"CS       ",0,0,36,36,0,24.51,19.38,-20.93
"PEP9    ","Pepper Jalapeo 1/2 bu             ","          ","          ","BRS     ",09/13/2018,"006766   ","001           ",1,"CS         ",0,"CS       ",0,-100,0,0,0,0,0,0
"PEP9    ","Pepper Jalapeo 1/2 bu             ","          ","          ","BRS     ",09/07/2018,"006710   ","001           ",4,"CS         ",4,"CS       ",0,0,72,72,0,23.12,23.12,0
"PEP9    ","Pepper Jalapeo 1/2 bu             ","          ","          ","BRS     ",09/05/2018,"006690   ","003           ",4,"CS         ",4,"CS       ",0,0,72,72,0,34.81,30.42,-12.61
"PER12   ","Pear Bartlett Green tote 8/6#      ","          ","          ","LYM     ",09/05/2018,"006685   ","002           ",18,"CS         ",5,"CS       ",0,-72.22,160,160,0,11.25,11.25,0
"PER17   ","Pear Bartlett Red tote 8/6#        ","          ","          ","LYM     ",09/07/2018,"006705   ","004           ",10,"CS         ",10,"CS       ",0,0,320,320,0,22.5,22.5,0
"PER17   ","Pear Bartlett Red tote 8/6#        ","          ","          ","LYM     ",09/05/2018,"006685   ","003           ",18,"CS         ",18,"CS       ",0,0,576,576,0,40.5,40.5,0
"PER2    ","Pear Hosui ~60ct basket 6/3.5#     ","          ","          ","LYM     ",09/17/2018,"006779   ","007           ",2,"CS         ",2,"CS       ",0,0,60,60,0,22.98,22.98,0
"PER2    ","Pear Hosui ~60ct basket 6/3.5#     ","          ","          ","LYM     ",09/19/2018,"006794   ","007           ",1,"CS         ",1,"CS       ",0,0,30,30,0,12.09,12.09,0
"PER20   ","Pear Bartlett Green 4/5bu          ","          ","          ","LYM     ",09/19/2018,"006801   ","005           ",3,"CS         ",3,"CS       ",0,0,117,117,0,0,0,0
"PER3    ","Pear Hosui 44-48ct 2-layer tray    ","          ","          ","LYM     ",09/21/2018,"006802   ","007           ",10,"CS         ",10,"CS       ",0,0,390,390,0,0,0,0
"PER4    ","Pear Shinseiki ~60ct basket 6/3.5# ","          ","          ","LYM     ",09/19/2018,"006794   ","008           ",1,"CS         ",1,"CS       ",0,0,30,30,0,12.09,12.09,0
"PER8    ","Pear Bosc 4/5 bu ~40#              ","          ","          ","LYM     ",09/21/2018,"006802   ","006           ",2,"CS         ",2,"CS       ",0,0,78,78,0,0,0,0
"PER8    ","Pear Bosc 4/5 bu ~40#              ","          ","          ","LYM     ",09/19/2018,"006794   ","009           ",1,"CS         ",1,"CS       ",0,0,36,36,0,12.09,12.09,0
"PER9    ","Pear Bosc tote 8/6#                ","          ","          ","LYM     ",09/17/2018,"006779   ","008           ",2,"CS         ",2,"CS       ",0,0,64,64,0,22.98,22.98,0
"PER9    ","Pear Bosc tote 8/6#                ","          ","          ","LYM     ",09/21/2018,"006810   ","009           ",1,"CS         ",1,"CS       ",0,0,32,32,0,12.26,9.7,-20.88
"PER9    ","Pear Bosc tote 8/6#                ","          ","          ","LYM     ",09/21/2018,"006803   ","004           ",5,"CS         ",5,"CS       ",0,0,160,160,0,11.25,11.25,0
"PER9    ","Pear Bosc tote 8/6#                ","          ","          ","LYM     ",09/19/2018,"006794   ","010           ",2,"CS         ",2,"CS       ",0,0,64,64,0,24.19,24.19,0
"PLM1    ","Plum Prune Italian loose 1/2 bu    ","          ","          ","BHO     ",09/28/2018,"006839   ","004           ",2,"CS         ",2,"CS       ",0,0,0,0,0,7.74,7.74,0
"PLM1    ","Plum Prune Italian loose 1/2 bu    ","          ","          ","BHO     ",09/28/2018,"006839   ","003           ",10,"CS         ",10,"CS       ",0,0,270,270,0,38.72,38.72,0
"PUM11   ","Pumpkin Jack B. Little 1/2bu ~17#  ","          ","          ","PLV     ",09/28/2018,"006852   ","001           ",1,"CS         ",1,"CS       ",0,0,16,16,0,25.1,23.79,-5.22
"PUM11   ","Pumpkin Jack B. Little 1/2bu ~17#  ","          ","          ","PLV     ",09/21/2018,"006813   ","001           ",2,"CS         ",2,"CS       ",0,0,32,32,0,24.51,19.38,-20.93
"PUM11   ","Pumpkin Jack B. Little 1/2bu ~17#  ","          ","          ","PLV     ",09/26/2018,"006837   ","010           ",5,"CS         ",5,"CS       ",0,0,80,80,0,60.99,59.6,-2.28
"PUM11   ","Pumpkin Jack B. Little 1/2bu ~17#  ","          ","          ","PLV     ",09/24/2018,"006831   ","001           ",4,"CS         ",4,"CS       ",0,0,64,64,0,55.86,55.86,0
"PUM19   ","Pumpkin 18-22#ea 39-40ct bin ~790# ","          ","          ","DZN     ",09/17/2018,"006785   ","001           ",48,"BN         ",48,"BN       ",0,0,5040,5040,0,925,925,0
"PUM19   ","Pumpkin 18-22#ea 39-40ct bin ~790# ","          ","          ","DZN     ",09/28/2018,"006853   ","001           ",44,"BN         ",44,"BN       ",0,0,4620,4620,0,939.58,939.58,0
"PUM20   ","Pumpkin Sugar 4-6#ea 225ct bin~900#","          ","          ","DZN     ",09/28/2018,"006853   ","002           ",4,"BN         ",4,"BN       ",0,0,840,840,0,85.42,85.42,0
"PUM9    ","Pumpkin Sugar 8s 1-1/9bu ~24#      ","          ","          ","PLV     ",09/26/2018,"006837   ","009           ",14,"CS         ",14,"CS       ",0,0,182,182,0,170.76,166.88,-2.27
"PUM9    ","Pumpkin Sugar 8s 1-1/9bu ~24#      ","          ","          ","PLV     ",09/24/2018,"006831   ","002           ",14,"CS         ",14,"CS       ",0,0,182,182,0,195.5,195.5,0
"PUM9    ","Pumpkin Sugar 8s 1-1/9bu ~24#      ","          ","          ","PLV     ",09/28/2018,"006852   ","002           ",5,"CS         ",5,"CS       ",0,0,65,65,0,125.45,118.92,-5.21
"PUM9    ","Pumpkin Sugar 8s 1-1/9bu ~24#      ","          ","          ","PLV     ",09/21/2018,"006813   ","002           ",13,"CS         ",13,"CS       ",0,0,169,169,0,159.27,125.93,-20.93
"SQU16   ","Squash Delicata 1/2 bu ~20#        ","          ","          ","PLV     ",09/28/2018,"006852   ","003           ",1,"CS         ",1,"CS       ",0,0,16,16,0,25.1,23.79,-5.22
"SQU16   ","Squash Delicata 1/2 bu ~20#        ","          ","          ","PLV     ",09/26/2018,"006837   ","001           ",1,"CS         ",1,"CS       ",0,0,16,16,0,12.2,11.92,-2.3
"SQU16   ","Squash Delicata 1/2 bu ~20#        ","          ","          ","PLV     ",09/21/2018,"006813   ","003           ",1,"CS         ",1,"CS       ",0,0,16,16,0,12.26,9.7,-20.88
"SQU16   ","Squash Delicata 1/2 bu ~20#        ","          ","          ","PLV     ",09/12/2018,"006749   ","001           ",3,"CS         ",3,"CS       ",0,0,48,48,0,26.47,26.47,0
"SQU24   ","Squash Butternut peel/dice bag4/10#","          ","          ","PLV     ",09/21/2018,"006813   ","004           ",1,"CS         ",1,"CS       ",0,0,36,36,0,12.26,9.7,-20.88
"SQU24   ","Squash Butternut peel/dice bag4/10#","          ","          ","PLV     ",09/19/2018,"006792   ","001           ",2,"CS         ",2,"CS       ",0,0,72,72,0,24.19,24.19,0
"SQU25   ","Squash Butternut peeled halved 40# ","          ","          ","PLV     ",09/19/2018,"006792   ","002           ",3,"CS         ",3,"CS       ",0,0,102,102,0,36.3,36.3,0
"SQU36   ","Squash Butternut 1-1/9bu ~45#      ","          ","          ","PLV     ",09/17/2018,"006780   ","002           ",4,"CS         ",4,"CS       ",0,0,56,56,0,45.94,45.94,0
"SQU36   ","Squash Butternut 1-1/9bu ~45#      ","          ","          ","PLV     ",09/12/2018,"006749   ","002           ",28,"CS         ",28,"CS       ",0,0,392,392,0,246.96,246.96,0
"SQU36   ","Squash Butternut 1-1/9bu ~45#      ","          ","          ","PLV     ",09/26/2018,"006837   ","002           ",18,"CS         ",18,"CS       ",0,0,252,252,0,219.56,214.57,-2.27
"SQU36   ","Squash Butternut 1-1/9bu ~45#      ","          ","          ","PLV     ",09/14/2018,"006763   ","001           ",18,"CS         ",18,"CS       ",0,0,252,252,0,194.55,194.55,0
"SQU36   ","Squash Butternut 1-1/9bu ~45#      ","          ","          ","PLV     ",09/05/2018,"006695   ","003           ",9,"CS         ",9,"CS       ",0,0,126,126,0,78.31,68.45,-12.59
"SQU36   ","Squash Butternut 1-1/9bu ~45#      ","          ","          ","PLV     ",09/04/2018,"006672   ","001           ",10,"CS         ",10,"CS       ",0,0,140,140,0,0,0,0
"SQU36   ","Squash Butternut 1-1/9bu ~45#      ","          ","          ","PLV     ",09/19/2018,"006792   ","003           ",3,"CS         ",3,"CS       ",0,0,42,42,0,36.3,36.3,0
"SQU36   ","Squash Butternut 1-1/9bu ~45#      ","          ","          ","PLV     ",09/10/2018,"006727   ","001           ",15,"CS         ",15,"CS       ",0,0,210,210,0,194.94,194.94,0
"SQU36   ","Squash Butternut 1-1/9bu ~45#      ","          ","          ","PLV     ",09/07/2018,"006711   ","001           ",9,"CS         ",9,"CS       ",0,0,126,126,0,52.02,52.02,0
"SQU36   ","Squash Butternut 1-1/9bu ~45#      ","          ","          ","PLV     ",09/21/2018,"006813   ","005           ",3,"CS         ",3,"CS       ",0,0,42,42,0,36.76,29.07,-20.92
"SQU36   ","Squash Butternut 1-1/9bu ~45#      ","          ","          ","PLV     ",09/18/2018,"006787   ","001           ",20,"CS         ",20,"CS       ",0,0,280,280,0,0,0,0
"SQU36   ","Squash Butternut 1-1/9bu ~45#      ","          ","          ","PLV     ",09/24/2018,"006831   ","003           ",7,"CS         ",7,"CS       ",0,0,98,98,0,97.76,97.76,0
"SQU36   ","Squash Butternut 1-1/9bu ~45#      ","          ","          ","PLV     ",09/28/2018,"006852   ","004           ",13,"CS         ",13,"CS       ",0,0,182,182,0,326.18,309.16,-5.22
"SQU4    ","Squash Acorn 1-1/9 bu ~40#         ","          ","          ","PLV     ",09/26/2018,"006837   ","003           ",6,"CS         ",6,"CS       ",0,0,78,78,0,73.18,71.51,-2.28
"SQU4    ","Squash Acorn 1-1/9 bu ~40#         ","          ","          ","PLV     ",09/17/2018,"006780   ","003           ",2,"CS         ",2,"CS       ",0,0,26,26,0,22.98,22.98,0
"SQU4    ","Squash Acorn 1-1/9 bu ~40#         ","          ","          ","PLV     ",09/05/2018,"006695   ","004           ",4,"CS         ",4,"CS       ",0,0,52,52,0,34.81,30.42,-12.61
"SQU4    ","Squash Acorn 1-1/9 bu ~40#         ","          ","          ","PLV     ",09/28/2018,"006852   ","005           ",4,"CS         ",4,"CS       ",0,0,52,52,0,100.37,95.13,-5.22
"SQU4    ","Squash Acorn 1-1/9 bu ~40#         ","          ","          ","PLV     ",09/21/2018,"006813   ","006           ",2,"CS         ",2,"CS       ",0,0,26,26,0,24.51,19.38,-20.93
"SQU4    ","Squash Acorn 1-1/9 bu ~40#         ","          ","          ","PLV     ",09/24/2018,"006831   ","004           ",5,"CS         ",5,"CS       ",0,0,65,65,0,69.83,69.83,0
"SQU4    ","Squash Acorn 1-1/9 bu ~40#         ","          ","          ","PLV     ",09/14/2018,"006763   ","002           ",3,"CS         ",3,"CS       ",0,0,39,39,0,32.43,32.43,0
"SQU4    ","Squash Acorn 1-1/9 bu ~40#         ","          ","          ","PLV     ",09/07/2018,"006711   ","002           ",3,"CS         ",3,"CS       ",0,0,39,39,0,17.34,17.34,0
"SQU4    ","Squash Acorn 1-1/9 bu ~40#         ","          ","          ","PLV     ",09/10/2018,"006727   ","002           ",7,"CS         ",7,"CS       ",0,0,91,91,0,90.97,90.97,0
"SQU4    ","Squash Acorn 1-1/9 bu ~40#         ","          ","          ","PLV     ",09/12/2018,"006749   ","003           ",10,"CS         ",10,"CS       ",0,0,130,130,0,88.2,88.2,0
"SQU4    ","Squash Acorn 1-1/9 bu ~40#         ","          ","          ","PLV     ",09/19/2018,"006792   ","004           ",6,"CS         ",6,"CS       ",0,0,78,78,0,72.59,72.59,0
"SQU47   ","Squash Butternut peeld/dicd 12/20oz","          ","          ","PLV     ",09/26/2018,"006837   ","004           ",1,"CS         ",1,"CS       ",0,0,14.7,14.7,0,12.2,11.92,-2.3
"SQU47   ","Squash Butternut peeld/dicd 12/20oz","          ","          ","PLV     ",09/17/2018,"006780   ","004           ",1,"CS         ",0,"CS       ",0,-100,0,0,0,0,0,0
"SQU47   ","Squash Butternut peeld/dicd 12/20oz","          ","          ","PLV     ",09/28/2018,"006852   ","006           ",1,"CS         ",1,"CS       ",0,0,14.7,14.7,0,25.1,23.79,-5.22
"SQU49   ","Squash Kabocha 1-1/9bu ~45#        ","          ","          ","PLV     ",09/14/2018,"006763   ","003           ",4,"CS         ",4,"CS       ",0,0,60,60,0,43.24,43.24,0
"SQU49   ","Squash Kabocha 1-1/9bu ~45#        ","          ","          ","PLV     ",09/19/2018,"006792   ","005           ",3,"CS         ",3,"CS       ",0,0,45,45,0,36.3,36.3,0
"SQU49   ","Squash Kabocha 1-1/9bu ~45#        ","          ","          ","PLV     ",09/21/2018,"006813   ","007           ",1,"CS         ",1,"CS       ",0,0,15,15,0,12.26,9.7,-20.88
"SQU49   ","Squash Kabocha 1-1/9bu ~45#        ","          ","          ","PLV     ",09/12/2018,"006749   ","004           ",7,"CS         ",7,"CS       ",0,0,105,105,0,61.75,61.75,0
"SQU49   ","Squash Kabocha 1-1/9bu ~45#        ","          ","          ","PLV     ",09/28/2018,"006852   ","007           ",3,"CS         ",3,"CS       ",0,0,45,45,0,75.28,71.36,-5.21
"SQU49   ","Squash Kabocha 1-1/9bu ~45#        ","          ","          ","PLV     ",09/05/2018,"006695   ","005           ",3,"CS         ",3,"CS       ",0,0,45,45,0,26.11,22.82,-12.6
"SQU49   ","Squash Kabocha 1-1/9bu ~45#        ","          ","          ","PLV     ",09/17/2018,"006780   ","005           ",2,"CS         ",2,"CS       ",0,0,30,30,0,22.98,22.98,0
"SQU49   ","Squash Kabocha 1-1/9bu ~45#        ","          ","          ","PLV     ",09/26/2018,"006837   ","005           ",3,"CS         ",3,"CS       ",0,0,45,45,0,36.59,35.76,-2.27
"SQU53   ","Squash Butternut peeled/halved 10# ","          ","          ","PLV     ",09/19/2018,"006792   ","006           ",1,"CS         ",1,"CS       ",0,0,8.5,8.5,0,12.09,12.09,0
"SQU6    ","Squash Spaghetti 1-1/9 bu ~40#     ","          ","          ","PLV     ",09/12/2018,"006749   ","005           ",24,"CS         ",24,"CS       ",0,0,336,336,0,211.66,211.66,0
"SQU6    ","Squash Spaghetti 1-1/9 bu ~40#     ","          ","          ","PLV     ",09/28/2018,"006852   ","008           ",7,"CS         ",7,"CS       ",0,0,98,98,0,175.62,166.48,-5.2
"SQU6    ","Squash Spaghetti 1-1/9 bu ~40#     ","          ","          ","PLV     ",09/24/2018,"006831   ","005           ",12,"CS         ",12,"CS       ",0,0,168,168,0,167.59,167.59,0
"SQU6    ","Squash Spaghetti 1-1/9 bu ~40#     ","          ","          ","PLV     ",09/10/2018,"006727   ","003           ",11,"CS         ",11,"CS       ",0,0,154,154,0,142.96,142.96,0
"SQU6    ","Squash Spaghetti 1-1/9 bu ~40#     ","          ","          ","PLV     ",09/26/2018,"006837   ","006           ",10,"CS         ",10,"CS       ",0,0,140,140,0,121.96,119.19,-2.27
"SQU6    ","Squash Spaghetti 1-1/9 bu ~40#     ","          ","          ","PLV     ",09/04/2018,"006672   ","002           ",8,"CS         ",8,"CS       ",0,0,112,112,0,0,0,0
"SQU6    ","Squash Spaghetti 1-1/9 bu ~40#     ","          ","          ","PLV     ",09/05/2018,"006695   ","006           ",11,"CS         ",11,"CS       ",0,0,154,154,0,95.71,83.66,-12.59
"SQU6    ","Squash Spaghetti 1-1/9 bu ~40#     ","          ","          ","PLV     ",09/17/2018,"006780   ","006           ",8,"CS         ",8,"CS       ",0,0,112,112,0,91.89,91.89,0
"SQU6    ","Squash Spaghetti 1-1/9 bu ~40#     ","          ","          ","PLV     ",09/07/2018,"006711   ","003           ",8,"CS         ",8,"CS       ",0,0,112,112,0,46.25,46.25,0
"SQU6    ","Squash Spaghetti 1-1/9 bu ~40#     ","          ","          ","PLV     ",09/14/2018,"006763   ","004           ",16,"CS         ",16,"CS       ",0,0,224,224,0,172.94,172.94,0
"SQU6    ","Squash Spaghetti 1-1/9 bu ~40#     ","          ","          ","PLV     ",09/19/2018,"006792   ","007           ",4,"CS         ",4,"CS       ",0,0,56,56,0,48.4,48.4,0
"SQU6    ","Squash Spaghetti 1-1/9 bu ~40#     ","          ","          ","PLV     ",09/21/2018,"006813   ","009           ",1,"CS         ",1,"CS       ",0,0,14,14,0,12.26,9.7,-20.88
"SQU60   ","Squash Honeynut  1-1/9bu ~45#      ","          ","          ","PLV     ",09/26/2018,"006837   ","007           ",2,"CS         ",2,"CS       ",0,0,70,70,0,24.39,23.83,-2.3
"SQU60   ","Squash Honeynut  1-1/9bu ~45#      ","          ","          ","PLV     ",09/24/2018,"006831   ","006           ",2,"CS         ",2,"CS       ",0,0,70,70,0,27.93,27.93,0
"SQU60   ","Squash Honeynut  1-1/9bu ~45#      ","          ","          ","PLV     ",09/21/2018,"006813   ","008           ",1,"CS         ",1,"CS       ",0,0,35,35,0,12.26,9.7,-20.88
"SQU60   ","Squash Honeynut  1-1/9bu ~45#      ","          ","          ","PLV     ",09/28/2018,"006852   ","009           ",1,"CS         ",1,"CS       ",0,0,35,35,0,25.1,23.79,-5.22
"SQU61   ","Squash Butternut peel/diced 4/48oz ","          ","          ","PLV     ",09/17/2018,"006780   ","007           ",1,"CS         ",0,"CS       ",0,-100,0,0,0,0,0,0
"SQU61   ","Squash Butternut peel/diced 4/48oz ","          ","          ","PLV     ",09/26/2018,"006837   ","008           ",1,"CS         ",1,"CS       ",0,0,11.75,11.75,0,12.2,11.92,-2.3
"SQU65   ","Squash Butternut peel/halved 2/10# ","          ","          ","PLV     ",09/20/2018,"006806   ","001           ",45,"CS         ",45,"CS       ",0,0,765,765,0,0,0,0
"SQU65   ","Squash Butternut peel/halved 2/10# ","          ","          ","PLV     ",09/27/2018,"006854   ","001           ",36,"CS         ",36,"CS       ",0,0,612,612,0,0,0,0
"SQU65   ","Squash Butternut peel/halved 2/10# ","          ","          ","PLV     ",09/18/2018,"006787   ","002           ",45,"CS         ",45,"CS       ",0,0,765,765,0,0,0,0
"TOM3    ","Tomato Grape 12 pint               ","          ","          ","BRS     ",09/05/2018,"006690   ","004           ",1,"CS         ",1,"CS       ",0,0,25,25,0,8.7,7.61,-12.53
"TOM3    ","Tomato Grape 12 pint               ","          ","          ","BRS     ",09/19/2018,"006793   ","002           ",2,"CS         ",2,"CS       ",0,0,50,50,0,24.19,24.19,0
"TOM3    ","Tomato Grape 12 pint               ","          ","          ","BRS     ",09/12/2018,"006746   ","005           ",1,"CS         ",1,"CS       ",0,0,25,25,0,8.83,8.83,0
"TOM43   ","Tomato large loose 20#             ","          ","          ","DVD     ",09/05/2018,"006693   ","001           ",25,"CS         ",25,"CS       ",0,0,750,750,0,217.51,190.13,-12.59
"TOM43   ","Tomato large loose 20#             ","          ","          ","BRS     ",09/21/2018,"006812   ","002           ",9,"CS         ",9,"CS       ",0,0,270,270,0,110.27,87.19,-20.93
"TOM43   ","Tomato large loose 20#             ","          ","          ","BRS     ",09/19/2018,"006793   ","003           ",8,"CS         ",8,"CS       ",0,0,240,240,0,96.79,96.79,0
"TOM43   ","Tomato large loose 20#             ","          ","          ","DVD     ",09/07/2018,"006712   ","001           ",21,"CS         ",21,"CS       ",0,0,630,630,0,121.42,121.42,0
"TOM43   ","Tomato large loose 20#             ","          ","          ","BRS     ",09/24/2018,"006832   ","002           ",7,"CS         ",7,"CS       ",0,0,210,210,0,97.76,97.76,0
"TOM43   ","Tomato large loose 20#             ","          ","          ","DVD     ",09/17/2018,"006783   ","001           ",11,"CS         ",11,"CS       ",0,0,330,330,0,126.36,126.36,0
"TOM43   ","Tomato large loose 20#             ","          ","          ","DVD     ",09/14/2018,"006765   ","001           ",15,"CS         ",15,"CS       ",0,0,450,450,0,162.13,162.13,0
"TOM43   ","Tomato large loose 20#             ","          ","          ","BRS     ",09/26/2018,"006834   ","003           ",3,"CS         ",3,"CS       ",0,0,90,90,0,36.59,35.76,-2.27
"TOM43   ","Tomato large loose 20#             ","          ","          ","BRS     ",09/28/2018,"006848   ","001           ",2,"CS         ",2,"CS       ",0,0,60,60,0,8.23,5.6,-31.96
"TOM43   ","Tomato large loose 20#             ","          ","          ","DVD     ",09/12/2018,"006748   ","001           ",29,"CS         ",29,"CS       ",0,0,870,870,0,255.76,255.76,0
"TOM43   ","Tomato large loose 20#             ","          ","          ","DVD     ",09/10/2018,"006729   ","001           ",22,"CS         ",22,"CS       ",0,0,660,660,0,285.88,285.88,0
"TOM44   ","Tomato Grape loose 20#             ","          ","          ","BRS     ",09/12/2018,"006746   ","004           ",6,"CS         ",6,"CS       ",0,0,150,150,0,52.91,52.91,0
"TOM44   ","Tomato Grape loose 20#             ","          ","          ","BRS     ",09/19/2018,"006793   ","004           ",7,"CS         ",6,"CS       ",0,-14.29,150,150,0,72.59,72.59,0
"TOM44   ","Tomato Grape loose 20#             ","          ","          ","BRS     ",09/26/2018,"006834   ","004           ",1,"CS         ",1,"CS       ",0,0,25,25,0,12.2,11.92,-2.3
"TOM44   ","Tomato Grape loose 20#             ","          ","          ","BRS     ",09/10/2018,"006731   ","002           ",1,"CS         ",1,"CS       ",0,0,25,25,0,12.99,12.99,0
"TOM45   ","Tomato Hrlm Mix pouch 16/1#        ","          ","          ","CDM     ",09/18/2018,"006768   ","001           ",110,"CS         ",110,"CS       ",0,0,2997.5,2997.5,0,75,0,-100
"TOM45   ","Tomato Hrlm Mix pouch 16/1#        ","          ","          ","WRD     ",09/06/2018,"006702   ","001           ",20,"CS         ",20,"CS       ",0,0,545,545,0,0,0,0
"TOM45   ","Tomato Hrlm Mix pouch 16/1#        ","          ","          ","WRD     ",09/09/2018,"006724   ","001           ",40,"CS         ",40,"CS       ",0,0,1090,1090,0,0,0,0
"TOM45   ","Tomato Hrlm Mix pouch 16/1#        ","          ","          ","CDM     ",09/07/2018,"006684   ","001           ",110,"CS         ",110,"CS       ",0,0,2997.5,2997.5,0,75,0,-100
"TOM45   ","Tomato Hrlm Mix pouch 16/1#        ","          ","          ","WRD     ",09/05/2018,"006701   ","001           ",50,"CS         ",50,"CS       ",0,0,1362.5,1362.5,0,50,50,0
"TOM45   ","Tomato Hrlm Mix pouch 16/1#        ","          ","          ","CDM     ",09/03/2018,"006674   ","001           ",110,"CS         ",110,"CS       ",0,0,2997.5,2997.5,0,75,0,-100
"TOM45   ","Tomato Hrlm Mix pouch 16/1#        ","          ","          ","CDM     ",09/05/2018,"006683   ","001           ",110,"CS         ",110,"CS       ",0,0,2997.5,2997.5,0,75,0,-100
"TOM45   ","Tomato Hrlm Mix pouch 16/1#        ","          ","          ","WRD     ",09/01/2018,"006637   ","001           ",25,"CS         ",25,"CS       ",0,0,681.25,681.25,0,25,25,0
"TOM45   ","Tomato Hrlm Mix pouch 16/1#        ","          ","          ","WRD     ",09/02/2018,"006682   ","001           ",20,"CS         ",20,"CS       ",0,0,545,545,0,0,0,0
"TOM45   ","Tomato Hrlm Mix pouch 16/1#        ","          ","          ","RT      ",09/01/2018,"006821   ","001           ",13,"CS         ",13,"CS       ",0,0,354.25,0,-100,0,0,0
"TOM45   ","Tomato Hrlm Mix pouch 16/1#        ","          ","          ","CDM     ",09/10/2018,"006732   ","001           ",55,"CS         ",55,"CS       ",0,0,1498.75,1498.75,0,75,75,0
"TOM45   ","Tomato Hrlm Mix pouch 16/1#        ","          ","          ","CDM     ",09/11/2018,"006733   ","001           ",55,"CS         ",55,"CS       ",0,0,1498.75,1498.75,0,75,75,0
"TOM45   ","Tomato Hrlm Mix pouch 16/1#        ","          ","          ","CDM     ",09/25/2018,"006822   ","001           ",55,"CS         ",41,"CS       ",0,-25.45,1117.25,1117.25,0,75,0,-100
"TOM45   ","Tomato Hrlm Mix pouch 16/1#        ","          ","          ","CDM     ",09/24/2018,"006800   ","001           ",110,"CS         ",45,"CS       ",0,-59.09,1226.25,1226.25,0,75,0,-100
"TOM45   ","Tomato Hrlm Mix pouch 16/1#        ","          ","          ","CDM     ",09/26/2018,"006823   ","001           ",55,"CS         ",55,"CS       ",0,0,1498.75,0,-100,75,0,-100
"TOM45   ","Tomato Hrlm Mix pouch 16/1#        ","          ","          ","CDM     ",09/21/2018,"006799   ","001           ",69,"CS         ",69,"CS       ",0,0,1880.25,1880.25,0,75,0,-100
"TOM45   ","Tomato Hrlm Mix pouch 16/1#        ","          ","          ","RT      ",09/26/2018,"006890   ","001           ",5,"CS         ",5,"CS       ",0,0,136.25,0,-100,0,0,0
"TOM45   ","Tomato Hrlm Mix pouch 16/1#        ","          ","          ","RT      ",09/17/2018,"006819   ","001           ",2,"CS         ",2,"CS       ",0,0,54.5,0,-100,0,0,0
"TOM45   ","Tomato Hrlm Mix pouch 16/1#        ","          ","          ","WRD     ",09/12/2018,"006756   ","001           ",30,"CS         ",25,"CS       ",0,-16.67,681.25,681.25,0,25,25,0
"TOM45   ","Tomato Hrlm Mix pouch 16/1#        ","          ","          ","CDM     ",09/12/2018,"006734   ","001           ",110,"CS         ",110,"CS       ",0,0,2997.5,2997.5,0,75,75,0
"TOM45   ","Tomato Hrlm Mix pouch 16/1#        ","          ","          ","CDM     ",09/15/2018,"006767   ","001           ",110,"CS         ",110,"CS       ",0,0,2997.5,2997.5,0,75,75,0
"WHEO1   ","Wheatgrass OG cut clam 6oz         ","          ","          ","2FF     ",09/06/2018,"006703   ","009           ",34,"EA         ",34,"EA       ",0,0,164.9,164.9,0,0,0,0
"WHEO1   ","Wheatgrass OG cut clam 6oz         ","          ","          ","2FF     ",09/20/2018,"006798   ","009           ",46,"EA         ",46,"EA       ",0,0,223.1,223.1,0,0,0,0
"WHEO1   ","Wheatgrass OG cut clam 6oz         ","          ","          ","2FF     ",09/27/2018,"006838   ","009           ",38,"EA         ",38,"EA       ",0,0,184.3,184.3,0,0,0,0
