,,,,,,,,,,,,,,
"State Agency Template
Community Eligibility Provision (CEP) Annual Notification of Local Educational Agencies (LEA)",,,,,,,,,,,,,,
,,,,"State agency: ",,"MA Department of Elementary and Secondary Education",,,,,,,,
"Instructions: 
• In columns 1-3, enter the LEA ID, LEA name, and district-wide identified student percentage (ISP) for every LEA with at least one eligible school.
• An “X” will appear in the appropriate column 4 or 5 to indicate that the LEA is eligible or near eligible to participate in CEP. Only one column should be marked between columns 4-5.
• Follow the instructions in row 7 to complete columns 6-11.
• An“A” will appear in column 12 if all the schools in the LEA in column 2 are participating in CEP (the # of schools entered in columns 8 and 10 should match).
• An “S” will appear in column 13 if one or some schools in the LEA in column 2 are participating in CEP (the # of schools entered in column 10 is less than the # of schools entered in column 8).
• Provide additional comments or clarifications in column 14.
• Submit completed template to cepnotification@fns.usda.gov by May 1 to publish the list of LEAs receiving CEP eligibility notices on your website. This information will be linked to FNS’ CEP web site. LEAs receiving notices for district-wide eligibility must be reported in the columns below.
",,,,,,,,,,,,,,
,,,"COLUMNS 4 & 5 AUTOMATICALLY POPULATE 
(Only One Column Should Be Marked per LEA)",,,,"INFORMATION FOR ENTIRE LEA ONLY",,"INFORMATION FOR PARTICIPATING CEP SCHOOLS ONLY",,"FOR LEAS PARTICIPATING IN CEP IN AT LEAST ONE SCHOOL 
(Columns 12 & 13 Automatically Populate - Only One Column Should Be Marked per LEA)",,,
1,2,3,4,5,6,7,8,9,10,11,12,13,14,
"LEA ID","LEA name","
District-wide Identified Student Percentage (ISP)","Eligible to Participate District-wide","Near Eligible to Participate District-wide","Currently Participating in CEP","Participating and Eligible for a Grace Year","Total Number of Schools in Participating, Eligible, and Near-Eligible LEAs","Total Student Enrollment in Participating and Eligible LEAs","Total Number of CEP Schools in the LEA","Total Student Enrollment at CEP Schools ","Currently Participating in CEP District-wide","Currently Participating in CEP in One or Some Schools 
(Not District-wide)",Comments,
"Enter the LEA ID, as reported on the FNS-742, for each LEA with at least one school eligible to participate in CEP. 

Entering duplicate LEA IDs will result in an error and the duplicate cells will be highlighted in red until corrected.

Yellow cells will clear once data is entered.","Enter the name of each LEA, as reported on the FNS-742, with at least one CEP-eligible school.

Yellow cells will clear once data is entered.","Enter the district-wide ISP as of April 1 of the current year. ISP = # of identified students divided by total enrollment. Enter the ISP as a percentage rounded to two decimals. Ex: 62.50%

If using the FNS-742 to complete this column, note that data reported in Section 3 of the FNS-742 (Students approved as free eligible not subject to verification) does not include the corresponding data for students in CEP schools or non-base-year Special Provision schools. For a more accurate count of the # of identified students at the LEA-level, States are encouraged to combine the total # of students reported in Section 3 of the FNS-742 for that LEA plus the LEA-level data submitted for inclusion in Data Element #3 of the State-level FNS-834 (The # of SNAP children in CEP schools and non-base-year Special Provision schools).

DO NOT INCLUDE THE 1.6 MULTIPLIER

An ISP greater than 100.00% will result in an error and the cell will be highlighted red until corrected. Yellow cells will clear once data is entered.
","An ""X"" will appear in this column if the LEA in column 2 is eligible to participate in CEP.
(ISP in column 3 is >=40%).","An ""X"" will appear in this column if the LEA in column 2 is nearly eligible to participate CEP.
(ISP in column 3 is >=30% and <40%). 
","Place an ""X"" in this column if the LEA in column 2 is currently participating in CEP in at least one school. 

Note: The ""X"" is not case sensitive. Using any other letter or icon will result in an error and the cells will be highlighted red until corrected.","Place an ""X"" in this column if the LEA in column 2 is currently in its 4th year of CEP participation and is eligible for a Grace Year.
(ISP >=30% and <40%)

Note: The ""X"" is not case sensitive. Using any other letter or icon will result in an error and the cells will be highlighted red until corrected.","If the LEA in column 2 is currently participating in CEP or eligible/near eligible to participate (there is an ""X"" in column 4, 5 or 6) enter the total # of schools in the LEA.

A yellow cell in this column indicates missing data. Enter the total # of CEP schools to clear the cell color. ","If the LEA in column 2 is currently participating in CEP or eligible to participate (there is an ""X"" in column 4 or 6), enter the total # of students enrolled at the LEA (denominator of ISP).

A yellow cell in this column indicates missing enrollment data. Enter the total # of CEP schools to clear the cell color. ","If the LEA in column 2 is currently participating in CEP (there is an ""X"" in column 6), enter the total # of CEP schools. For any participating LEA, if the # of CEP schools entered in this column is greater than the total # of schools entered in column 8, this will result in an error in columns 12 and 13 until corrected.

A yellow cell in this column indicates missing data. Enter the total # of CEP schools to clear the cell color. ","If the LEA in column 2 is currently participating in CEP (there is an ""X"" in column 6), enter the # of students enrolled at all CEP schools. This is the sum of the total # of students enrolled in all CEP schools entered in column 10.

A yellow cell in this column indicates missing enrollment data. Enter the total # enrollment in all CEP schools to clear the cell color. ","An ""A"" will appear in this column if ALL schools in the LEA in column 2 are participating in CEP. If the LEA in column 2 is participating in CEP district-wide, then the # of schools entered in column 8 should match the # of CEP schools entered in column 10. ","An ""S"" will appear in this column if ONE or SOME, but not all, schools in the the LEA in column 2 are participating in CEP. If the LEA in column 2 is participating in CEP in one or some schools, then the # of schools entered in column 8 should be more than the # of CEP schools entered in column 10. ",,
01-020,"Barnstable Public Schools",0.2824," "," ",X,X,9,5185,1,353," ",S," ",
01-036,"Bourne Public Schools",0.25," "," "," "," ",4,1956,0,0," "," "," ",
01-036-1,"Upper Cape Cod Regional Voc School",0.35200000000000004," ",X," "," ",1,696,0,0," "," "," ",
01-041,"Brewster Elementary School",0.3051224944320713," "," "," "," ",2,449,0,0," "," "," ",
01-085,"TOWN OF EASTHAM",0.3333," ",X," "," ",1,168,0,0," "," "," ",
01-096,"Falmouth Public Schools",0.25014819205690575," "," "," "," ",7,3374,0,0," "," "," ",
01-126-1,"Monomoy Regional School District",0.2916," "," "," "," ",5,2301,0,0," "," "," ",
01-126-2,"Cape Cod Reg'l Tech High School",0.3436960276338515," "," "," "," ",1,579,0,0," "," "," ",
01-172,"Mashpee Public Schools",0.35240000000000005," ",X," "," ",3,1629,0,0," "," "," ",
01-224,"Orleans School Committee",0.22844827586206898," "," "," "," ",1,232,0,0," "," "," ",
01-224-1,"Nauset Regional School Committee",0.2072192513368984," "," "," "," ",2,1496,0,0," "," "," ",
01-242,"Provincetown School Committee",0.5372,X," ",X," ",2,121,2,121," ",S," ",
01-300,"Truro School Committee",0.26170000000000004," "," "," "," ",1,107,0,0," "," "," ",
01-318,"Wellfleet School Committee",0.35294117647058826," "," "," "," ",1,102,0,0," "," "," ",
01-351-1,"Dennis-Yarmouth Regional School District",0.3069522036002483," "," "," "," ",7,3222,0,0," "," "," ",
02-004-1,"Adams-Cheshire Regional School District",0.42119999999999996,X," ",X," ",4,1479,4,1479," ",S," ",
02-063,"Clarksburg School Committee",0.32978723404255317," "," "," "," ",1,188,0,0," "," "," ",
02-070-1,"Central Berkshire Regional Sch District",0.0408," "," "," "," ",5,1619,0,0," "," "," ",
02-098,"Florida School Committee",0.19047619047619047," "," "," "," ",1,84,0,0," "," "," ",
02-113-1,"Berkshire Hills Regional School District",0.30010000000000003," ",X," "," ",3,1273,0,0," "," "," ",
02-148,"Lanesborough Elementary School",0.22329999999999997," "," "," "," ",1,215,0,0," "," "," ",
02-150,"Lee Public Schools",0.3583," ",X," "," ",2,709,0,0," "," "," ",
02-209,"North Adams School Committee",0.6233,X," ",X," ",5,1513,5,1513," ",S," ",
02-209-CS-4,"Berkshire Arts/Tech Charter",0.436,X," "," "," ",1,344,0,0," "," "," ",
02-209A,"Northern Berkshire Regional Voc District",0.35810000000000003," ",X," "," ",1,497,0,0," "," "," ",
02-225-1,"Farmington River Regional",0.39520000000000005," ",X," "," ",1,124,0,0," "," "," ",
02-236,"Pittsfield Public Schools",0.5582,X," ",X," ",13,5657,11,4088," ",S," ",
02-267-1,"Southern Berkshire Regional School Dist.",0.35159999999999997," ",X," "," ",5,711,0,0," "," "," ",
03-003,"Acushnet Public Schools",0.2808," "," "," "," ",2,997,0,0," "," "," ",
03-016,"Attleboro Public Schools",0.30713699753896634," "," "," "," ",12,6095,0,0," "," "," ",
03-072,"Dartmouth School Committee",0.23199999999999998," "," "," "," ",7,3694,0,0," "," "," ",
03-088-1,"Southeastern Reg'l School District",0.4157,X," "," "," ",1,1424,0,0," "," "," ",
03-094,"Fairhaven Public Schools",0.2859025032938076," "," "," "," ",6,2277,0,0," "," "," ",
03-095,"Fall River Public Schools",0.5396654602367211," "," "," "," ",16,10223,0,0," "," "," ",
03-095-1,"Greater Fall River Regional Voc",0.32659999999999995," ",X," "," ",1,1378,0,0," "," "," ",
03-095-4,"Atlantis Charter School",0.33058984910836764," "," "," "," ",3,1458,0,0," "," "," ",
03-095-CS-62,"Argosy Collegiate Charter School",0.4685,X," ",X," ",1,397,1,397," ",S," ",
03-201,"New Bedford Public Schools",0.5875,X," ",X," ",34,14501,32,14451," ",S," ",
03-201-2,"Greater New Bedford Regional Voc. Dist.",0.4107,X," ",X," ",1,2128,1,2128," ",S," ",
03-201-CS-210,"Global Learning Charter School",0.4562,X," "," "," ",1,502,0,0," "," "," ",
03-201-CS-45,"ALMA DEL MAR CHARTER SCHOOL",0.5423,X," ",X," ",1,402,1,402," ",S," ",
03-201-CS-63,"City on a Hill Charter PS",0.5848,X," ",X," ",1,224,1,224," ",S," ",
03-212,"North Attleboro Public Schools",0.158," "," "," "," ",8,4324,0,0," "," "," ",
03-218,"Norton Public Schools",0.18899999999999997," "," "," "," ",5,2545,0,0," "," "," ",
03-273,"Somerset Public Schools",0.19620958751393533," "," "," "," ",4,1794,0,0," "," "," ",
03-292,"Swansea Public Schools",0.171115347950429," "," "," "," ",6,2098,0,0," "," "," ",
03-292-P215,"South Coast Educational Collaborative",0.5379,X," ",X," ",2,145,2,145," ",S," ",
03-293,"Taunton Public Schools",0.20739999999999997," "," ",X," ",13,8198,7,2928," ",S," ",
03-293-1,"Bristol-Plymouth Regional School Dist.",0.2336," "," "," "," ",1,1267,0,0," "," "," ",
03-331,"Westport Community School District",0.3383," ",X," "," ",5,1422,0,0," "," "," ",
04-089,"Edgartown School Committee",0.35869999999999996," ",X," "," ",1,368,0,0," "," "," ",
04-221,"Oak Bluffs School Committee",0.3295," ",X," "," ",1,440,0,0," "," "," ",
04-221-1,"Martha's Vineyard Regional High School",0.17384615384615384," "," "," "," ",1,650,0,0," "," "," ",
04-221-CS-21,"Martha's Vineyard Charter School",0.36560000000000004," ",X," "," ",1,186,0,0," "," "," ",
04-296,"Tisbury School Committee",0.0337," "," "," "," ",1,297,0,0," "," "," ",
05-007,"Amesbury Public Schools",0.0388," "," "," "," ",5,2190,0,0," "," "," ",
05-009-1,"Greater Lawrence Regional Voc School",0.5632,X," ",X," ",1,1488,1,1488," ",S," ",
05-009-4,"Collab. for Reg. Ed. Serv.& Training",0.5403,X," ",X," ",3,298,3,298," ",S," ",
05-030,"Beverly Public Schools",0.21845318860244234," "," "," "," ",12,5159,0,0," "," "," ",
05-030-5,"Northshore Education Consortium",0.4065,X," "," "," ",3,337,0,0," "," "," ",
05-107,"Gloucester School Committee",0.41600000000000004,X," "," "," ",9,2966,0,0," "," "," ",
05-128,"Haverhill Public Schools",0.3676," ",X," "," ",22,8754,0,0," "," "," ",
05-128-1,"Whittier Regional Vocational Tech High",0.1364," "," "," "," ",1,1246,0,0," "," "," ",
05-149,"Lawrence Public Schools",0.6413,X," ",X,X,26,14821,22,14545," ",S," ",
05-149-4,"Community Day Charter School",0.57,X," ",X,X,2,400,2,400," ",S," ",
05-149-CS-54,"Community Day Charter Gateway",0," "," ",X,X,2,320,2,320," ",S," ",
05-149-CS-55,"COMMUNITY DAY CHARTER PS-WBSTR",0.4219,X," ",X,X,2,320,2,320,A," "," ",
05-149-CS-7,"Lawrence Family Dev. Charter",0.523,X," ",X," ",3,738,3,738," ",S," ",
05-149-P208,"ESPERANZA ACADEMY INC",1,X," ",X," ",1,60,1,60," ",S," ",
05-149-P4145,"LAWRENCE CATHOLIC ACADEMY INC",0.36939999999999995," ",X,X," ",1,444,1,444," ",S," ",
05-163,"Lynn Public Schools",0.5428000000000001,X," "," "," ",36,18059,0,0," "," "," ",
05-163-CS-4,"Kipp Academy Lynn Charter School",0.5143,X," ",X," ",3,1326,3,1326," ",S," ",
05-164-P500,"Seem Collaborative",0.5954,X," "," "," ",5,304,0,0," "," "," ",
05-181,"Methuen Public Schools",0.3328," ",X," "," ",6,7205,0,0," "," "," ",
05-211,"North Andover Public Schools",0.17850000000000002," "," "," "," ",7,4679,0,0," "," "," ",
05-229,"Peabody Public Schools",0.2615," "," "," "," ",11,7087,0,0," "," "," ",
05-252,"Rockport School Committee",0.1618," "," "," "," ",2,1020,0,0," "," "," ",
05-254-1,"Triton Regional School District",0.24100000000000002," "," "," "," ",5,2415,0,0," "," "," ",
05-258,"Salem School Department",0.5825,X," ",X,X,12,4110,12,4110," ",S," ",
05-258-CS-4,"Salem Academy Charter School",0.3235," ",X," "," ",1,473,0,0," "," "," ",
05-262,"Saugus School Committee",0.2756," "," "," "," ",7,2732,0,0," "," "," ",
06-053-1,"Hawlemont Regional School District",0.5353,X," ",X,X,1,170,1,170," ",S," ",
06-068,"Conway School Committee",0.23076923076923078," "," "," "," ",1,143,0,0," "," "," ",
06-091,"Erving Public Schools",0.4583,X," ",X,X,1,144,1,144," ",S," ",
06-114,"Greenfield Public Schools",0.1685," "," ",X,X,7,1929,3,615," ",S," ",
06-192-1,"Gill-Montague Regional School District",0.4861,X," ",X,X,4,973,2,379," ",S," ",
06-192-2,"Franklin County Technical School",0.33399999999999996," ",X," "," ",1,494,0,0," "," "," ",
06-206,"New Salem-Wendell Regional Sch District",0.4654,X," "," "," ",1,159,0,0," "," "," ",
06-216-1,"Pioneer Valley Regional School District",0.2462," "," "," "," ",5,796,0,0," "," "," ",
06-223,"Orange School Committee",0.5053,X," ",X,X,2,568,2,568," ",S," ",
06-223-1,"Ralph C Mahar Regional School District",0.3859," ",X,X," ",1,679,1,679," ",S," ",
06-253,"Rowe School Committee",0.2353," "," "," "," ",1,68,0,0," "," "," ",
06-268-1A,"Mohawk Trail Regional School District",0.38270000000000004," ",X," "," ",5,993,0,0," "," "," ",
06-272,"Shutesbury Public Schools",0.29600000000000004," "," "," "," ",1,125,0,0," "," "," ",
06-289,"Sunderland School Committee",0.284," "," "," "," ",1,243,0,0," "," "," ",
07-005,"Agawam Public Schools",0.27697743952160914," "," "," "," ",7,3679,0,0," "," "," ",
07-061,"Chicopee Public Schools",0.5915,X," ",X," ",15,7565,15,7565," ",S," ",
07-087,"East Longmeadow Public Schools",0.1821," "," "," "," ",5,2664,0,0," "," "," ",
07-135,"Holland School Committee",0.4225,X," "," "," ",1,213,0,0," "," "," ",
07-137,"Holyoke Public Schools",0.6513,X," ",X,X,21,6510,19,6386," ",S," ",
07-137-CS-2,"Holyoke Community Charter School",0.5997,X," ",X,X,1,702,1,702," ",S," ",
07-159-P240,"Yeshiva Achei Tmimim",0.3," "," "," "," ",1,90,0,0," "," "," ",
07-161,"Ludlow Public Schools",0.2175732217573222," "," "," "," ",6,2868,0,0," "," "," ",
07-191,"Monson Public Schools",0.26539999999999997," "," "," "," ",3,878,0,0," "," "," ",
07-227,"Palmer Public Schools",0.4249,X," "," "," ",3,1652,0,0," "," "," ",
07-227-2,"Pathfinder Regional Voc Tech HS",0.3194," ",X," "," ",1,623,0,0," "," "," ",
07-279-1,"Southwick-Tolland Reg'l Schl Dist",0.1809," "," "," "," ",4,1752,0,0," "," "," ",
07-281,"Springfield Public Schools",0.7189,X," ",X," ",70,30887,68,30834," ",S," ",
07-281-CS-64,"SPRINGFIELD PREPARATORY CHARTER",0.7243,X," ",X," ",1,214,1,214," ",S," ",
07-306,"Wales School Committee",0.5959,X," "," "," ",1,146,0,0," "," "," ",
07-325,"Westfield Public Schools",0.4003,X," ",X," ",13,5666,2,470," ",S," ",
07-332,"West Springfield School Committee",0.4943,X," ",X," ",10,4277,5,2137," ",S," ",
07-332-1,"Lower Pioneer Valley Ed Collaborative",0.48219999999999996,X," ",X," ",1,421,1,421," ",S," ",
07-339-1,"Hampden-Wilbraham Regional Sch District",0.1278," "," "," "," ",7,3028,0,0," "," "," ",
08-008,"Amherst School Committee",0.30434782608695654," "," "," "," ",3,1173,0,0," "," "," ",
08-008-1,"Amherst/Pelham Regional School District",0.2348," "," "," "," ",3,1350,0,0," "," "," ",
08-024,"Belchertown School Committee",0.2642," "," "," "," ",5,2316,0,0," "," "," ",
08-060-1,"Chesterfield-Goshen Regional",0.2464," "," "," "," ",1,138,0,0," "," "," ",
08-086,"Easthampton Public Schools",0.3258," ",X," "," ",5,1510,0,0," "," "," ",
08-111,"Granby School Committee",0.1427," "," "," "," ",3,715,0,0," "," "," ",
08-117,"Hadley School Department",0.1913," "," "," "," ",2,528,0,0," "," "," ",
08-143-1,"Gateway Regional School District",0.3861," ",X,X," ",3,834,1,127," ",S," ",
08-210,"Northampton Public Schools",0.2572," "," "," "," ",6,2768,0,0," "," "," ",
08-210A,"Northampton - Smith Vocational",0.3273," ",X," "," ",1,498,0,0," "," "," ",
08-278,"South Hadley School Committee",0.10546541417591802," "," "," "," ",5,2342,0,0," "," "," ",
08-309,"Ware School Committee",0.4622,X," "," "," ",3,1229,0,0," "," "," ",
08-340,"Williamsburg School Department",0.22519999999999998," "," "," "," ",1,151,0,0," "," "," ",
08-349,"Worthington Public Schools",0.36920000000000003," ",X," "," ",1,65,0,0," "," "," ",
09-010-P371,"Schools for Children",0.24691358024691357," "," "," "," ",2,81,0,0," "," "," ",
09-014,"Ashland Public Schools",0.12187736563209689," "," "," "," ",5,2642,0,0," "," "," ",
09-019-1,"AYER-SHIRLEY REGIONAL DISTRICT",0.2144," "," "," "," ",4,1950,0,0," "," "," ",
09-031,"Billerica Public Schools",0.21159671138035482," "," "," "," ",9,4622,0,0," "," "," ",
09-049,"Cambridge School Department",0.32780000000000004," ",X," "," ",18,6999,0,0," "," "," ",
09-049-4,"Benjamin Banneker Charter School",0.5571,X," ",X,X,1,350,1,350," ",S," ",
09-049-CS-5,"Community Charter School",0.3718," ",X,X,X,1,355,1,355," ",S," ",
09-049-P41,"James F. Farr Academy",0.4375," "," "," "," ",1,32,0,0," "," "," ",
09-079,"Dracut Public Schools",0.17697169552074746," "," "," "," ",6,3639,0,0," "," "," ",
09-093,"Everett Public Schools",0.4391,X," ",X," ",13,8806,9,7140," ",S," ",
09-100,"Framingham Public Schools",0.039599999999999996," "," "," "," ",16,8832,0,0," "," "," ",
09-100-2,"Southern Middlesex Reg. Voc. Tech.",0.41359999999999997,X," "," "," ",1,723,0,0," "," "," ",
09-141,"Hudson Public Schools",0.0971," "," "," "," ",5,2636,0,0," "," "," ",
09-155-2,"Minuteman Regional Vocational Tech",0.2148," "," "," "," ",1,526,0,0," "," "," ",
09-160,"Lowell Public Schools",0.679,X," ",X,X,28,14703,28,14703,A," "," ",
09-160-4,"Lowell Middlesex Academy",0.7778,X," ",X,X,1,99,1,99," ",S," ",
09-160-CS-22,"Lowell Community Charter School",0.5821999999999999,X," ",X," ",1,797,1,797," ",S," ",
09-160-CS-59,"COLLEGIATE CHARTER SCHOOL OF LOWELL",0.45539999999999997,X," "," "," ",1,751,0,0," "," "," ",
09-160-P125,"Mother Caroline Academy & Education Ctr.",0.5,X," ",X," ",1,70,1,70," ",S," ",
09-160-P4154,"St Patrick School",0.6304,X," "," "," ",1,138,0,0," "," "," ",
09-160-P4155,"ST. LOUIS SCHOOL",0.2411764705882353," "," "," "," ",1,170,0,0," "," "," ",
09-165,"Malden Public Schools",0.6004999999999999,X," "," "," ",7,6718,0,0," "," "," ",
09-165-CS-13,"Mystic Valley Advantage Regional Charter",0.07211231652839821," "," "," "," ",3,1567,0,0," "," "," ",
09-165-P198,"CHEVERUS CENTENNIAL SCHOOL",0.0907," "," "," "," ",1,364,0,0," "," "," ",
09-170,"Marlborough School Department",0.40409999999999996,X," "," "," ",7,4756,0,0," "," "," ",
09-170-1,"Assabet Valley Regional Vocational S. D.",0.2815," "," "," "," ",1,1119,0,0," "," "," ",
09-176,"Medford Public Schools",0.28983516483516486," "," "," "," ",8,4368,0,0," "," "," ",
09-207,"Newton Public Schools",0.09630000000000001," "," "," "," ",24,13151,0,0," "," "," ",
09-274,"Somerville Public Schools",0.41600000000000004,X," ",X," ",12,5185,4,999," ",S," ",
09-274-CS-18,"Prospect Hill Academy",0.18482999128160418," "," "," "," ",3,1147,0,0," "," "," ",
09-299-1,"North Middlesex Reg'l School Dist",0.18100000000000002," "," "," "," ",6,3049,0,0," "," "," ",
09-301-2,"Greater Lowell Regional Voc Tech",0.4868,X," "," "," ",1,2200,0,0," "," "," ",
09-305-1,"Northeast Metropolitan Regional Voc",0.2943," "," "," "," ",1,1230,0,0," "," "," ",
09-308,"Waltham Public Schools",0.35479999999999995," ",X,X,X,11,5708,1,455," ",S," ",
09-314,"Watertown Public Schools",0.23149999999999998," "," "," "," ",5,2501,0,0," "," "," ",
09-347,"Woburn Public Schools",0.21239999999999998," "," "," "," ",12,4614,0,0," "," "," ",
10-197,"Nantucket School Committee",0.3003," ",X," "," ",3,1645,0,0," "," "," ",
11-018,"Avon Public Schools",0.2953," "," "," "," ",2,762,0,0," "," "," ",
11-025,"Bellingham Public Schools",0.2059," "," "," "," ",5,2171,0,0," "," "," ",
11-040,"Braintree Public Schools",0.19920000000000002," "," "," "," ",11,5918,0,0," "," "," ",
11-050-1,"Blue Hills Regional School District",0.2993," "," "," "," ",1,842,0,0," "," "," ",
11-073,"Dedham Public Schools",0.24739999999999998," "," "," "," ",7,2648,0,0," "," "," ",
11-099-CS-15,"Foxborough Regional Charter School",0.2877," "," "," "," ",2,1519,0,0," "," "," ",
11-101-2,"Tri-County Regional Vocational Tech",0.19649999999999998," "," "," "," ",1,972,0,0," "," "," ",
11-133,"Holbrook Public Schools",0.3331," ",X," "," ",3,1498,0,0," "," "," ",
11-133-P4125,"St Joseph School",0.2827," "," "," "," ",1,237,0,0," "," "," ",
11-189,"Milton School Committee",0.1193," "," "," "," ",5,4115,0,0," "," "," ",
11-220,"Norwood Public Schools",0.205761316872428," "," "," "," ",9,3645,0,0," "," "," ",
11-238,"Plainville School Committee",0.2271," "," "," "," ",2,656,0,0," "," "," ",
11-243,"Quincy Public Schools",0.3675," ",X,X," ",22,9385,3,1167," ",S," ",
11-244,"Randolph Public Schools",0.5179,X," "," "," ",6,2821,0,0," "," "," ",
11-285,"Stoughton Public Schools",0.2735487404162103," "," "," "," ",7,3652,0,0," "," "," ",
11-307,"Walpole Public Schools",0.1183," "," "," "," ",9,3990,0,0," "," "," ",
11-336,"Weymouth Public Schools",0.26714463840399," "," "," "," ",13,6416,0,0," "," "," ",
12-001,"Abington Public Schools",0.2159," "," "," "," ",5,2066,0,0," "," "," ",
12-044,"Brockton Public Schools",0.5617,X," ",X," ",26,17133,23,16738," ",S," ",
12-044-CS-65,"NEW HEIGHTS CHARTER SCHOOL OF BROCKTON",0," "," ",X," ",1,420,1,420," ",S," ",
12-052,"Carver School Committee",0.2237," "," "," "," ",3,1533,0,0," "," "," ",
12-122-1,"South Shore Regional Voc Tech HS",0.37170000000000003," ",X," "," ",1,635,0,0," "," "," ",
12-142,"Hull Public Schools",0.3691," ",X," "," ",3,913,0,0," "," "," ",
12-146-1,"Freetown-Lakeville Regional School Dist.",0.1387," "," "," "," ",5,2898,0,0," "," "," ",
12-171,"Marshfield Public Schools",0.1267," "," "," "," ",7,3986,0,0," "," "," ",
12-173-1,"Old Rochester Regional School District",0.1674," "," "," "," ",5,2670,0,0," "," "," ",
12-182,"Middleborough Public Schools",0.2332," "," "," "," ",5,2929,0,0," "," "," ",
12-239,"Plymouth School Committee",0.011899999999999999," "," ",X," ",12,7490,1,157," ",S," ",
12-251,"Rockland School Committee",0.4294,X," "," "," ",5,2168,0,0," "," "," ",
12-251-4,"NORTH RIVER COLLABORATIVE",0.8679000000000001,X," ",X,X,1,53,1,53," ",S," ",
12-310,"Wareham School Committee",0.5019,X," ",X," ",6,2313,6,2313," ",S," ",
12-323,"West Bridgewater School Committee",0.15738498789346247," "," "," "," ",4,1239,0,0," "," "," ",
12-338-1,"Whitman-Hanson Regional School District",0.1895," "," "," "," ",9,3941,0,0," "," "," ",
13-035,"Boston School Committee",0.6567000000000001,X," ",X," ",128,56985,127,56947," ",S," ",
13-035-4,"Neighborhood House Charter School",0.4171,X," ",X," ",2,561,2,561," ",S," ",
13-035-5,"City On A Hill Charter School",0.6444,X," ",X," ",1,270,1,270," ",S," ",
13-035-6,"Boston Renaissance Charter School",0.4936,X," ",X," ",1,942,1,942," ",S," ",
13-035-CS-11,"Academy of the Pacific Rim",0.42310000000000003,X," "," "," ",1,527,0,0," "," "," ",
13-035-CS-17,"BOSTON COLLEGIATE CHARTER SCHOOL",0.27896995708154504," "," "," "," ",2,699,0,0," "," "," ",
13-035-CS-19,"Roxbury Preparatory Charter School",0.6709999999999999,X," ",X," ",5,1392,5,1392," ",S," ",
13-035-CS-20,"Conservatory Lab Charter School",0.6709,X," "," "," ",2,316,0,0," "," "," ",
13-035-CS-23,"Media and Technology Charter High School",0.5752,X," ",X,X,4,1309,4,1309," ",S," ",
13-035-CS-26,"BROOKE CHARTER SCHOOL",0.44270000000000004,X," ",X," ",4,1753,4,1753," ",S," ",
13-035-CS-28,"Excel Academy Charter School",0.48310000000000003,X," ",X," ",4,1126,2,450," ",S," ",
13-035-CS-32,"HELEN Y. DAVIS LEADERSHIP ACAD. CHARTER",0.4954,X," ",X,X,1,216,1,216," ",S," ",
13-035-CS-34,"Boston Preparatory Charter School",0.3486," ",X,X,X,1,459,1,459," ",S," ",
13-035-CS-438,"Codman Academy Charter School",0.5268,X," ",X," ",2,336,2,336," ",S," ",
13-035-CS-46,"BRIDGE BOSTON CHARTER SCHOOL",0.5953,X," ",X,X,2,467,2,467," ",S," ",
13-035-CS-56,"Kipp Academy Charter School",0.3881," ",X,X," ",2,840,2,840," ",S," ",
13-035-CS-58,"CITY ON A HILL CHARTER PS II",0.6525,X," ",X," ",1,259,1,259," ",S," ",
13-035-P142,"Judge Baker Guidance Center",0.2807017543859649," "," "," "," ",1,114,0,0," "," "," ",
13-035-P200,"CRISTO REY BOSTON HIGH SCHOOL",0.20783132530120482," "," "," "," ",1,332,0,0," "," "," ",
13-035-P214,"Malik Academy",0.3186," ",X," "," ",2,113,0,0," "," "," ",
13-035-P217,"POPE JOHN PAULII CATHOLIC ACAD",0.4329,X," "," "," ",4,1155,0,0," "," "," ",
13-035-P40,"Nativity Preparatory School",0.3803," ",X," "," ",1,71,0,0," "," "," ",
13-035-P403,"Cathedral High School",0," "," "," "," ",1,357,0,0," "," "," ",
13-035-P420,"East Boston Central Catholic",0.3218," ",X," "," ",1,202,0,0," "," "," ",
13-035-P432,"Sacred Heart School",0.2296," "," "," "," ",1,257,0,0," "," "," ",
13-035-P437,"St Patrick Elementary School",0.5438000000000001,X," "," "," ",1,160,0,0," "," "," ",
13-035-P439,"Our Lady of Perpetual Help Mission Gr.",0.45,X," ",X," ",1,200,1,200," ",S," ",
13-035-P48,"Epiphany School",0.6023,X," ",X,X,1,88,1,88," ",S," ",
13-057,"Chelsea School Department",0.6151,X," ",X," ",7,6664,5,6315," ",S," ",
13-057-4,"SHORE EDUCATIONAL COLLABORATIVE",0.55,X," ",X," ",1,180,1,180," ",S," ",
13-057-CS-2,"Phoenix Charter Academy",0," "," "," "," ",1,209,0,0," "," "," ",
13-248,"Revere Public Schools",0.5141,X," "," "," ",13,7579,0,0," "," "," ",
13-346,"Winthrop School Committee",0.24233283056812469," "," "," "," ",4,1989,0,0," "," "," ",
14-015-1,"Athol-Royalston Regional School District",0.655,X," ",X," ",4,1481,4,1481," ",S," ",
14-017,"Auburn Public Schools",0.2545," "," "," "," ",5,2562,0,0," "," "," ",
14-021-1,"Quabbin Regional School District",0.2708333333333333," "," "," "," ",6,2160,0,0," "," "," ",
14-032-1,"Blackstone-Millville Regional School",0.2238," "," "," "," ",5,1707,0,0," "," "," ",
14-045,"Brookfield School Committee",0.256140350877193," "," "," "," ",1,285,0,0," "," "," ",
14-054-1,"Dudley-Charlton School District",0.24739999999999998," "," ",X," ",8,3945,1,82," ",S," ",
14-054-2,"Southern Worcester County Regional",0.26780000000000004," "," "," "," ",1,1098,0,0," "," "," ",
14-064,"Clinton School Department",0.3766," ",X," "," ",3,1763,0,0," "," "," ",
14-097,"Fitchburg School Department",0.6607,X," ",X,X,9,5420,9,5420," ",S," ",
14-097-1,"Montachusett Regional Voc Tech",0.2113587347232207," "," "," "," ",1,1391,0,0," "," "," ",
14-097-CS-11,"Sizer School A North Central Essential",0.4294,X," "," "," ",1,347,0,0," "," "," ",
14-103,"Gardner School Committee",0.5381,X," "," "," ",5,2364,0,0," "," "," ",
14-151,"Leicester Public Schools",0.07672955974842767," "," "," "," ",4,1590,0,0," "," "," ",
14-153,"Leominster Public Schools",0.2223," "," "," "," ",9,6128,0,0," "," "," ",
14-185,"Milford Public Schools",0.3876," ",X," "," ",6,4133,0,0," "," "," ",
14-186,"Millbury School Department",0.2268," "," "," "," ",4,1759,0,0," "," "," ",
14-214,"Northbridge Public Schools",0.3262," ",X," "," ",4,2186,0,0," "," "," ",
14-215,"North Brookfield",0.3558," ",X," "," ",2,579,0,0," "," "," ",
14-226,"Oxford Public Schools",0.1726," "," "," "," ",4,1744,0,0," "," "," ",
14-271,"Shrewsbury Public Schools",0.13140000000000002," "," "," "," ",8,5866,0,0," "," "," ",
14-277,"Southbridge Public Schools",0.7226,X," ",X," ",5,2138,5,2138," ",S," ",
14-280-1,"Spencer-East Brookfield Regional",0.49369999999999997,X," "," "," ",4,1426,0,0," "," "," ",
14-287-1,"Tantasqua Regional School District",0.0239," "," "," "," ",2,12451,0,0," "," "," ",
14-287-CS-66,"Old Sturbridge Academy Charter School",0.2704," "," "," "," ",1,159,0,0," "," "," ",
14-294-1,"Narragansett Regional School District",0.2053," "," "," "," ",4,1598,0,0," "," "," ",
14-304,"Uxbridge Public Schools",0.2183," "," "," "," ",4,1718,0,0," "," "," ",
14-311-1,"Quaboag Regional School District",0.42619999999999997,X," ",X," ",3,1342,3,1342," ",S," ",
14-316,"Webster School Committee",0.483,X," ",X," ",5,2029,3,1869," ",S," ",
14-321,"Westborough School Department",0.10738444193912063," "," "," "," ",6,3548,0,0," "," "," ",
14-328-1,Ashburnham-Westminster,0.14328873543375054," "," "," "," ",5,2317,0,0," "," "," ",
14-343,"Winchendon Public Schools",0.4379,X," "," "," ",5,1247,0,0," "," "," ",
14-348,"Worcester Public Schools",0.6081,X," ",X," ",59,26397,59,26397," ",S," ",
14-348-4,"Seven Hills Charter School",0.5660000000000001,X," ",X,X,1,659,1,659," ",S," ",
14-348-CS-12,"Abby Kelley Foster Regional Charter Sch.",0.4322,X," "," "," ",3,1423,0,0," "," "," ",
,,,,,,,,,,,,,,
,,,,,,,,,,,,,,
,,,,,,,,,,,,,,
,,,,,,,,,,,,,,
,,,,,,,,,,,,,,
,,,,,,,,,,,,,,
,,,,,,,,,,,,,,
,,,,,,,,,,,,,,
,,,,,,,,,,,,,,
,,,,,,,,,,,,,,
,,,,,,,,,,,,,,
,,,,,,,,,,,,,,
,,,,,,,,,,,,,,
,,,,,,,,,,,,,,
,,,,,,,,,,,,,,
,,,,,,,,,,,,,,
,,,,,,,,,,,,,,
,,,,,,,,,,,,,,
,,,,,,,,,,,,,,
,,,,,,,,,,,,,,
,,,,,,,,,,,,,,
,,,,,,,,,,,,,,
,,,,,,,,,,,,,,
,,,,,,,,,,,,,,
,,,,,,,,,,,,,,
,,,,,,,,,,,,,,
,,,,,,,,,,,,,,
,,,,,,,,,,,,,,
,,,,,,,,,,,,,,
,,,,,,,,,,,,,,
,,,,,,,,,,,,,,
,,,,,,,,,,,,,,
,,,,,,,,,,,,,,
,,,,,,,,,,,,,,
,,,,,,,,,,,,,,
,,,,,,,,,,,,,,
,,,,,,,,,,,,,,
,,,,,,,,,,,,,,
,,,,,,,,,,,,,,
,,,,,,,,,,,,,,
,,,,,,,,,,,,,,
,,,,,,,,,,,,,,
,,,,,,,,,,,,,,
,,,,,,,,,,,,,,
,,,,,,,,,,,,,,
,,,,,,,,,,,,,,
,,,,,,,,,,,,,,
,,,,,,,,,,,,,,
,,,,,,,,,,,,,,
,,,,,,,,,,,,,,
,,,,,,,,,,,,,,
,,,,,,,,,,,,,,
,,,,,,,,,,,,,,
,,,,,,,,,,,,,,
,,,,,,,,,,,,,,
,,,,,,,,,,,,,,
,,,,,,,,,,,,,,
,,,,,,,,,,,,,,
,,,,,,,,,,,,,,
,,,,,,,,,,,,,,
,,,,,,,,,,,,,,
,,,,,,,,,,,,,,
,,,,,,,,,,,,,,
,,,,,,,,,,,,,,
,,,,,,,,,,,,,,
,,,,,,,,,,,,,,
,,,,,,,,,,,,,,
,,,,,,,,,,,,,,
,,,,,,,,,,,,,,
,,,,,,,,,,,,,,
,,,,,,,,,,,,,,
,,,,,,,,,,,,,,
,,,,,,,,,,,,,,
,,,,,,,,,,,,,,
,,,,,,,,,,,,,,
,,,,,,,,,,,,,,
,,,,,,,,,,,,,,
,,,,,,,,,,,,,,
,,,,,,,,,,,,,,
,,,,,,,,,,,,,,
,,,,,,,,,,,,,,
,,,,,,,,,,,,,,
,,,,,,,,,,,,,,
,,,,,,,,,,,,,,
,,,,,,,,,,,,,,
,,,,,,,,,,,,,,
,,,,,,,,,,,,,,
,,,,,,,,,,,,,,
,,,,,,,,,,,,,,
,,,,,,,,,,,,,,
,,,,,,,,,,,,,,
,,,,,,,,,,,,,,
,,,,,,,,,,,,,,
,,,,,,,,,,,,,,
,,,,,,,,,,,,,,
,,,,,,,,,,,,,,
,,,,,,,,,,,,,,
,,,,,,,,,,,,,,
,,,,,,,,,,,,,,
,,,,,,,,,,,,,,
,,,,,,,,,,,,,,
,,,,,,,,,,,,,,
,,,,,,,,,,,,,,
,,,,,,,,,,,,,,
,,,,,,,,,,,,,,
,,,,,,,,,,,,,,
,,,,,,,,,,,,,,
,,,,,,,,,,,,,,
,,,,,,,,,,,,,,
,,,,,,,,,,,,,,
,,,,,,,,,,,,,,
,,,,,,,,,,,,,,
,,,,,,,,,,,,,,
,,,,,,,,,,,,,,
,,,,,,,,,,,,,,
,,,,,,,,,,,,,,
,,,,,,,,,,,,,,
,,,,,,,,,,,,,,
,,,,,,,,,,,,,,
,,,,,,,,,,,,,,
,,,,,,,,,,,,,,
,,,,,,,,,,,,,,
,,,,,,,,,,,,,,
,,,,,,,,,,,,,,
,,,,,,,,,,,,,,
,,,,,,,,,,,,,,
,,,,,,,,,,,,,,
,,,,,,,,,,,,,,
,,,,,,,,,,,,,,
,,,,,,,,,,,,,,
,,,,,,,,,,,,,,
,,,,,,,,,,,,,,
,,,,,,,,,,,,,,
,,,,,,,,,,,,,,
,,,,,,,,,,,,,,
,,,,,,,,,,,,,,
,,,,,,,,,,,,,,
,,,,,,,,,,,,,,
,,,,,,,,,,,,,,
,,,,,,,,,,,,,,
,,,,,,,,,,,,,,
,,,,,,,,,,,,,,
,,,,,,,,,,,,,,
,,,,,,,,,,,,,,
,,,,,,,,,,,,,,
,,,,,,,,,,,,,,
,,,,,,,,,,,,,,
,,,,,,,,,,,,,,
,,,,,,,,,,,,,,
,,,,,,,,,,,,,,
,,,,,,,,,,,,,,
,,,,,,,,,,,,,,
,,,,,,,,,,,,,,
,,,,,,,,,,,,,,
,,,,,,,,,,,,,,
,,,,,,,,,,,,,,
,,,,,,,,,,,,,,
,,,,,,,,,,,,,,
,,,,,,,,,,,,,,
,,,,,,,,,,,,,,
,,,,,,,,,,,,,,
,,,,,,,,,,,,,,
,,,,,,,,,,,,,,
,,,,,,,,,,,,,,
,,,,,,,,,,,,,,
,,,,,,,,,,,,,,
,,,,,,,,,,,,,,
,,,,,,,,,,,,,,
,,,,,,,,,,,,,,
,,,,,,,,,,,,,,
,,,,,,,,,,,,,,
,,,,,,,,,,,,,,
,,,,,,,,,,,,,,
,,,,,,,,,,,,,,
,,,,,,,,,,,,,,
,,,,,,,,,,,,,,
,,,,,,,,,,,,,,
,,,,,,,,,,,,,,
,,,,,,,,,,,,,,
,,,,,,,,,,,,,,
,,,,,,,,,,,,,,
,,,,,,,,,,,,,,
,,,,,,,,,,,,,,
,,,,,,,,,,,,,,
,,,,,,,,,,,,,,
,,,,,,,,,,,,,,
,,,,,,,,,,,,,,
,,,,,,,,,,,,,,
,,,,,,,,,,,,,,
,,,,,,,,,,,,,,
,,,,,,,,,,,,,,
,,,,,,,,,,,,,,
,,,,,,,,,,,,,,
,,,,,,,,,,,,,,
,,,,,,,,,,,,,,
,,,,,,,,,,,,,,
,,,,,,,,,,,,,,
,,,,,,,,,,,,,,
,,,,,,,,,,,,,,
,,,,,,,,,,,,,,
,,,,,,,,,,,,,,
,,,,,,,,,,,,,,
,,,,,,,,,,,,,,
,,,,,,,,,,,,,,
,,,,,,,,,,,,,,
,,,,,,,,,,,,,,
,,,,,,,,,,,,,,
,,,,,,,,,,,,,,
,,,,,,,,,,,,,,
,,,,,,,,,,,,,,
,,,,,,,,,,,,,,
,,,,,,,,,,,,,,
,,,,,,,,,,,,,,
,,,,,,,,,,,,,,
,,,,,,,,,,,,,,
,,,,,,,,,,,,,,
,,,,,,,,,,,,,,
,,,,,,,,,,,,,,
,,,,,,,,,,,,,,
,,,,,,,,,,,,,,
,,,,,,,,,,,,,,
,,,,,,,,,,,,,,
,,,,,,,,,,,,,,
,,,,,,,,,,,,,,
,,,,,,,,,,,,,,
,,,,,,,,,,,,,,
,,,,,,,,,,,,,,
,,,,,,,,,,,,,,
,,,,,,,,,,,,,,
,,,,,,,,,,,,,,
,,,,,,,,,,,,,,
,,,,,,,,,,,,,,
,,,,,,,,,,,,,,
,,,,,,,,,,,,,,
,,,,,,,,,,,,,,
,,,,,,,,,,,,,,
,,,,,,,,,,,,,,
,,,,,,,,,,,,,,
,,,,,,,,,,,,,,
,,,,,,,,,,,,,,
,,,,,,,,,,,,,,
,,,,,,,,,,,,,,
,,,,,,,,,,,,,,
,,,,,,,,,,,,,,
,,,,,,,,,,,,,,
,,,,,,,,,,,,,,
,,,,,,,,,,,,,,
,,,,,,,,,,,,,,
,,,,,,,,,,,,,,
,,,,,,,,,,,,,,
,,,,,,,,,,,,,,
,,,,,,,,,,,,,,
,,,,,,,,,,,,,,
,,,,,,,,,,,,,,
,,,,,,,,,,,,,,
,,,,,,,,,,,,,,
,,,,,,,,,,,,,,
,,,,,,,,,,,,,,
,,,,,,,,,,,,,,
,,,,,,,,,,,,,,
,,,,,,,,,,,,,,
,,,,,,,,,,,,,,
,,,,,,,,,,,,,,
,,,,,,,,,,,,,,
,,,,,,,,,,,,,,
,,,,,,,,,,,,,,
,,,,,,,,,,,,,,
,,,,,,,,,,,,,,
,,,,,,,,,,,,,,
,,,,,,,,,,,,,,
,,,,,,,,,,,,,,
,,,,,,,,,,,,,,
,,,,,,,,,,,,,,
,,,,,,,,,,,,,,
,,,,,,,,,,,,,,
,,,,,,,,,,,,,,
,,,,,,,,,,,,,,
,,,,,,,,,,,,,,
,,,,,,,,,,,,,,
,,,,,,,,,,,,,,
,,,,,,,,,,,,,,
,,,,,,,,,,,,,,
,,,,,,,,,,,,,,
,,,,,,,,,,,,,,
,,,,,,,,,,,,,,
,,,,,,,,,,,,,,
,,,,,,,,,,,,,,
,,,,,,,,,,,,,,
,,,,,,,,,,,,,,
,,,,,,,,,,,,,,
,,,,,,,,,,,,,,
,,,,,,,,,,,,,,
,,,,,,,,,,,,,,
,,,,,,,,,,,,,,
,,,,,,,,,,,,,,
,,,,,,,,,,,,,,
,,,,,,,,,,,,,,
,,,,,,,,,,,,,,
,,,,,,,,,,,,,,
,,,,,,,,,,,,,,
,,,,,,,,,,,,,,
,,,,,,,,,,,,,,
,,,,,,,,,,,,,,
,,,,,,,,,,,,,,
,,,,,,,,,,,,,,
,,,,,,,,,,,,,,
,,,,,,,,,,,,,,
,,,,,,,,,,,,,,
,,,,,,,,,,,,,,
,,,,,,,,,,,,,,
,,,,,,,,,,,,,,
,,,,,,,,,,,,,,
,,,,,,,,,,,,,,
,,,,,,,,,,,,,,
,,,,,,,,,,,,,,
,,,,,,,,,,,,,,
,,,,,,,,,,,,,,
,,,,,,,,,,,,,,
,,,,,,,,,,,,,,
,,,,,,,,,,,,,,
,,,,,,,,,,,,,,
,,,,,,,,,,,,,,
,,,,,,,,,,,,,,
,,,,,,,,,,,,,,
,,,,,,,,,,,,,,
,,,,,,,,,,,,,,
,,,,,,,,,,,,,,
,,,,,,,,,,,,,,
,,,,,,,,,,,,,,
,,,,,,,,,,,,,,
,,,,,,,,,,,,,,
,,,,,,,,,,,,,,
,,,,,,,,,,,,,,
,,,,,,,,,,,,,,
,,,,,,,,,,,,,,
,,,,,,,,,,,,,,
,,,,,,,,,,,,,,
,,,,,,,,,,,,,,
,,,,,,,,,,,,,,
,,,,,,,,,,,,,,
,,,,,,,,,,,,,,
,,,,,,,,,,,,,,
,,,,,,,,,,,,,,
,,,,,,,,,,,,,,
,,,,,,,,,,,,,,
,,,,,,,,,,,,,,
,,,,,,,,,,,,,,
,,,,,,,,,,,,,,
,,,,,,,,,,,,,,
,,,,,,,,,,,,,,
,,,,,,,,,,,,,,
,,,,,,,,,,,,,,
,,,,,,,,,,,,,,
,,,,,,,,,,,,,,
,,,,,,,,,,,,,,
,,,,,,,,,,,,,,
,,,,,,,,,,,,,,
,,,,,,,,,,,,,,
,,,,,,,,,,,,,,
,,,,,,,,,,,,,,
,,,,,,,,,,,,,,
,,,,,,,,,,,,,,
,,,,,,,,,,,,,,
,,,,,,,,,,,,,,
,,,,,,,,,,,,,,
,,,,,,,,,,,,,,
,,,,,,,,,,,,,,
,,,,,,,,,,,,,,
,,,,,,,,,,,,,,
,,,,,,,,,,,,,,
,,,,,,,,,,,,,,
,,,,,,,,,,,,,,
,,,,,,,,,,,,,,
,,,,,,,,,,,,,,
,,,,,,,,,,,,,,
,,,,,,,,,,,,,,
,,,,,,,,,,,,,,
,,,,,,,,,,,,,,
,,,,,,,,,,,,,,
,,,,,,,,,,,,,,
,,,,,,,,,,,,,,
,,,,,,,,,,,,,,
,,,,,,,,,,,,,,
,,,,,,,,,,,,,,
,,,,,,,,,,,,,,
,,,,,,,,,,,,,,
,,,,,,,,,,,,,,
,,,,,,,,,,,,,,
,,,,,,,,,,,,,,
,,,,,,,,,,,,,,
,,,,,,,,,,,,,,
,,,,,,,,,,,,,,
,,,,,,,,,,,,,,
,,,,,,,,,,,,,,
,,,,,,,,,,,,,,
,,,,,,,,,,,,,,
,,,,,,,,,,,,,,
,,,,,,,,,,,,,,
,,,,,,,,,,,,,,
,,,,,,,,,,,,,,
,,,,,,,,,,,,,,
,,,,,,,,,,,,,,
,,,,,,,,,,,,,,
,,,,,,,,,,,,,,
,,,,,,,,,,,,,,
,,,,,,,,,,,,,,
,,,,,,,,,,,,,,
,,,,,,,,,,,,,,
,,,,,,,,,,,,,,
,,,,,,,,,,,,,,
,,,,,,,,,,,,,,
,,,,,,,,,,,,,,
,,,,,,,,,,,,,,
,,,,,,,,,,,,,,
,,,,,,,,,,,,,,
,,,,,,,,,,,,,,
,,,,,,,,,,,,,,
,,,,,,,,,,,,,,
,,,,,,,,,,,,,,
,,,,,,,,,,,,,,
,,,,,,,,,,,,,,
,,,,,,,,,,,,,,
,,,,,,,,,,,,,,
,,,,,,,,,,,,,,
,,,,,,,,,,,,,,
,,,,,,,,,,,,,,
,,,,,,,,,,,,,,
,,,,,,,,,,,,,,
,,,,,,,,,,,,,,
,,,,,,,,,,,,,,
,,,,,,,,,,,,,,
,,,,,,,,,,,,,,
,,,,,,,,,,,,,,
,,,,,,,,,,,,,,
,,,,,,,,,,,,,,
,,,,,,,,,,,,,,
,,,,,,,,,,,,,,
,,,,,,,,,,,,,,
,,,,,,,,,,,,,,
,,,,,,,,,,,,,,
,,,,,,,,,,,,,,
,,,,,,,,,,,,,,
,,,,,,,,,,,,,,
,,,,,,,,,,,,,,
,,,,,,,,,,,,,,
,,,,,,,,,,,,,,
,,,,,,,,,,,,,,
,,,,,,,,,,,,,,
,,,,,,,,,,,,,,
,,,,,,,,,,,,,,
,,,,,,,,,,,,,,
,,,,,,,,,,,,,,
,,,,,,,,,,,,,,
,,,,,,,,,,,,,,
,,,,,,,,,,,,,,
,,,,,,,,,,,,,,
,,,,,,,,,,,,,,
,,,,,,,,,,,,,,
,,,,,,,,,,,,,,
,,,,,,,,,,,,,,
,,,,,,,,,,,,,,
,,,,,,,,,,,,,,
,,,,,,,,,,,,,,
,,,,,,,,,,,,,,
,,,,,,,,,,,,,,
,,,,,,,,,,,,,,
,,,,,,,,,,,,,,
,,,,,,,,,,,,,,
,,,,,,,,,,,,,,
,,,,,,,,,,,,,,
,,,,,,,,,,,,,,
,,,,,,,,,,,,,,
,,,,,,,,,,,,,,
,,,,,,,,,,,,,,
,,,,,,,,,,,,,,
,,,,,,,,,,,,,,
,,,,,,,,,,,,,,
,,,,,,,,,,,,,,
,,,,,,,,,,,,,,
,,,,,,,,,,,,,,
,,,,,,,,,,,,,,
,,,,,,,,,,,,,,
,,,,,,,,,,,,,,
,,,,,,,,,,,,,,
,,,,,,,,,,,,,,
,,,,,,,,,,,,,,
,,,,,,,,,,,,,,
,,,,,,,,,,,,,,
,,,,,,,,,,,,,,
,,,,,,,,,,,,,,
,,,,,,,,,,,,,,
,,,,,,,,,,,,,,
,,,,,,,,,,,,,,
,,,,,,,,,,,,,,
,,,,,,,,,,,,,,
,,,,,,,,,,,,,,
,,,,,,,,,,,,,,
,,,,,,,,,,,,,,
,,,,,,,,,,,,,,
,,,,,,,,,,,,,,
,,,,,,,,,,,,,,
,,,,,,,,,,,,,,
,,,,,,,,,,,,,,
,,,,,,,,,,,,,,
,,,,,,,,,,,,,,
,,,,,,,,,,,,,,
,,,,,,,,,,,,,,
,,,,,,,,,,,,,,
,,,,,,,,,,,,,,
,,,,,,,,,,,,,,
,,,,,,,,,,,,,,
,,,,,,,,,,,,,,
,,,,,,,,,,,,,,
,,,,,,,,,,,,,,
,,,,,,,,,,,,,,
,,,,,,,,,,,,,,
,,,,,,,,,,,,,,
,,,,,,,,,,,,,,
,,,,,,,,,,,,,,
,,,,,,,,,,,,,,
,,,,,,,,,,,,,,
,,,,,,,,,,,,,,
,,,,,,,,,,,,,,
,,,,,,,,,,,,,,
,,,,,,,,,,,,,,
,,,,,,,,,,,,,,
,,,,,,,,,,,,,,
,,,,,,,,,,,,,,
,,,,,,,,,,,,,,
,,,,,,,,,,,,,,
,,,,,,,,,,,,,,
,,,,,,,,,,,,,,
,,,,,,,,,,,,,,
,,,,,,,,,,,,,,
,,,,,,,,,,,,,,
,,,,,,,,,,,,,,
,,,,,,,,,,,,,,
,,,,,,,,,,,,,,
,,,,,,,,,,,,,,
,,,,,,,,,,,,,,
,,,,,,,,,,,,,,
,,,,,,,,,,,,,,
,,,,,,,,,,,,,,
,,,,,,,,,,,,,,
,,,,,,,,,,,,,,
,,,,,,,,,,,,,,
,,,,,,,,,,,,,,
,,,,,,,,,,,,,,
,,,,,,,,,,,,,,
,,,,,,,,,,,,,,
,,,,,,,,,,,,,,
,,,,,,,,,,,,,,
,,,,,,,,,,,,,,
,,,,,,,,,,,,,,
,,,,,,,,,,,,,,
,,,,,,,,,,,,,,
,,,,,,,,,,,,,,
,,,,,,,,,,,,,,
,,,,,,,,,,,,,,
,,,,,,,,,,,,,,
,,,,,,,,,,,,,,
,,,,,,,,,,,,,,
,,,,,,,,,,,,,,
,,,,,,,,,,,,,,
,,,,,,,,,,,,,,
,,,,,,,,,,,,,,
,,,,,,,,,,,,,,
,,,,,,,,,,,,,,
,,,,,,,,,,,,,,
,,,,,,,,,,,,,,
,,,,,,,,,,,,,,
,,,,,,,,,,,,,,
,,,,,,,,,,,,,,
,,,,,,,,,,,,,,
,,,,,,,,,,,,,,
,,,,,,,,,,,,,,
,,,,,,,,,,,,,,
,,,,,,,,,,,,,,
,,,,,,,,,,,,,,
,,,,,,,,,,,,,,
,,,,,,,,,,,,,,
,,,,,,,,,,,,,,
,,,,,,,,,,,,,,
,,,,,,,,,,,,,,
,,,,,,,,,,,,,,
,,,,,,,,,,,,,,
,,,,,,,,,,,,,,
,,,,,,,,,,,,,,
,,,,,,,,,,,,,,
,,,,,,,,,,,,,,
,,,,,,,,,,,,,,
,,,,,,,,,,,,,,
,,,,,,,,,,,,,,
,,,,,,,,,,,,,,
,,,,,,,,,,,,,,
,,,,,,,,,,,,,,
,,,,,,,,,,,,,,
,,,,,,,,,,,,,,
,,,,,,,,,,,,,,
,,,,,,,,,,,,,,
,,,,,,,,,,,,,,
,,,,,,,,,,,,,,
,,,,,,,,,,,,,,
,,,,,,,,,,,,,,
,,,,,,,,,,,,,,
,,,,,,,,,,,,,,
,,,,,,,,,,,,,,
,,,,,,,,,,,,,,
,,,,,,,,,,,,,,
,,,,,,,,,,,,,,
,,,,,,,,,,,,,,
,,,,,,,,,,,,,,
,,,,,,,,,,,,,,
,,,,,,,,,,,,,,
,,,,,,,,,,,,,,
,,,,,,,,,,,,,,
,,,,,,,,,,,,,,
,,,,,,,,,,,,,,
,,,,,,,,,,,,,,
,,,,,,,,,,,,,,
,,,,,,,,,,,,,,
,,,,,,,,,,,,,,
,,,,,,,,,,,,,,
,,,,,,,,,,,,,,
,,,,,,,,,,,,,,
,,,,,,,,,,,,,,
,,,,,,,,,,,,,,
,,,,,,,,,,,,,,
,,,,,,,,,,,,,,
,,,,,,,,,,,,,,
,,,,,,,,,,,,,,
,,,,,,,,,,,,,,
,,,,,,,,,,,,,,
,,,,,,,,,,,,,,
,,,,,,,,,,,,,,
,,,,,,,,,,,,,,
,,,,,,,,,,,,,,
,,,,,,,,,,,,,,
,,,,,,,,,,,,,,
,,,,,,,,,,,,,,
,,,,,,,,,,,,,,
,,,,,,,,,,,,,,
,,,,,,,,,,,,,,
,,,,,,,,,,,,,,
,,,,,,,,,,,,,,
,,,,,,,,,,,,,,
,,,,,,,,,,,,,,
,,,,,,,,,,,,,,
,,,,,,,,,,,,,,
,,,,,,,,,,,,,,
,,,,,,,,,,,,,,
,,,,,,,,,,,,,,
,,,,,,,,,,,,,,
,,,,,,,,,,,,,,
,,,,,,,,,,,,,,
,,,,,,,,,,,,,,
,,,,,,,,,,,,,,
,,,,,,,,,,,,,,
,,,,,,,,,,,,,,
,,,,,,,,,,,,,,
,,,,,,,,,,,,,,
,,,,,,,,,,,,,,
,,,,,,,,,,,,,,
,,,,,,,,,,,,,,
,,,,,,,,,,,,,,
,,,,,,,,,,,,,,
,,,,,,,,,,,,,,
,,,,,,,,,,,,,,
,,,,,,,,,,,,,,
,,,,,,,,,,,,,,
,,,,,,,,,,,,,,
,,,,,,,,,,,,,,
,,,,,,,,,,,,,,
,,,,,,,,,,,,,,
,,,,,,,,,,,,,,
,,,,,,,,,,,,,,
,,,,,,,,,,,,,,
,,,,,,,,,,,,,,
,,,,,,,,,,,,,,
,,,,,,,,,,,,,,
,,,,,,,,,,,,,,
,,,,,,,,,,,,,,
,,,,,,,,,,,,,,
,,,,,,,,,,,,,,
,,,,,,,,,,,,,,
,,,,,,,,,,,,,,
,,,,,,,,,,,,,,
,,,,,,,,,,,,,,
,,,,,,,,,,,,,,
,,,,,,,,,,,,,,
,,,,,,,,,,,,,,
,,,,,,,,,,,,,,
,,,,,,,,,,,,,,
,,,,,,,,,,,,,,
,,,,,,,,,,,,,,
,,,,,,,,,,,,,,
,,,,,,,,,,,,,,
,,,,,,,,,,,,,,
,,,,,,,,,,,,,,
,,,,,,,,,,,,,,
,,,,,,,,,,,,,,
,,,,,,,,,,,,,,
,,,,,,,,,,,,,,
,,,,,,,,,,,,,,
,,,,,,,,,,,,,,
,,,,,,,,,,,,,,
,,,,,,,,,,,,,,
,,,,,,,,,,,,,,
,,,,,,,,,,,,,,
,,,,,,,,,,,,,,
,,,,,,,,,,,,,,
,,,,,,,,,,,,,,
,,,,,,,,,,,,,,
,,,,,,,,,,,,,,
,,,,,,,,,,,,,,
,,,,,,,,,,,,,,
,,,,,,,,,,,,,,
,,,,,,,,,,,,,,
,,,,,,,,,,,,,,
,,,,,,,,,,,,,,
,,,,,,,,,,,,,,
,,,,,,,,,,,,,,
,,,,,,,,,,,,,,
,,,,,,,,,,,,,,
,,,,,,,,,,,,,,
,,,,,,,,,,,,,,
,,,,,,,,,,,,,,
,,,,,,,,,,,,,,
,,,,,,,,,,,,,,
,,,,,,,,,,,,,,
,,,,,,,,,,,,,,
,,,,,,,,,,,,,,
,,,,,,,,,,,,,,
,,,,,,,,,,,,,,
,,,,,,,,,,,,,,
,,,,,,,,,,,,,,
,,,,,,,,,,,,,,
,,,,,,,,,,,,,,
,,,,,,,,,,,,,,
,,,,,,,,,,,,,,
,,,,,,,,,,,,,,
,,,,,,,,,,,,,,
,,,,,,,,,,,,,,
,,,,,,,,,,,,,,
,,,,,,,,,,,,,,
,,,,,,,,,,,,,,
,,,,,,,,,,,,,,
,,,,,,,,,,,,,,
,,,,,,,,,,,,,,
,,,,,,,,,,,,,,
,,,,,,,,,,,,,,
,,,,,,,,,,,,,,
,,,,,,,,,,,,,,
,,,,,,,,,,,,,,
,,,,,,,,,,,,,,
,,,,,,,,,,,,,,
,,,,,,,,,,,,,,
,,,,,,,,,,,,,,
,,,,,,,,,,,,,,
,,,,,,,,,,,,,,
,,,,,,,,,,,,,,
,,,,,,,,,,,,,,
,,,,,,,,,,,,,,
,,,,,,,,,,,,,,
,,,,,,,,,,,,,,
,,,,,,,,,,,,,,
,,,,,,,,,,,,,,
,,,,,,,,,,,,,,
,,,,,,,,,,,,,,
,,,,,,,,,,,,,,
,,,,,,,,,,,,,,
,,,,,,,,,,,,,,
,,,,,,,,,,,,,,
,,,,,,,,,,,,,,
,,,,,,,,,,,,,,
,,,,,,,,,,,,,,
,,,,,,,,,,,,,,
,,,,,,,,,,,,,,
,,,,,,,,,,,,,,
,,,,,,,,,,,,,,
,,,,,,,,,,,,,,
,,,,,,,,,,,,,,
,,,,,,,,,,,,,,
,,,,,,,,,,,,,,
,,,,,,,,,,,,,,
,,,,,,,,,,,,,,
,,,,,,,,,,,,,,
,,,,,,,,,,,,,,
,,,,,,,,,,,,,,
,,,,,,,,,,,,,,
,,,,,,,,,,,,,,
,,,,,,,,,,,,,,
,,,,,,,,,,,,,,
,,,,,,,,,,,,,,
,,,,,,,,,,,,,,
,,,,,,,,,,,,,,
,,,,,,,,,,,,,,
,,,,,,,,,,,,,,
,,,,,,,,,,,,,,
,,,,,,,,,,,,,,
,,,,,,,,,,,,,,
,,,,,,,,,,,,,,
,,,,,,,,,,,,,,
,,,,,,,,,,,,,,
,,,,,,,,,,,,,,
,,,,,,,,,,,,,,
,,,,,,,,,,,,,,
,,,,,,,,,,,,,,
,,,,,,,,,,,,,,
,,,,,,,,,,,,,,
,,,,,,,,,,,,,,
,,,,,,,,,,,,,,
,,,,,,,,,,,,,,
,,,,,,,,,,,,,,
,,,,,,,,,,,,,,
,,,,,,,,,,,,,,
,,,,,,,,,,,,,,
,,,,,,,,,,,,,,
,,,,,,,,,,,,,,
,,,,,,,,,,,,,,
,,,,,,,,,,,,,,
,,,,,,,,,,,,,,
,,,,,,,,,,,,,,
,,,,,,,,,,,,,,
,,,,,,,,,,,,,,
,,,,,,,,,,,,,,
,,,,,,,,,,,,,,
,,,,,,,,,,,,,,
,,,,,,,,,,,,,,
,,,,,,,,,,,,,,
,,,,,,,,,,,,,,
,,,,,,,,,,,,,,
,,,,,,,,,,,,,,
,,,,,,,,,,,,,,
,,,,,,,,,,,,,,
,,,,,,,,,,,,,,
,,,,,,,,,,,,,,
,,,,,,,,,,,,,,
,,,,,,,,,,,,,,
,,,,,,,,,,,,,,
,,,,,,,,,,,,,,
,,,,,,,,,,,,,,
,,,,,,,,,,,,,,
,,,,,,,,,,,,,,
,,,,,,,,,,,,,,
,,,,,,,,,,,,,,
,,,,,,,,,,,,,,
,,,,,,,,,,,,,,
,,,,,,,,,,,,,,
,,,,,,,,,,,,,,
,,,,,,,,,,,,,,
,,,,,,,,,,,,,,
,,,,,,,,,,,,,,
,,,,,,,,,,,,,,
,,,,,,,,,,,,,,
,,,,,,,,,,,,,,
,,,,,,,,,,,,,,
,,,,,,,,,,,,,,
,,,,,,,,,,,,,,
,,,,,,,,,,,,,,
,,,,,,,,,,,,,,
,,,,,,,,,,,,,,
,,,,,,,,,,,,,,
,,,,,,,,,,,,,,
,,,,,,,,,,,,,,
,,,,,,,,,,,,,,
,,,,,,,,,,,,,,
,,,,,,,,,,,,,,
,,,,,,,,,,,,,,
,,,,,,,,,,,,,,
,,,,,,,,,,,,,,
,,,,,,,,,,,,,,
,,,,,,,,,,,,,,
,,,,,,,,,,,,,,
,,,,,,,,,,,,,,
,,,,,,,,,,,,,,
,,,,,,,,,,,,,,
,,,,,,,,,,,,,,
,,,,,,,,,,,,,,
,,,,,,,,,,,,,,
,,,,,,,,,,,,,,
,,,,,,,,,,,,,,
,,,,,,,,,,,,,,
,,,,,,,,,,,,,,
,,,,,,,,,,,,,,
,,,,,,,,,,,,,,
,,,,,,,,,,,,,,
,,,,,,,,,,,,,,
,,,,,,,,,,,,,,
,,,,,,,,,,,,,,
,,,,,,,,,,,,,,
,,,,,,,,,,,,,,
,,,,,,,,,,,,,,
,,,,,,,,,,,,,,
,,,,,,,,,,,,,,
,,,,,,,,,,,,,,
,,,,,,,,,,,,,,
,,,,,,,,,,,,,,
,,,,,,,,,,,,,,
,,,,,,,,,,,,,,
,,,,,,,,,,,,,,
,,,,,,,,,,,,,,
,,,,,,,,,,,,,,
,,,,,,,,,,,,,,
,,,,,,,,,,,,,,
,,,,,,,,,,,,,,
,,,,,,,,,,,,,,
,,,,,,,,,,,,,,
,,,,,,,,,,,,,,
,,,,,,,,,,,,,,
,,,,,,,,,,,,,,
,,,,,,,,,,,,,,
,,,,,,,,,,,,,,
,,,,,,,,,,,,,,
,,,,,,,,,,,,,,
,,,,,,,,,,,,,,
,,,,,,,,,,,,,,
,,,,,,,,,,,,,,
,,,,,,,,,,,,,,
,,,,,,,,,,,,,,
,,,,,,,,,,,,,,
,,,,,,,,,,,,,,
,,,,,,,,,,,,,,
,,,,,,,,,,,,,,
,,,,,,,,,,,,,,
,,,,,,,,,,,,,,
,,,,,,,,,,,,,,
,,,,,,,,,,,,,,
,,,,,,,,,,,,,,
,,,,,,,,,,,,,,
,,,,,,,,,,,,,,
,,,,,,,,,,,,,,
,,,,,,,,,,,,,,
,,,,,,,,,,,,,,
,,,,,,,,,,,,,,
,,,,,,,,,,,,,,
,,,,,,,,,,,,,,
,,,,,,,,,,,,,,
,,,,,,,,,,,,,,
,,,,,,,,,,,,,,
,,,,,,,,,,,,,,
,,,,,,,,,,,,,,
,,,,,,,,,,,,,,
,,,,,,,,,,,,,,
,,,,,,,,,,,,,,
,,,,,,,,,,,,,,
,,,,,,,,,,,,,,
,,,,,,,,,,,,,,
,,,,,,,,,,,,,,
,,,,,,,,,,,,,,
,,,,,,,,,,,,,,
,,,,,,,,,,,,,,
,,,,,,,,,,,,,,
,,,,,,,,,,,,,,
,,,,,,,,,,,,,,
,,,,,,,,,,,,,,
,,,,,,,,,,,,,,
,,,,,,,,,,,,,,
,,,,,,,,,,,,,,
,,,,,,,,,,,,,,
,,,,,,,,,,,,,,
,,,,,,,,,,,,,,
,,,,,,,,,,,,,,
,,,,,,,,,,,,,,
,,,,,,,,,,,,,,
,,,,,,,,,,,,,,
,,,,,,,,,,,,,,
,,,,,,,,,,,,,,
,,,,,,,,,,,,,,
,,,,,,,,,,,,,,
,,,,,,,,,,,,,,
,,,,,,,,,,,,,,
,,,,,,,,,,,,,,
,,,,,,,,,,,,,,
,,,,,,,,,,,,,,
,,,,,,,,,,,,,,
,,,,,,,,,,,,,,
,,,,,,,,,,,,,,
,,,,,,,,,,,,,,
,,,,,,,,,,,,,,
,,,,,,,,,,,,,,
,,,,,,,,,,,,,,
,,,,,,,,,,,,,,
,,,,,,,,,,,,,,
,,,,,,,,,,,,,,
,,,,,,,,,,,,,,
,,,,,,,,,,,,,,
,,,,,,,,,,,,,,
,,,,,,,,,,,,,,
,,,,,,,,,,,,,,
,,,,,,,,,,,,,,
,,,,,,,,,,,,,,
,,,,,,,,,,,,,,
,,,,,,,,,,,,,,
,,,,,,,,,,,,,,
,,,,,,,,,,,,,,
,,,,,,,,,,,,,,
,,,,,,,,,,,,,,
,,,,,,,,,,,,,,
,,,,,,,,,,,,,,
,,,,,,,,,,,,,,
,,,,,,,,,,,,,,
,,,,,,,,,,,,,,
,,,,,,,,,,,,,,
,,,,,,,,,,,,,,
,,,,,,,,,,,,,,
,,,,,,,,,,,,,,
,,,,,,,,,,,,,,
,,,,,,,,,,,,,,
,,,,,,,,,,,,,,
,,,,,,,,,,,,,,
,,,,,,,,,,,,,,
,,,,,,,,,,,,,,
,,,,,,,,,,,,,,
,,,,,,,,,,,,,,
,,,,,,,,,,,,,,
,,,,,,,,,,,,,,
,,,,,,,,,,,,,,
,,,,,,,,,,,,,,
,,,,,,,,,,,,,,
,,,,,,,,,,,,,,
,,,,,,,,,,,,,,
,,,,,,,,,,,,,,
,,,,,,,,,,,,,,
,,,,,,,,,,,,,,
,,,,,,,,,,,,,,
,,,,,,,,,,,,,,
,,,,,,,,,,,,,,
,,,,,,,,,,,,,,
,,,,,,,,,,,,,,
,,,,,,,,,,,,,,
,,,,,,,,,,,,,,
,,,,,,,,,,,,,,
,,,,,,,,,,,,,,
,,,,,,,,,,,,,,
,,,,,,,,,,,,,,
,,,,,,,,,,,,,,
,,,,,,,,,,,,,,
,,,,,,,,,,,,,,
,,,,,,,,,,,,,,
,,,,,,,,,,,,,,
,,,,,,,,,,,,,,
,,,,,,,,,,,,,,
,,,,,,,,,,,,,,
,,,,,,,,,,,,,,
,,,,,,,,,,,,,,
,,,,,,,,,,,,,,
,,,,,,,,,,,,,,
,,,,,,,,,,,,,,
,,,,,,,,,,,,,,
,,,,,,,,,,,,,,
,,,,,,,,,,,,,,
,,,,,,,,,,,,,,
,,,,,,,,,,,,,,
,,,,,,,,,,,,,,
,,,,,,,,,,,,,,
,,,,,,,,,,,,,,
,,,,,,,,,,,,,,
,,,,,,,,,,,,,,
,,,,,,,,,,,,,,
,,,,,,,,,,,,,,
,,,,,,,,,,,,,,
,,,,,,,,,,,,,,
,,,,,,,,,,,,,,
,,,,,,,,,,,,,,
,,,,,,,,,,,,,,
,,,,,,,,,,,,,,
,,,,,,,,,,,,,,
,,,,,,,,,,,,,,
,,,,,,,,,,,,,,
,,,,,,,,,,,,,,
,,,,,,,,,,,,,,
,,,,,,,,,,,,,,
,,,,,,,,,,,,,,
,,,,,,,,,,,,,,
,,,,,,,,,,,,,,
,,,,,,,,,,,,,,
,,,,,,,,,,,,,,
,,,,,,,,,,,,,,
,,,,,,,,,,,,,,
,,,,,,,,,,,,,,
,,,,,,,,,,,,,,
,,,,,,,,,,,,,,
,,,,,,,,,,,,,,
,,,,,,,,,,,,,,
,,,,,,,,,,,,,,
,,,,,,,,,,,,,,
,,,,,,,,,,,,,,
,,,,,,,,,,,,,,
,,,,,,,,,,,,,,
,,,,,,,,,,,,,,
,,,,,,,,,,,,,,
,,,,,,,,,,,,,,
,,,,,,,,,,,,,,
,,,,,,,,,,,,,,
,,,,,,,,,,,,,,
,,,,,,,,,,,,,,
,,,,,,,,,,,,,,
,,,,,,,,,,,,,,
,,,,,,,,,,,,,,
,,,,,,,,,,,,,,
,,,,,,,,,,,,,,
,,,,,,,,,,,,,,
,,,,,,,,,,,,,,
,,,,,,,,,,,,,,
,,,,,,,,,,,,,,
,,,,,,,,,,,,,,
,,,,,,,,,,,,,,
,,,,,,,,,,,,,,
,,,,,,,,,,,,,,
,,,,,,,,,,,,,,
,,,,,,,,,,,,,,
,,,,,,,,,,,,,,
,,,,,,,,,,,,,,
,,,,,,,,,,,,,,
,,,,,,,,,,,,,,
,,,,,,,,,,,,,,
,,,,,,,,,,,,,,
,,,,,,,,,,,,,,
,,,,,,,,,,,,,,
,,,,,,,,,,,,,,
,,,,,,,,,,,,,,
,,,,,,,,,,,,,,
,,,,,,,,,,,,,,
,,,,,,,,,,,,,,
,,,,,,,,,,,,,,
,,,,,,,,,,,,,,
,,,,,,,,,,,,,,
,,,,,,,,,,,,,,
,,,,,,,,,,,,,,
,,,,,,,,,,,,,,
,,,,,,,,,,,,,,
,,,,,,,,,,,,,,
,,,,,,,,,,,,,,
,,,,,,,,,,,,,,
,,,,,,,,,,,,,,
,,,,,,,,,,,,,,
,,,,,,,,,,,,,,
,,,,,,,,,,,,,,
,,,,,,,,,,,,,,
,,,,,,,,,,,,,,
,,,,,,,,,,,,,,
,,,,,,,,,,,,,,
,,,,,,,,,,,,,,
,,,,,,,,,,,,,,
,,,,,,,,,,,,,,
,,,,,,,,,,,,,,
,,,,,,,,,,,,,,
,,,,,,,,,,,,,,
,,,,,,,,,,,,,,
,,,,,,,,,,,,,,
,,,,,,,,,,,,,,
,,,,,,,,,,,,,,
,,,,,,,,,,,,,,
,,,,,,,,,,,,,,
,,,,,,,,,,,,,,
,,,,,,,,,,,,,,
,,,,,,,,,,,,,,
,,,,,,,,,,,,,,
,,,,,,,,,,,,,,
,,,,,,,,,,,,,,
,,,,,,,,,,,,,,
,,,,,,,,,,,,,,
,,,,,,,,,,,,,,
,,,,,,,,,,,,,,
,,,,,,,,,,,,,,
,,,,,,,,,,,,,,
,,,,,,,,,,,,,,
,,,,,,,,,,,,,,
,,,,,,,,,,,,,,
,,,,,,,,,,,,,,
,,,,,,,,,,,,,,
,,,,,,,,,,,,,,
,,,,,,,,,,,,,,
,,,,,,,,,,,,,,
,,,,,,,,,,,,,,
,,,,,,,,,,,,,,
,,,,,,,,,,,,,,
,,,,,,,,,,,,,,
,,,,,,,,,,,,,,
,,,,,,,,,,,,,,
,,,,,,,,,,,,,,
,,,,,,,,,,,,,,
,,,,,,,,,,,,,,
,,,,,,,,,,,,,,
,,,,,,,,,,,,,,
,,,,,,,,,,,,,,
,,,,,,,,,,,,,,
,,,,,,,,,,,,,,
,,,,,,,,,,,,,,
,,,,,,,,,,,,,,
,,,,,,,,,,,,,,
,,,,,,,,,,,,,,
,,,,,,,,,,,,,,
,,,,,,,,,,,,,,
,,,,,,,,,,,,,,
,,,,,,,,,,,,,,
,,,,,,,,,,,,,,
,,,,,,,,,,,,,,
,,,,,,,,,,,,,,
,,,,,,,,,,,,,,
,,,,,,,,,,,,,,
,,,,,,,,,,,,,,
,,,,,,,,,,,,,,
,,,,,,,,,,,,,,
,,,,,,,,,,,,,,
,,,,,,,,,,,,,,
,,,,,,,,,,,,,,
,,,,,,,,,,,,,,
,,,,,,,,,,,,,,
,,,,,,,,,,,,,,
,,,,,,,,,,,,,,
,,,,,,,,,,,,,,
,,,,,,,,,,,,,,
,,,,,,,,,,,,,,
,,,,,,,,,,,,,,
,,,,,,,,,,,,,,
,,,,,,,,,,,,,,
,,,,,,,,,,,,,,
,,,,,,,,,,,,,,
,,,,,,,,,,,,,,
,,,,,,,,,,,,,,
,,,,,,,,,,,,,,
,,,,,,,,,,,,,,
,,,,,,,,,,,,,,
,,,,,,,,,,,,,,
,,,,,,,,,,,,,,
,,,,,,,,,,,,,,
,,,,,,,,,,,,,,
,,,,,,,,,,,,,,
,,,,,,,,,,,,,,
,,,,,,,,,,,,,,
,,,,,,,,,,,,,,
,,,,,,,,,,,,,,
,,,,,,,,,,,,,,
,,,,,,,,,,,,,,
,,,,,,,,,,,,,,
,,,,,,,,,,,,,,
,,,,,,,,,,,,,,
,,,,,,,,,,,,,,
,,,,,,,,,,,,,,
,,,,,,,,,,,,,,
,,,,,,,,,,,,,,
,,,,,,,,,,,,,,
,,,,,,,,,,,,,,
,,,,,,,,,,,,,,
,,,,,,,,,,,,,,
,,,,,,,,,,,,,,
,,,,,,,,,,,,,,
,,,,,,,,,,,,,,
,,,,,,,,,,,,,,
,,,,,,,,,,,,,,
,,,,,,,,,,,,,,
,,,,,,,,,,,,,,
,,,,,,,,,,,,,,
,,,,,,,,,,,,,,
,,,,,,,,,,,,,,
,,,,,,,,,,,,,,
,,,,,,,,,,,,,,
,,,,,,,,,,,,,,
,,,,,,,,,,,,,,
,,,,,,,,,,,,,,
,,,,,,,,,,,,,,
,,,,,,,,,,,,,,
,,,,,,,,,,,,,,
,,,,,,,,,,,,,,
,,,,,,,,,,,,,,
,,,,,,,,,,,,,,
,,,,,,,,,,,,,,
,,,,,,,,,,,,,,
,,,,,,,,,,,,,,
,,,,,,,,,,,,,,
,,,,,,,,,,,,,,
,,,,,,,,,,,,,,
,,,,,,,,,,,,,,
,,,,,,,,,,,,,,
,,,,,,,,,,,,,,
,,,,,,,,,,,,,,
,,,,,,,,,,,,,,
,,,,,,,,,,,,,,
,,,,,,,,,,,,,,
,,,,,,,,,,,,,,
,,,,,,,,,,,,,,
,,,,,,,,,,,,,,
,,,,,,,,,,,,,,
,,,,,,,,,,,,,,
,,,,,,,,,,,,,,
,,,,,,,,,,,,,,
,,,,,,,,,,,,,,
,,,,,,,,,,,,,,
,,,,,,,,,,,,,,
,,,,,,,,,,,,,,
,,,,,,,,,,,,,,
,,,,,,,,,,,,,,
,,,,,,,,,,,,,,
,,,,,,,,,,,,,,
,,,,,,,,,,,,,,
,,,,,,,,,,,,,,
,,,,,,,,,,,,,,
,,,,,,,,,,,,,,
,,,,,,,,,,,,,,
,,,,,,,,,,,,,,
,,,,,,,,,,,,,,
,,,,,,,,,,,,,,
,,,,,,,,,,,,,,
,,,,,,,,,,,,,,
,,,,,,,,,,,,,,
,,,,,,,,,,,,,,
,,,,,,,,,,,,,,
,,,,,,,,,,,,,,
,,,,,,,,,,,,,,
,,,,,,,,,,,,,,
,,,,,,,,,,,,,,
,,,,,,,,,,,,,,
,,,,,,,,,,,,,,
,,,,,,,,,,,,,,
,,,,,,,,,,,,,,
,,,,,,,,,,,,,,
,,,,,,,,,,,,,,
,,,,,,,,,,,,,,
,,,,,,,,,,,,,,
,,,,,,,,,,,,,,
,,,,,,,,,,,,,,
,,,,,,,,,,,,,,
,,,,,,,,,,,,,,
,,,,,,,,,,,,,,
,,,,,,,,,,,,,,
,,,,,,,,,,,,,,
,,,,,,,,,,,,,,
,,,,,,,,,,,,,,
,,,,,,,,,,,,,,
,,,,,,,,,,,,,,
,,,,,,,,,,,,,,
,,,,,,,,,,,,,,
,,,,,,,,,,,,,,
,,,,,,,,,,,,,,
,,,,,,,,,,,,,,
,,,,,,,,,,,,,,
,,,,,,,,,,,,,,
,,,,,,,,,,,,,,
,,,,,,,,,,,,,,
,,,,,,,,,,,,,,
,,,,,,,,,,,,,,
,,,,,,,,,,,,,,
,,,,,,,,,,,,,,
,,,,,,,,,,,,,,
,,,,,,,,,,,,,,
,,,,,,,,,,,,,,
,,,,,,,,,,,,,,
,,,,,,,,,,,,,,
,,,,,,,,,,,,,,
,,,,,,,,,,,,,,
,,,,,,,,,,,,,,
,,,,,,,,,,,,,,
,,,,,,,,,,,,,,
,,,,,,,,,,,,,,
,,,,,,,,,,,,,,
,,,,,,,,,,,,,,
,,,,,,,,,,,,,,
,,,,,,,,,,,,,,
,,,,,,,,,,,,,,
,,,,,,,,,,,,,,
,,,,,,,,,,,,,,
,,,,,,,,,,,,,,
,,,,,,,,,,,,,,
,,,,,,,,,,,,,,
,,,,,,,,,,,,,,
,,,,,,,,,,,,,,
,,,,,,,,,,,,,,
,,,,,,,,,,,,,,
,,,,,,,,,,,,,,
,,,,,,,,,,,,,,
,,,,,,,,,,,,,,
,,,,,,,,,,,,,,
,,,,,,,,,,,,,,
,,,,,,,,,,,,,,
,,,,,,,,,,,,,,
,,,,,,,,,,,,,,
,,,,,,,,,,,,,,
,,,,,,,,,,,,,,
,,,,,,,,,,,,,,
,,,,,,,,,,,,,,
,,,,,,,,,,,,,,
,,,,,,,,,,,,,,
,,,,,,,,,,,,,,
,,,,,,,,,,,,,,
,,,,,,,,,,,,,,
,,,,,,,,,,,,,,
,,,,,,,,,,,,,,
,,,,,,,,,,,,,,
,,,,,,,,,,,,,,
,,,,,,,,,,,,,,
,,,,,,,,,,,,,,
,,,,,,,,,,,,,,
,,,,,,,,,,,,,,
,,,,,,,,,,,,,,
,,,,,,,,,,,,,,
,,,,,,,,,,,,,,
,,,,,,,,,,,,,,
,,,,,,,,,,,,,,
,,,,,,,,,,,,,,
,,,,,,,,,,,,,,
,,,,,,,,,,,,,,
,,,,,,,,,,,,,,
,,,,,,,,,,,,,,
,,,,,,,,,,,,,,
,,,,,,,,,,,,,,
,,,,,,,,,,,,,,
,,,,,,,,,,,,,,
,,,,,,,,,,,,,,
,,,,,,,,,,,,,,
,,,,,,,,,,,,,,
,,,,,,,,,,,,,,
,,,,,,,,,,,,,,
,,,,,,,,,,,,,,
,,,,,,,,,,,,,,
,,,,,,,,,,,,,,
,,,,,,,,,,,,,,
,,,,,,,,,,,,,,
,,,,,,,,,,,,,,
,,,,,,,,,,,,,,
,,,,,,,,,,,,,,
,,,,,,,,,,,,,,
,,,,,,,,,,,,,,
,,,,,,,,,,,,,,
,,,,,,,,,,,,,,
,,,,,,,,,,,,,,
,,,,,,,,,,,,,,
,,,,,,,,,,,,,,
,,,,,,,,,,,,,,
,,,,,,,,,,,,,,
,,,,,,,,,,,,,,
,,,,,,,,,,,,,,
,,,,,,,,,,,,,,
,,,,,,,,,,,,,,
,,,,,,,,,,,,,,
,,,,,,,,,,,,,,
,,,,,,,,,,,,,,
,,,,,,,,,,,,,,
,,,,,,,,,,,,,,
,,,,,,,,,,,,,,
,,,,,,,,,,,,,,
,,,,,,,,,,,,,,
,,,,,,,,,,,,,,
,,,,,,,,,,,,,,
,,,,,,,,,,,,,,
,,,,,,,,,,,,,,
,,,,,,,,,,,,,,
,,,,,,,,,,,,,,
,,,,,,,,,,,,,,
,,,,,,,,,,,,,,
,,,,,,,,,,,,,,
,,,,,,,,,,,,,,
,,,,,,,,,,,,,,
,,,,,,,,,,,,,,
,,,,,,,,,,,,,,
,,,,,,,,,,,,,,
,,,,,,,,,,,,,,
,,,,,,,,,,,,,,
,,,,,,,,,,,,,,
,,,,,,,,,,,,,,
,,,,,,,,,,,,,,
,,,,,,,,,,,,,,
,,,,,,,,,,,,,,
,,,,,,,,,,,,,,
,,,,,,,,,,,,,,
,,,,,,,,,,,,,,
,,,,,,,,,,,,,,
,,,,,,,,,,,,,,
,,,,,,,,,,,,,,
,,,,,,,,,,,,,,
,,,,,,,,,,,,,,
,,,,,,,,,,,,,,
,,,,,,,,,,,,,,
,,,,,,,,,,,,,,
,,,,,,,,,,,,,,
,,,,,,,,,,,,,,
,,,,,,,,,,,,,,
,,,,,,,,,,,,,,
,,,,,,,,,,,,,,
,,,,,,,,,,,,,,
,,,,,,,,,,,,,,
,,,,,,,,,,,,,,
,,,,,,,,,,,,,,
,,,,,,,,,,,,,,
,,,,,,,,,,,,,,
,,,,,,,,,,,,,,
,,,,,,,,,,,,,,
,,,,,,,,,,,,,,
,,,,,,,,,,,,,,
,,,,,,,,,,,,,,
,,,,,,,,,,,,,,
,,,,,,,,,,,,,,
,,,,,,,,,,,,,,
,,,,,,,,,,,,,,
,,,,,,,,,,,,,,
,,,,,,,,,,,,,,
,,,,,,,,,,,,,,
,,,,,,,,,,,,,,
,,,,,,,,,,,,,,
,,,,,,,,,,,,,,
,,,,,,,,,,,,,,
,,,,,,,,,,,,,,
,,,,,,,,,,,,,,
,,,,,,,,,,,,,,
,,,,,,,,,,,,,,
,,,,,,,,,,,,,,
,,,,,,,,,,,,,,
,,,,,,,,,,,,,,
,,,,,,,,,,,,,,
,,,,,,,,,,,,,,
,,,,,,,,,,,,,,
,,,,,,,,,,,,,,
,,,,,,,,,,,,,,
,,,,,,,,,,,,,,
,,,,,,,,,,,,,,
,,,,,,,,,,,,,,
,,,,,,,,,,,,,,
,,,,,,,,,,,,,,
,,,,,,,,,,,,,,
,,,,,,,,,,,,,,
,,,,,,,,,,,,,,
,,,,,,,,,,,,,,
,,,,,,,,,,,,,,
,,,,,,,,,,,,,,
,,,,,,,,,,,,,,
,,,,,,,,,,,,,,
,,,,,,,,,,,,,,
,,,,,,,,,,,,,,
,,,,,,,,,,,,,,
,,,,,,,,,,,,,,
,,,,,,,,,,,,,,
,,,,,,,,,,,,,,
,,,,,,,,,,,,,,
,,,,,,,,,,,,,,
,,,,,,,,,,,,,,
,,,,,,,,,,,,,,
,,,,,,,,,,,,,,
,,,,,,,,,,,,,,
,,,,,,,,,,,,,,
,,,,,,,,,,,,,,
,,,,,,,,,,,,,,
,,,,,,,,,,,,,,
,,,,,,,,,,,,,,
,,,,,,,,,,,,,,
,,,,,,,,,,,,,,
,,,,,,,,,,,,,,
,,,,,,,,,,,,,,
,,,,,,,,,,,,,,
,,,,,,,,,,,,,,
,,,,,,,,,,,,,,
,,,,,,,,,,,,,,
,,,,,,,,,,,,,,
,,,,,,,,,,,,,,
,,,,,,,,,,,,,,
,,,,,,,,,,,,,,
,,,,,,,,,,,,,,
,,,,,,,,,,,,,,
,,,,,,,,,,,,,,
,,,,,,,,,,,,,,
,,,,,,,,,,,,,,
,,,,,,,,,,,,,,
,,,,,,,,,,,,,,
,,,,,,,,,,,,,,
,,,,,,,,,,,,,,
,,,,,,,,,,,,,,
,,,,,,,,,,,,,,
,,,,,,,,,,,,,,
,,,,,,,,,,,,,,
,,,,,,,,,,,,,,
,,,,,,,,,,,,,,
,,,,,,,,,,,,,,
,,,,,,,,,,,,,,
,,,,,,,,,,,,,,
,,,,,,,,,,,,,,
,,,,,,,,,,,,,,
,,,,,,,,,,,,,,
,,,,,,,,,,,,,,
,,,,,,,,,,,,,,
,,,,,,,,,,,,,,
,,,,,,,,,,,,,,
,,,,,,,,,,,,,,
,,,,,,,,,,,,,,
,,,,,,,,,,,,,,
,,,,,,,,,,,,,,
,,,,,,,,,,,,,,
,,,,,,,,,,,,,,
,,,,,,,,,,,,,,
,,,,,,,,,,,,,,
,,,,,,,,,,,,,,
,,,,,,,,,,,,,,
,,,,,,,,,,,,,,
,,,,,,,,,,,,,,
,,,,,,,,,,,,,,
,,,,,,,,,,,,,,
,,,,,,,,,,,,,,
,,,,,,,,,,,,,,
,,,,,,,,,,,,,,
,,,,,,,,,,,,,,
,,,,,,,,,,,,,,
,,,,,,,,,,,,,,
,,,,,,,,,,,,,,
,,,,,,,,,,,,,,
,,,,,,,,,,,,,,
,,,,,,,,,,,,,,
,,,,,,,,,,,,,,
,,,,,,,,,,,,,,
,,,,,,,,,,,,,,
,,,,,,,,,,,,,,
,,,,,,,,,,,,,,
,,,,,,,,,,,,,,
,,,,,,,,,,,,,,
,,,,,,,,,,,,,,
,,,,,,,,,,,,,,
,,,,,,,,,,,,,,
,,,,,,,,,,,,,,
,,,,,,,,,,,,,,
,,,,,,,,,,,,,,
,,,,,,,,,,,,,,
,,,,,,,,,,,,,,
,,,,,,,,,,,,,,
,,,,,,,,,,,,,,
,,,,,,,,,,,,,,
,,,,,,,,,,,,,,
,,,,,,,,,,,,,,
,,,,,,,,,,,,,,
,,,,,,,,,,,,,,
,,,,,,,,,,,,,,
,,,,,,,,,,,,,,
,,,,,,,,,,,,,,
,,,,,,,,,,,,,,
,,,,,,,,,,,,,,
,,,,,,,,,,,,,,
,,,,,,,,,,,,,,
,,,,,,,,,,,,,,
,,,,,,,,,,,,,,
,,,,,,,,,,,,,,
,,,,,,,,,,,,,,
,,,,,,,,,,,,,,
,,,,,,,,,,,,,,
,,,,,,,,,,,,,,
,,,,,,,,,,,,,,
,,,,,,,,,,,,,,
,,,,,,,,,,,,,,
,,,,,,,,,,,,,,
,,,,,,,,,,,,,,
,,,,,,,,,,,,,,
,,,,,,,,,,,,,,
,,,,,,,,,,,,,,
,,,,,,,,,,,,,,
,,,,,,,,,,,,,,
,,,,,,,,,,,,,,
,,,,,,,,,,,,,,
,,,,,,,,,,,,,,
,,,,,,,,,,,,,,
,,,,,,,,,,,,,,
,,,,,,,,,,,,,,
,,,,,,,,,,,,,,
,,,,,,,,,,,,,,
,,,,,,,,,,,,,,
,,,,,,,,,,,,,,
,,,,,,,,,,,,,,
,,,,,,,,,,,,,,
,,,,,,,,,,,,,,
,,,,,,,,,,,,,,
,,,,,,,,,,,,,,
,,,,,,,,,,,,,,
,,,,,,,,,,,,,,
,,,,,,,,,,,,,,
,,,,,,,,,,,,,,
,,,,,,,,,,,,,,
,,,,,,,,,,,,,,
,,,,,,,,,,,,,,
,,,,,,,,,,,,,,
,,,,,,,,,,,,,,
,,,,,,,,,,,,,,
,,,,,,,,,,,,,,
,,,,,,,,,,,,,,
,,,,,,,,,,,,,,
,,,,,,,,,,,,,,
,,,,,,,,,,,,,,
,,,,,,,,,,,,,,
,,,,,,,,,,,,,,
,,,,,,,,,,,,,,
,,,,,,,,,,,,,,
,,,,,,,,,,,,,,
,,,,,,,,,,,,,,
,,,,,,,,,,,,,,
,,,,,,,,,,,,,,
,,,,,,,,,,,,,,
,,,,,,,,,,,,,,
,,,,,,,,,,,,,,
,,,,,,,,,,,,,,
,,,,,,,,,,,,,,
,,,,,,,,,,,,,,
,,,,,,,,,,,,,,
,,,,,,,,,,,,,,
,,,,,,,,,,,,,,
,,,,,,,,,,,,,,
,,,,,,,,,,,,,,
,,,,,,,,,,,,,,
,,,,,,,,,,,,,,
,,,,,,,,,,,,,,
,,,,,,,,,,,,,,
,,,,,,,,,,,,,,
,,,,,,,,,,,,,,
,,,,,,,,,,,,,,
,,,,,,,,,,,,,,
,,,,,,,,,,,,,,
,,,,,,,,,,,,,,
,,,,,,,,,,,,,,
,,,,,,,,,,,,,,
,,,,,,,,,,,,,,
,,,,,,,,,,,,,,
,,,,,,,,,,,,,,
,,,,,,,,,,,,,,
,,,,,,,,,,,,,,
,,,,,,,,,,,,,,
,,,,,,,,,,,,,,
,,,,,,,,,,,,,,
,,,,,,,,,,,,,,
,,,,,,,,,,,,,,
,,,,,,,,,,,,,,
,,,,,,,,,,,,,,
,,,,,,,,,,,,,,
,,,,,,,,,,,,,,
,,,,,,,,,,,,,,
,,,,,,,,,,,,,,
TOTAL,,,,,,,1486,708315,573,261877,,,,
