Itemcode,"Description                        ","Item_brand                              ","Packsize  ",Number_of_invoices,Quantity_sold,Uomid,"Ave_price_each       ","Ave_cost_each        ","Total_sales          ","Cost_of_goods_sold   ","Line_gross_profit    ",Gross_profit_per_muom,Profit_percent
"APPE12  ","Apple McIntosh ECO polybag 12/3#   ","ECO-branded                             ","          ",281,18780,"CS   ",23.993,20.0995,450589.25,377469.3275,73119.92,3.8935,0.1623
"APPE22  ","Apple Empire ECO polybag 12/3#     ","ECO-branded                             ","          ",281,16064,"CS   ",23.9979,20.1635,385502.89,323905.957,61596.93,3.8344,0.1598
"APPE11  ","Apple McIntosh ECO tote 10/4#      ","TJs                                     ","          ",191,11065,"CS   ",24.7501,21.2064,273859.75,234648.6347,39211.12,3.5437,0.1432
"APPE31  ","Apple Gala ECO tote 10/4#          ","TJs                                     ","          ",170,12259,"CS   ",25.75,22.5624,315669.25,276592.4121,39076.84,3.1876,0.1238
"TOM1    ","Tomato Hrlm Mix boxette 6/2.25# TJs","                                        ","          ",156,6895,"CS   ",28.7493,24.2335,198226.55,167090.2043,31136.35,4.5158,0.1571
"APPE14  ","Apple McIntosh ECO 88s             ","                                        ","          ",433,7281,"CS   ",28.9515,25.4331,210795.65,185178.6248,25617.03,3.5184,0.1215
"PCHE3   ","Peach ECO basket 6/3.5#            ","                                        ","          ",221,4863,"CS   ",25.3697,20.9458,123372.92,101859.3114,21513.61,4.4239,0.1744
"PCH3    ","Peach basket 6/3.5#                ","                                        ","          ",35,3050,"CS   ",24.9469,20.0202,76087.9,61061.7052,15026.19,4.9267,0.1975
"APPE71  ","Apple Macoun ECO tote 10/4#        ","TJs                                     ","          ",132,4152,"CS   ",26.75,23.1847,111066,96263.055,14802.95,3.5653,0.1333
"APPE61  ","Apple Paula Red ECO tote 10/4#     ","TJs                                     ","          ",42,4340,"CS   ",24.7542,21.3603,107433.2,92703.8,14729.4,3.3939,0.1371
"PCHE2   ","Peach ECO punnet 8/3#              ","                                        ","          ",27,5461,"CS   ",23.3067,20.6702,127277.75,112880,14397.75,2.6365,0.1131
"APPE84  ","Apple Cortland ECO 80s             ","                                        ","          ",424,4235,"CS   ",27.7831,24.4552,117661.45,103567.9814,14093.47,3.3279,0.1198
"APPE81  ","Apple Cortland ECO tote 10/4#      ","TJs                                     ","          ",138,3321,"CS   ",24.7503,21.1542,82195.75,70252.9328,11942.82,3.5961,0.1453
"APPE42  ","Apple Honeycrisp ECO polybag 12/3# ","ECO-branded                             ","          ",43,1507,"CS   ",34.9993,29.0071,52744,43713.7206,9030.28,5.9922,0.1712
"STR1    ","Strawberry Native 8 quart          ","                                        ","          ",112,1334,"CS   ",31.2562,25.7477,41695.75,34347.4974,7348.25,5.5085,0.1762
"APPE44  ","Apple Honeycrisp ECO 80/88s        ","                                        ","          ",9,1476,"CS   ",58.9499,54.2259,87010,80037.4244,6972.58,4.724,0.0801
"BLU1    ","Blueberry 12 pint                  ","                                        ","          ",68,2916,"CS   ",23.1421,20.8174,67482.25,60703.4293,6778.82,2.3247,0.1005
"COR3    ","Corn Sweet bag 60s                 ","                                        ","          ",239,3811,"CS   ",15.5024,13.9944,59079.75,53332.6798,5747.07,1.508,0.0973
"APP31   ","Apple Gala tote 10/4#              ","TJs                                     ","          ",35,1350,"CS   ",25.7483,21.6368,34760.25,29209.711,5550.54,4.1115,0.1597
"PUM19   ","Pumpkin 18-22#ea 39-40ct bin ~790# ","                                        ","          ",41,116,"BN   ",186.5517,140,21640,16240,5400,46.5517,0.2495
"SQU1    ","Squash Zucchini #1 1/2bu ~20#      ","                                        ","          ",261,3184,"CS   ",12.047,10.3669,38357.79,33008.1951,5349.59,1.6801,0.1395
"BLUF1   ","Blueberry FRESH 12 pint            ","                                        ","          ",23,1709,"CS   ",21.8059,18.7938,37266.25,32118.6032,5147.65,3.0121,0.1381
"TOM2    ","Tomato Premium XL 1-layer flat 11# ","                                        ","          ",17,1656,"CS   ",24.1256,21.57,39952,35720,4232,2.5556,0.1059
"APP14   ","Apple McIntosh 88s                 ","                                        ","          ",24,1132,"CS   ",29.1705,25.6309,33021,29014.232,4006.77,3.5396,0.1213
"APPE24  ","Apple Empire ECO 80/88s            ","                                        ","          ",15,1695,"CS   ",23.4661,21.149,39775,35847.5,3927.5,2.3171,0.0987
"SQU3    ","Squash Yellow 1/2bu ~20#           ","                                        ","          ",243,2315,"CS   ",12.6415,11.1443,29264.96,25799.0067,3465.95,1.4972,0.1184
"APPE101 ","Apple Jonamac ECO tote 10/4#       ","TJs                                     ","          ",10,831,"CS   ",21.97,17.7996,18257.07,14791.4784,3465.59,4.1704,0.1898
"APP271  ","Apple Cripps Pink tote 10/4#       ","TJs                                     ","          ",24,769,"CS   ",25.7393,21.2816,19793.5,16365.5203,3427.98,4.4577,0.1732
"PCHE1   ","Peach ECO 2-3/4""+ 2-layer tray 19# ","                                        ","          ",111,1410,"CS   ",26.3062,23.9156,37091.75,33721.0067,3370.74,2.3906,0.0909
"TAN4    ","Tangerine Ojai Pixie jmbo loose 25#","                                        ","          ",4,720,"CS   ",41.75,37.404,30060,26930.88,3129.12,4.346,0.1041
"SQUF1   ","Squash Zucchini #1 FRESH 1/2 bu    ","                                        ","          ",115,1000,"CS   ",18.6025,15.6603,18602.5,15660.2536,2942.25,2.9422,0.1582
"APPE13  ","Apple McIntosh ECO tote 8/5#       ","                                        ","          ",16,1087,"CS   ",24.8319,22.2402,26992.25,24175.1396,2817.11,2.5917,0.1044
"APP34   ","Apple Gala 100s                    ","                                        ","          ",5,756,"CS   ",29.6111,25.9444,22386,19614,2772,3.6667,0.1238
"SQU44   ","Squash Butternut bin ~700#         ","                                        ","          ",31,44,"BN   ",242,180,10648,7920,2728,62,0.2562
"KALO4   ","Kale OG bunch 24s                  ","                                        ","          ",34,1387,"CS   ",24.3977,22.4828,33839.6,31183.6856,2655.91,1.9149,0.0785
"CUC1    ","Cucumber Super Select 1-1/9 bu     ","                                        ","          ",96,445,"CS   ",29.2382,23.3993,13011,10412.6749,2598.33,5.8389,0.1997
"TOM5    ","Tomato XL loose 20#                ","                                        ","          ",58,524,"CS   ",25.2428,20.2971,13227.25,10635.6823,2591.57,4.9457,0.1959
"ASPF1   ","Asparagus FRESH bunch 28/1#        ","                                        ","          ",13,438,"CS   ",64.528,58.8132,28263.25,25760.1943,2503.06,5.7148,0.0886
"APP74   ","Apple Macoun 80/88s                ","                                        ","          ",5,899,"CS   ",29.6541,26.8737,26659,24159.5,2499.5,2.7804,0.0938
"LET1    ","Lettuce Green Leaf 24s             ","                                        ","          ",213,1091,"CS   ",16.8967,14.7984,18434.25,16145.0056,2289.24,2.0983,0.1242
"TOM25   ","Tomato Heirloom Beefsteak flat 15# ","                                        ","          ",7,1125,"CS   ",44,42,49500,47250,2250,2,0.0455
"SPIO1   ","Spinach OG bunch 24s               ","                                        ","          ",23,712,"CS   ",25.6173,22.4746,18239.5,16001.88,2237.62,3.1427,0.1227
"LET4    ","Lettuce Red Leaf 24s               ","                                        ","          ",248,1164,"CS   ",16.9235,15.1123,19699,17590.6723,2108.33,1.8112,0.107
"KALF1   ","Kale FRESH bunch 12s               ","                                        ","          ",64,785,"CS   ",19.3013,16.6668,15151.5,13083.4517,2068.05,2.6345,0.1365
"PUM20   ","Pumpkin Sugar 4-6#ea 225ct bin~900#","                                        ","          ",23,27,"BN   ",300,225,8100,6075,2025,75,0.25
"BEAO3   ","Bean Green OG 1bu loose 25#        ","                                        ","          ",71,354,"CS   ",31.7451,26.3085,11237.75,9313.1965,1924.55,5.4366,0.1713
"BRO2    ","Broccoli 20#                       ","                                        ","          ",242,813,"CS   ",23.8967,21.5434,19428,17514.7613,1913.24,2.3533,0.0985
"PCHE9   ","Peach ECO 2-7/8"" 2-layer tray      ","                                        ","          ",8,684,"CS   ",25,22.3331,17100,15275.85,1824.15,2.6669,0.1067
"CUCF1   ","Cucumber Super Select FRESH 1-1/9bu","                                        ","          ",35,480,"CS   ",29.7563,26.2063,14283,12579.04,1703.96,3.55,0.1193
"TAN1    ","Tangerine Ojai Pixie sm loose 25#  ","                                        ","          ",11,574,"CS   ",28.1503,25.3045,16158.27,14524.8104,1633.46,2.8458,0.1011
"BEEO9   ","Beet Red OG 25#                    ","                                        ","          ",17,1460,"CS   ",24.1027,23,35190,33580,1610,1.1027,0.0458
"LET11   ","Lettuce Romaine Heart 12/18oz      ","                                        ","          ",102,419,"CS   ",24.3031,20.5409,10183,8606.6199,1576.38,3.7622,0.1548
"APPE25  ","Apple Empire ECO 175s              ","                                        ","          ",5,264,"CS   ",24.5,18.6466,6468,4922.7,1545.3,5.8534,0.2389
"TOM37   ","Tomato Premium 20#                 ","                                        ","          ",129,577,"CS   ",24.3557,21.7248,14053.25,12535.2374,1518.01,2.6309,0.108
"TOM18   ","Tomato medium loose 25#            ","                                        ","          ",5,967,"CS   ",15.7363,14.2022,15217,13733.5,1483.5,1.5341,0.0975
"CUC2    ","Cucumber Select 1-1/9 bu           ","                                        ","          ",61,271,"CS   ",30.2122,24.78,8187.5,6715.368,1472.13,5.4322,0.1798
"BEA9    ","Bean Shell Cranberry 25#           ","                                        ","          ",19,368,"CS   ",42.0598,38.0757,15478,14011.8758,1466.12,3.9841,0.0947
"LET9    ","Lettuce Boston 24s                 ","                                        ","          ",105,885,"CS   ",15.8073,14.1755,13989.5,12545.3232,1444.18,1.6318,0.1032
"BEEF1   ","Beet Red FRESH bunch 12s           ","                                        ","          ",69,494,"CS   ",20.5268,17.7425,10140.25,8764.7906,1375.46,2.7843,0.1356
"CUC3    ","Cucumber Pickle 1/2bu ~20#         ","                                        ","          ",125,727,"CS   ",15.5,13.6692,11268.5,9937.4875,1331.01,1.8308,0.1181
"MINF1   ","Mint FRESH bunch 12s               ","                                        ","          ",53,587,"CS   ",16.8326,14.5899,9880.75,8564.2684,1316.48,2.2427,0.1332
"APPE83  ","Apple Cortland ECO tote 8/5#       ","                                        ","          ",7,441,"CS   ",26.7245,23.8654,11785.5,10524.661,1260.84,2.8591,0.107
"PEP8    ","Pepper Bell Green XL 1-1/9bu ~55s  ","                                        ","          ",245,957,"CS   ",18.4873,17.183,17692.3,16444.1456,1248.15,1.3043,0.0705
"TOMO34  ","Tomato Heirloom Chef OG 10#        ","                                        ","          ",7,1008,"CS   ",14.2,13,14313.6,13104,1209.6,1.2,0.0845
"APPE26  ","Apple Empire ECO 198s              ","                                        ","          ",4,191,"CS   ",27.72,21.6,5294.52,4125.6,1168.92,6.12,0.2208
"TOM14   ","Tomato large loose 25#             ","                                        ","          ",17,859,"CS   ",19.6534,18.3447,16882.25,15758.1327,1124.12,1.3087,0.0666
"CILF1   ","Cilantro FRESH bunch 24s           ","                                        ","          ",53,398,"CS   ",21.8405,19.063,8692.5,7587.0712,1105.43,2.7775,0.1272
"APP71   ","Apple Macoun tote 10/4#            ","                                        ","          ",7,237,"CS   ",26.75,22.1535,6339.75,5250.3764,1089.37,4.5965,0.1718
"PEPO8   ","Pepper Bell Green XL OG 1-1/9 bu   ","                                        ","          ",8,362,"CS   ",26.5224,23.5525,9601.1,8526,1075.1,2.9699,0.112
"TUR3    ","Turnip Macomber 1-1/9 bu ~45#      ","                                        ","          ",20,392,"CS   ",27.3903,24.6826,10737,9675.5908,1061.41,2.7077,0.0989
"CAB1    ","Cabbage Green 12-18s 50#           ","                                        ","          ",211,733,"CS   ",12.3612,10.9465,9060.75,8023.7588,1036.99,1.4147,0.1144
"SQUO2   ","Squash Zucchini OG                 ","                                        ","          ",8,440,"CS   ",25.3173,22.9795,11139.6,10111,1028.6,2.3378,0.0923
"TOMO14  ","Tomato large OG loose 25#          ","                                        ","          ",12,268,"CS   ",30.3451,26.5112,8132.5,7105,1027.5,3.8339,0.1263
"TOM27   ","Tomato Heirloom Mix 8qt            ","                                        ","          ",6,374,"CS   ",29.3786,26.6921,10987.6,9982.849,1004.75,2.6865,0.0914
"SQU45   ","Squash Acorn bin ~700#             ","                                        ","          ",16,16,"BN   ",242,180,3872,2880,992,62,0.2562
"POLY2   ","PKG Polybag Apple ECO 3# 1000/cs   ","ECO-branded                             ","          ",8,336.47,"CS   ",57.1035,54.1878,19213.6,18232.5612,981.04,2.9157,0.0511
"PLM1    ","Plum Prune Italian loose 1/2 bu    ","                                        ","          ",5,350,"CS   ",25.75,23,9012.5,8050,962.5,2.75,0.1068
"ASP4    ","Asparagus 30#                      ","                                        ","          ",6,192,"CS   ",65,60,12480,11520,960,5,0.0769
"SQUF3   ","Squash Yellow FRESH 1/2 bu         ","                                        ","          ",71,255,"CS   ",20.148,16.4244,5137.75,4188.2096,949.54,3.7236,0.1848
"SQU6    ","Squash Spaghetti 1-1/9 bu ~40#     ","                                        ","          ",175,494,"CS   ",23.8912,21.9937,11802.25,10864.9048,937.35,1.8975,0.0794
"RHU1    ","Rhubarb loose 20#                  ","                                        ","          ",18,463,"CS   ",31.5756,29.594,14619.5,13702,917.5,1.9816,0.0628
"APP73   ","Apple Macoun tote 8/5#             ","                                        ","          ",4,280,"CS   ",26.25,23,7350,6440,910,3.25,0.1238
"APPE33  ","Apple Gala ECO tote 8/5#           ","                                        ","          ",9,252,"CS   ",27.2659,23.7563,6871,5986.5825,884.42,3.5096,0.1287
"BEAO5   ","Bean Wax OG loose 1bu 25#          ","                                        ","          ",57,165,"CS   ",31.6455,26.3283,5221.5,4344.1773,877.32,5.3172,0.168
"CORF3   ","Corn Sweet FRESH bag 60s           ","                                        ","          ",27,99,"CS   ",23.5202,14.7071,2328.5,1456,872.5,8.8131,0.3747
"TOM9    ","Tomato Heirloom Mix flat 15#       ","                                        ","          ",3,130,"CS   ",31.325,25,4072.25,3250,822.25,6.325,0.2019
"TOM31   ","Tomato Beefsteak greenhouse 10#    ","                                        ","          ",2,408,"CS   ",22,20,8976,8160,816,2,0.0909
"SWIF2   ","Swiss Chard Red FRESH bunch 24s    ","                                        ","          ",50,333,"CS   ",18.3011,15.8874,6094.25,5290.5005,803.75,2.4137,0.1319
"LETF5   ","Lettuce Romaine FRESH 24s          ","                                        ","          ",47,216,"CS   ",21.4965,17.8027,4643.25,3845.3805,797.87,3.6938,0.1718
"APP33   ","Apple Gala tote 8/5#               ","                                        ","          ",2,225,"CS   ",26.5,23,5962.5,5175,787.5,3.5,0.1321
"RADF1   ","Radish Red FRESH bunch 24s         ","                                        ","          ",31,282,"CS   ",19.3014,16.5568,5443,4669.0192,773.98,2.7446,0.1422
"LET5    ","Lettuce Romaine 24s                ","                                        ","          ",160,1083,"CS   ",16.997,16.3458,18407.75,17702.4878,705.26,0.6512,0.0383
"SWIF1   ","Swiss Chard Green FRESH bunch 24s  ","                                        ","          ",52,269,"CS   ",19.1041,16.4921,5139,4436.3696,702.63,2.612,0.1367
"TOMO15  ","Tomato Hrlm Cocktail Mix OGclam20oz","                                        ","          ",5,240,"CS   ",32.0833,29.1667,7700,7000,700,2.9166,0.0909
"SWIO1   ","Swiss Chard Green OG bunch 24s     ","                                        ","          ",13,423,"CS   ",24.2208,22.6078,10245.4,9563.1061,682.29,1.613,0.0666
"CUCO11  ","Cucumber Super Select OG 1/2bu     ","                                        ","          ",7,276,"CS   ",24.8174,22.3551,6849.6,6170,679.6,2.4623,0.0992
"COR1    ","Corn Sweet bag 52s                 ","                                        ","          ",6,410,"CS   ",15.5,13.9024,6355,5700,655,1.5976,0.1031
"LETF4   ","Lettuce Red Leaf FRESH 24s         ","                                        ","          ",40,172,"CS   ",20.8125,17.0698,3579.75,2936.0007,643.75,3.7427,0.1798
"SPIF1   ","Spinach FRESH bunch 24s            ","                                        ","          ",38,199,"CS   ",22.9447,19.7352,4566,3927.3012,638.7,3.2095,0.1399
"PCHE8   ","Peach ECO White 2-3/4""+ 2-layr tray","                                        ","          ",2,251,"CS   ",25,22.5,6275,5647.5,627.5,2.5,0.1
"APPE113 ","Apple Ginger Gold ECO tote 8/5#    ","                                        ","          ",12,382,"CS   ",25.6178,24.0551,9786,9189.059,596.94,1.5627,0.061
"CAB7    ","Cabbage Savoy 12-18s 50#           ","                                        ","          ",6,468,"CS   ",14.7788,13.5163,6916.5,6325.62,590.88,1.2625,0.0854
"APP84   ","Apple Cortland 80s                 ","                                        ","          ",1,168,"CS   ",29.5,26,4956,4368,588,3.5,0.1186
"EGGO12  ","Eggplant Specialty Lg OG 1-1/9 bu  ","                                        ","          ",5,203,"CS   ",26.4089,23.5714,5361,4785,576,2.8375,0.1074
"APPE114 ","Apple Ginger Gold ECO 80s          ","                                        ","          ",12,169,"CS   ",27.9512,24.6114,4723.75,4159.3289,564.42,3.3398,0.1195
"DANF1   ","Dandelion Greens FRESH bunch 12s   ","                                        ","          ",49,199,"CS   ",21.2136,18.421,4221.5,3665.7802,555.72,2.7926,0.1316
"BEE1    ","Beet Red bunch 12s                 ","                                        ","          ",157,197,"CS   ",18.3084,15.5088,3606.75,3055.2384,551.51,2.7996,0.1529
"LETF9   ","Lettuce Boston FRESH 24s           ","                                        ","          ",39,146,"CS   ",19.7072,15.9436,2877.25,2327.7594,549.49,3.7636,0.191
"KALO6   ","Kale Lacinato OG bunch 24s         ","                                        ","          ",8,185,"CS   ",30.4216,27.5045,5628,5088.33,539.67,2.9171,0.0959
"ONI10   ","Onion Yellow med bag 50#           ","                                        ","          ",58,295,"BG   ",18.1686,16.4064,5359.75,4839.8989,519.85,1.7622,0.097
"SQUO5   ","Squash Goldbar OG 1/2 bu           ","                                        ","          ",11,220,"CS   ",25.2982,22.9364,5565.6,5046,519.6,2.3618,0.0934
"TOMO36  ","Tomato Cherry Mix OG 12 pint       ","                                        ","          ",11,215,"CS   ",26.4135,24,5678.9,5160,518.9,2.4135,0.0914
"DILF1   ","Dill FRESH bunch 24s               ","                                        ","          ",50,179,"CS   ",21.4204,18.6009,3834.25,3329.5606,504.69,2.8195,0.1316
"BASF1   ","Basil FRESH bunch 15s              ","                                        ","          ",40,168,"CS   ",21.6622,18.6648,3639.25,3135.6806,503.57,2.9974,0.1384
"ARUF1   ","Arugula FRESH bunch 24s            ","                                        ","          ",53,199,"CS   ",18.2487,15.7292,3631.5,3130.1108,501.39,2.5195,0.1381
"LETF1   ","Lettuce Green Leaf FRESH 24s       ","                                        ","          ",35,117,"CS   ",25.6432,21.4763,3000.25,2512.731,487.52,4.1669,0.1625
"EGG16   ","Eggplant Classic 1-1/9bu           ","                                        ","          ",112,318,"CS   ",13.7925,12.2994,4386,3911.2026,474.8,1.4931,0.1083
"APP24   ","Apple Empire 80/88s                ","                                        ","          ",1,126,"CS   ",29.5,25.75,3717,3244.5,472.5,3.75,0.1271
"PEPF8   ","Pepper Bell Green XL FRESH         ","                                        ","          ",23,101,"CS   ",25.4282,20.7824,2568.25,2099.0198,469.23,4.6458,0.1827
"LETO5   ","Lettuce Romaine OG 24s             ","                                        ","          ",16,201,"CS   ",24.9129,22.6213,5007.5,4546.8895,460.61,2.2916,0.092
"TAN3    ","Tangerine Ojai Pixie sm bag 8/3#   ","                                        ","          ",2,144,"CS   ",31.4,28.26,4521.6,4069.44,452.16,3.14,0.1
"SWIF3   ","Swiss Chard Rainbow FRESH bunch 12s","                                        ","          ",55,75,"CS   ",23.2333,17.2528,1742.5,1293.9595,448.54,5.9805,0.2574
"PEA1    ","Pea Sugar Snap 10#                 ","                                        ","          ",13,102,"CS   ",32.1078,27.7719,3275,2832.7303,442.27,4.3359,0.135
"LETO4   ","Lettuce Red Leaf OG 24s            ","                                        ","          ",13,182,"CS   ",24.9945,22.5669,4549,4107.1695,441.83,2.4276,0.0971
"POT7    ","Potato Yukon Gold bag 50#          ","                                        ","          ",5,255,"CS   ",19.8333,18.1255,5057.5,4622.0066,435.49,1.7078,0.0861
"SQUO9   ","Squash Zucchini 8-Ball OG 1/2bu    ","                                        ","          ",10,178,"CS   ",26.441,24,4706.5,4272,434.5,2.441,0.0923
"TOM32   ","Tomato on the vine 11#             ","                                        ","          ",2,289,"CS   ",16,14.5,4624,4190.5,433.5,1.5,0.0938
"APPE23  ","Apple Empire ECO tote 8/5#         ","                                        ","          ",4,160,"CS   ",23.9375,21.3438,3830,3415,415,2.5937,0.1084
"KALO5   ","Kale Red Russian OG 24s            ","                                        ","          ",8,170,"CS   ",24.4382,22,4154.5,3740,414.5,2.4382,0.0998
"EGGF3   ","Eggplant #1 FRESH 1-1/9bu          ","                                        ","          ",26,207,"CS   ",18.4819,16.4993,3825.75,3415.3586,410.39,1.9826,0.1073
"PARF1   ","Parsley Flat FRESH bunch 30s 1/2bu ","                                        ","          ",33,151,"CS   ",20.4387,17.7248,3086.25,2676.4508,409.8,2.7139,0.1328
"TOMO13  ","Tomato Cherry Mix OG clam 12 pint  ","                                        ","          ",5,170,"CS   ",26.4,24,4488,4080,408,2.4,0.0909
"TOMO21  ","Tomato Sungold OG 12 pint          ","                                        ","          ",1,50,"CS   ",30,22,1500,1100,400,8,0.2667
"ONI5    ","Onion Spring Yellow bunch 12s      ","                                        ","          ",4,73,"CS   ",19.8973,14.6722,1452.5,1071.068,381.43,5.2251,0.2626
"PER4    ","Pear Shinseiki ~60ct basket 6/3.5# ","                                        ","          ",11,197,"CS   ",20.2919,18.3579,3997.5,3616.5002,381,1.934,0.0953
"BEAF1   ","Bean Green FRESH 1 bu              ","                                        ","          ",34,39,"CS   ",41.1282,31.4056,1604,1224.8196,379.18,9.7226,0.2364
"SQU46   ","Squash Buttercup ~700#             ","                                        ","          ",5,5,"BN   ",300,225,1500,1125,375,75,0.25
"PER3    ","Pear Hosui 44-48ct 2-layer tray    ","                                        ","          ",6,154,"CS   ",24.0747,21.6709,3707.5,3337.32,370.18,2.4038,0.0998
"RAMO2   ","Ramp OG per #                      ","                                        ","          ",4,475,"LB   ",8.0395,7.2632,3818.75,3450,368.75,0.7763,0.0966
"APPE73  ","Apple Macoun ECO tote 8/5#         ","                                        ","          ",4,113,"CS   ",26.0509,22.8875,2943.75,2586.29,357.46,3.1634,0.1214
"TOMO9   ","Tomato Mountain Magic OG clam      ","                                        ","          ",6,150,"CS   ",25.6667,23.3333,3850,3500,350,2.3334,0.0909
"RAD2    ","Radish Red Ball OG 24s             ","                                        ","          ",10,148,"CS   ",24.3209,21.973,3599.5,3252,347.5,2.3479,0.0965
"LETO1   ","Lettuce Green Leaf OG 24s          ","                                        ","          ",8,141,"CS   ",24.7801,22.3265,3494,3148.0303,345.97,2.4536,0.099
"PEP5    ","Pepper Cubanelle 1-1/9bu           ","                                        ","          ",51,165,"CS   ",19.1636,17.0924,3162,2820.241,341.76,2.0712,0.1081
"ESCF1   ","Escarole FRESH head 14-18s 30#     ","                                        ","          ",22,112,"CS   ",20.1451,17.1489,2256.25,1920.6798,335.57,2.9962,0.1487
"LETO18  ","Lettuce Baby Mix OG 24s            ","                                        ","          ",5,169,"CS   ",19.9763,18,3376,3042,334,1.9763,0.0989
"APPE15  ","Apple McIntosh ECO 100s            ","                                        ","          ",13,215,"CS   ",24.5164,22.9962,5271.02,4944.1796,326.84,1.5202,0.062
"COLO3   ","Collard Greens OG bunch 24s        ","                                        ","          ",7,134,"CS   ",24.4328,22,3274,2948,326,2.4328,0.0996
"COLF1   ","Collard Greens FRESH bunch 12s     ","                                        ","          ",47,138,"CS   ",16.8786,14.5322,2329.25,2005.4399,323.81,2.3464,0.139
"PEPO24  ","Pepper Shishito OG clam 12pt       ","                                        ","          ",6,134,"CS   ",26.4,24,3537.6,3216,321.6,2.4,0.0909
"CABF1   ","Cabbage Green FRESH 12-18s 50#     ","                                        ","          ",49,102,"CS   ",20.5637,17.4223,2097.5,1777.07,320.43,3.1414,0.1528
"SQUO15  ","Squash Yellow One-Ball OG 1/2bu    ","                                        ","          ",7,126,"CS   ",26.4476,24,3332.4,3024,308.4,2.4476,0.0925
"GRA4    ","Grape Mars 8/.75# clamshell        ","                                        ","          ",1,118,"CS   ",23.75,21.25,2802.5,2507.5,295,2.5,0.1053
"SQUO29  ","Squash Bi-Color Zephyr OG 1/2 bu   ","                                        ","          ",8,119,"CS   ",26.3353,23.8992,3133.9,2844,289.9,2.4361,0.0925
"PER17   ","Pear Bartlett Red tote 8/6#        ","                                        ","          ",27,91,"CS   ",35.2418,32.0569,3207,2917.1819,289.82,3.1849,0.0904
"SQU8    ","Squash Buttercup 1-1/9 bu ~40#     ","                                        ","          ",91,196,"CS   ",21.2372,19.7989,4162.5,3880.5822,281.92,1.4383,0.0677
"CAB2    ","Cabbage Red 12-18s 50#             ","                                        ","          ",48,85,"CS   ",20.3147,17.0638,1726.75,1450.4201,276.33,3.2509,0.16
"MUSF1   ","Mustard Greens FRESH bunch 12s     ","                                        ","          ",50,81,"CS   ",19.7346,16.4267,1598.5,1330.56,267.94,3.3079,0.1676
"EGGO2   ","Eggplant Italian OG 24s            ","                                        ","          ",5,109,"CS   ",26.4,24,2877.6,2616,261.6,2.4,0.0909
"SQU43   ","Squash Gourd LunchLady 4-6# bin400#","                                        ","          ",12,12,"BN   ",145.8333,124.42,1750,1493.0399,256.96,21.4133,0.1468
"GRA6    ","Grape Marquis 8/.75# clamshell     ","                                        ","          ",3,102,"CS   ",23.75,21.25,2422.5,2167.5,255,2.5,0.1053
"PEAF2   ","Pea Shelling English FRESH 25#     ","                                        ","          ",14,19,"CS   ",60.75,47.3684,1154.25,899.9999,254.25,13.3816,0.2203
"PER12   ","Pear Bartlett Green tote 8/6#      ","                                        ","          ",16,73,"CS   ",34.7466,31.2771,2536.5,2283.2258,253.27,3.4695,0.0999
"STRF1   ","Strawberry Native FRESH 8/1qt      ","                                        ","          ",13,27,"CS   ",33.037,23.75,892,641.25,250.75,9.287,0.2811
"ARUO1   ","Arugula OG bunch 24s               ","                                        ","          ",5,120,"CS   ",22.4167,20.3333,2690,2440,250,2.0834,0.0929
"SQU4    ","Squash Acorn 1-1/9 bu ~40#         ","                                        ","          ",107,342,"CS   ",16.2931,15.5849,5572.25,5330.0518,242.2,0.7082,0.0435
"SQUO36  ","Squash Butternut OG 1-1/9bu        ","                                        ","          ",4,80,"CS   ",31,28,2480,2240,240,3,0.0968
"CUCF13  ","Cucumber FRESH carton 24s          ","                                        ","          ",8,93,"CS   ",14.75,12.178,1371.75,1132.5586,239.19,2.572,0.1744
"SQU38   ","Squash Yellow One-Ball 1/2bu ~20#  ","                                        ","          ",29,144,"CS   ",19.6653,18.0101,2831.8,2593.45,238.35,1.6552,0.0842
"SQUO39  ","Squash Yellow Striped OG 1/2bu     ","                                        ","          ",6,98,"CS   ",26.0867,23.6735,2556.5,2320,236.5,2.4132,0.0925
"SWIO5   ","Swiss Chard Rainbow OG 24s         ","                                        ","          ",8,95,"CS   ",24.4526,22,2323,2090,233,2.4526,0.1003
"PEPF6   ","Pepper Bell Green jmbo FRESH       ","                                        ","          ",18,159,"CS   ",20.3632,18.904,3237.75,3005.7401,232.01,1.4592,0.0717
"APPE915 ","Apple Hrlm Esopus Spitzenburg ECO  ","                                        ","1/2BU     ",4,57,"CS   ",40.7632,36.7027,2323.5,2092.0514,231.45,4.0605,0.0996
"KAL1    ","Kale bunch 12s                     ","                                        ","          ",25,105,"CS   ",15.35,13.1619,1611.75,1382,229.75,2.1881,0.1425
"APPE928 ","Apple Hrlm Northern Spy ECO 1/2bu  ","                                        ","          ",8,62,"CS   ",40.1842,36.4892,2491.42,2262.3291,229.09,3.695,0.092
"APP23   ","Apple Empire tote 8/5#             ","                                        ","          ",1,70,"CS   ",25.5,22.25,1785,1557.5,227.5,3.25,0.1275
"CILO1   ","Cilantro OG bunch 24s              ","                                        ","          ",4,90,"CS   ",26.5,24,2385,2160,225,2.5,0.0943
"EGGF2   ","Eggplant Italian FRESH 1-1/9 bu    ","                                        ","          ",31,74,"CS   ",20.4797,17.4862,1515.5,1293.9794,221.52,2.9935,0.1462
"LETO9   ","Lettuce Boston OG 24s              ","                                        ","          ",6,88,"CS   ",24.5,22,2156,1936,220,2.5,0.102
"ONI7    ","Onion Red med bag 25#              ","                                        ","          ",3,223,"BG   ",9.111,8.1416,2031.75,1815.585,216.17,0.9694,0.1064
"COR7    ","Corn Sweet Bi-Color bag 60s        ","                                        ","          ",3,204,"BG   ",11.098,10.0392,2264,2048,216,1.0588,0.0954
"APPE933 ","Apple Hrlm Roxbury Russet ECO 1/2bu","                                        ","          ",6,52,"CS   ",40.7837,36.6646,2120.75,1906.5595,214.19,4.1191,0.101
"PLM6    ","Plum Sugar loose 30#               ","                                        ","          ",1,20,"CS   ",39.5,29.461,790,589.22,200.78,10.039,0.2542
"TOMF28  ","Tomato Cherry FRESH 12 pint        ","                                        ","          ",20,22,"CS   ",31,22,682,484,198,9,0.2903
"APPE925 ","Apple Hrlm Lamb Abbey Pearmain ECO ","                                        ","1/2BU     ",10,74,"CS   ",40.723,38.0796,3013.5,2817.8884,195.61,2.6434,0.0649
"GRA5    ","Grape Vanessa 8/.75# clamshell     ","                                        ","          ",1,76,"CS   ",23.75,21.25,1805,1615,190,2.5,0.1053
"END1    ","Endives crate 24s                  ","                                        ","          ",6,125,"CS   ",13.5,12,1687.5,1500,187.5,1.5,0.1111
"TOM8    ","Tomato Heirloom Mix flat 10#       ","                                        ","          ",8,152,"CS   ",21.1217,19.9079,3210.5,3026,184.5,1.2138,0.0575
"ESC2    ","Escarole 24s                       ","                                        ","          ",10,130,"CS   ",13.5962,12.1778,1767.5,1583.1197,184.38,1.4184,0.1043
"GRA7    ","Grape Jupiter 8/.75# clamshell     ","                                        ","          ",1,72,"CS   ",23.75,21.25,1710,1530,180,2.5,0.1053
"BEEO1   ","Beet Red OG 12s                    ","                                        ","          ",34,74,"CS   ",21.1453,18.7161,1564.75,1384.9899,179.76,2.4292,0.1149
"APP13   ","Apple McIntosh tote 8/5#           ","                                        ","          ",1,70,"CS   ",23,20.5,1610,1435,175,2.5,0.1087
"APP28   ","INACTIVE Apple Empire tote 8/5#    ","                                        ","          ",1,70,"CS   ",23,20.5,1610,1435,175,2.5,0.1087
"BEE3    ","Beet Gold bunch 12s                ","                                        ","          ",40,45,"CS   ",24,20.1211,1080,905.4499,174.55,3.8789,0.1616
"KALO7   ","Kale OG per #                      ","                                        ","          ",1,1686,"LB   ",1.2,1.1,2023.2,1854.6,168.6,0.1,0.0833
"DILO1   ","Dill OG bunch 24s                  ","                                        ","          ",4,66,"CS   ",26.5,24,1749,1584,165,2.5,0.0943
"APPE74  ","Apple Macoun ECO 80s               ","                                        ","          ",4,172,"CS   ",29.1337,28.2142,5011,4852.84,158.16,0.9195,0.0316
"APP29   ","INACTIVE Apple Empire counts       ","                                        ","          ",1,42,"CS   ",29.5,25.75,1239,1081.5,157.5,3.75,0.1271
"CUCO3   ","Cucumber Pickle OG 1/2bu           ","                                        ","          ",3,63,"CS   ",25.5,23,1606.5,1449,157.5,2.5,0.098
"SWIO2   ","Swiss Chard Red OG bunch 24s       ","                                        ","          ",5,63,"CS   ",24.5,22,1543.5,1386,157.5,2.5,0.102
"PUM17   ","Pumpkin Sugar 3-6# bin 400#        ","                                        ","          ",1,9,"BN   ",172,155,1548,1395,153,17,0.0988
"TOM30   ","Tomato on the vine 10#             ","                                        ","          ",1,102,"CS   ",16,14.5,1632,1479,153,1.5,0.0938
"BRU3    ","Brussels Sprout 25#                ","                                        ","          ",1,50,"CS   ",33,30,1650,1500,150,3,0.0909
"PCHE10  ","Peach ECO 3"" 2-layer tray          ","                                        ","          ",1,60,"CS   ",24,21.5,1440,1290,150,2.5,0.1042
"PEPO26  ","Pepper Bell Red OG 1-1/9bu         ","                                        ","          ",2,30,"CS   ",50,45,1500,1350,150,5,0.1
"PEPO29  ","Pepper Italian Fryin Mix OG 1-1/9bu","                                        ","          ",2,30,"CS   ",50,45,1500,1350,150,5,0.1
"KOHF1   ","Kohlrabi FRESH bunch 24s           ","                                        ","          ",25,53,"CS   ",20.4198,17.706,1082.25,938.4197,143.83,2.7138,0.1329
"CUCF6   ","Cucumber Pickle Fancy FRESH 1/2 bu ","                                        ","          ",16,17,"CS   ",20.25,12.1176,344.25,206,138.25,8.1324,0.4016
"TOMO4   ","Tomato Premium OG flat 10#         ","                                        ","          ",4,122,"CS   ",15.2951,14.1639,1866,1728,138,1.1312,0.074
"KALF3   ","Kale FRESH bunch 18s               ","                                        ","          ",18,20,"CS   ",23.25,16.5,465,330,135,6.75,0.2903
"PUM21   ","Pumpkin 15-20#ea bin ~800#         ","                                        ","          ",3,9,"BN   ",135,120,1215,1080,135,15,0.1111
"LEEF1   ","Leek FRESH bunch 12s               ","                                        ","          ",25,52,"CS   ",22.0769,19.4844,1148,1013.1899,134.81,2.5925,0.1174
"SCAO2   ","Scallion OG bunch 24s              ","                                        ","          ",4,53,"CS   ",24.5,22,1298.5,1166,132.5,2.5,0.102
"SQUF13  ","Squash Yellow FRESH med 1/2bu      ","                                        ","          ",6,50,"CS   ",19.98,17.3346,999,866.7298,132.27,2.6454,0.1324
"PER1    ","Pear Bartlett Red 4/5bu ~40#       ","                                        ","          ",17,46,"CS   ",35.962,33.0911,1654.25,1522.1911,132.06,2.8709,0.0798
"ENDF1   ","Endive FRESH crate 24s             ","                                        ","          ",17,44,"CS   ",20.233,17.2561,890.25,759.2701,130.98,2.9769,0.1471
"TOMO33  ","Tomato Mountain Magic OG 13#       ","                                        ","          ",2,64,"CS   ",24,22,1536,1408,128,2,0.0833
"PEAO5   ","Pea English OG 1-1/9bu             ","                                        ","          ",2,29,"CS   ",51.6207,47.2414,1497,1370,127,4.3793,0.0848
"CUCO16  ","Cucumber Persian OG 12#            ","                                        ","          ",3,63,"CS   ",20,18,1260,1134,126,2,0.1
"TOM12   ","Tomato Cherry Mix 10/12oz          ","                                        ","          ",1,90,"CS   ",29.4,28,2646,2520,126,1.4,0.0476
"KALO9   ","Kale Red Curly OG 24s              ","                                        ","          ",2,50,"CS   ",24.5,22,1225,1100,125,2.5,0.102
"LETO21  ","Lettuce Green Artisan Mix OG 24s   ","                                        ","          ",1,50,"CS   ",24.5,22,1225,1100,125,2.5,0.102
"PCHE6   ","Peach ECO 2-1/2"" tray pack         ","                                        ","          ",1,50,"CS   ",24,21.5,1200,1075,125,2.5,0.1042
"CILO2   ","Cilantro OG bunch 30s              ","                                        ","          ",2,68,"CS   ",20.3456,18.5185,1383.5,1259.2608,124.24,1.8271,0.0898
"GOO4    ","Gooseberries Cape OG per #         ","                                        ","          ",2,310,"LB   ",4.4,4,1364,1240,124,0.4,0.0909
"APP38   ","INACTIVE Apple Gala tote 8/5#      ","                                        ","          ",1,35,"CS   ",26.5,23,927.5,805,122.5,3.5,0.1321
"ASPO3   ","Asparagus OG per #                 ","                                        ","          ",2,275,"LB   ",4.59,4.15,1262.25,1141.25,121,0.44,0.0959
"LETF17  ","Lettuce Romaine Red FRESH 24s      ","                                        ","          ",17,15,"CS   ",24.5167,16.5,367.75,247.5,120.25,8.0167,0.327
"CORF7   ","Corn Sweet Bi-Color FRESH bag 60s  ","                                        ","          ",5,15,"BG   ",20,12,300,180,120,8,0.4
"ONIO6   ","Onion Yellow OG bunch 12s          ","                                        ","          ",4,48,"CS   ",24.5,22,1176,1056,120,2.5,0.102
"TOM15   ","Tomato Hrlm Cocktail Mix clam 20oz ","                                        ","          ",1,40,"CS   ",33,30,1320,1200,120,3,0.0909
"KALO8   ","Kale Lacinato OG per #             ","                                        ","          ",1,1175,"LB   ",1.3,1.2,1527.5,1410,117.5,0.1,0.0769
"BEA1    ","Bean Green 1 bu                    ","                                        ","          ",8,48,"CS   ",29.4583,27.0961,1414,1300.6109,113.39,2.3622,0.0802
"ONI2    ","Onion Spring Red bunch             ","                                        ","          ",3,26,"CS   ",24.9904,20.6454,649.75,536.78,112.97,4.345,0.1739
"PUM14   ","Pumpkin Casperita 1-1/9 bu ~38#    ","                                        ","          ",49,87,"CS   ",21.1063,19.8237,1836.25,1724.6597,111.59,1.2826,0.0608
"APPE64  ","Apple Paula Red ECO 80s            ","                                        ","          ",3,86,"CS   ",23.2717,21.9835,2001.37,1890.58,110.79,1.2882,0.0554
"LETF15  ","Lettuce Iceberg FRESH 24s          ","                                        ","          ",13,13,"CS   ",26.5,18,344.5,234,110.5,8.5,0.3208
"KALO1   ","Kale OG bunch 12s                  ","                                        ","          ",3,78,"CS   ",19.0769,17.6696,1488,1378.232,109.77,1.4073,0.0738
"TOMF5   ","Tomato XL FRESH loose 20#          ","                                        ","          ",7,12,"CS   ",31.5625,22.5,378.75,270,108.75,9.0625,0.2871
"CAR13   ","Carrot Rainbow bulk bag 24#        ","                                        ","          ",7,68,"CS   ",19.7353,18.1582,1342,1234.76,107.24,1.5771,0.0799
"SQUO3   ","Squash Yellow OG 1/2bu             ","                                        ","          ",3,43,"CS   ",25.2558,22.7907,1086,980,106,2.4651,0.0976
"TOMO35  ","Tomato Heirloom Cherry OG 12 pint  ","                                        ","          ",4,44,"CS   ",26.4,24,1161.6,1056,105.6,2.4,0.0909
"PEAF1   ","Pea Sugar Snap FRESH 10#           ","                                        ","          ",8,11,"CS   ",32.5,23,357.5,253,104.5,9.5,0.2923
"CABO12  ","Cabbage Green OG 1-1/9bu           ","                                        ","          ",3,58,"CS   ",24.931,23.1493,1446,1342.66,103.34,1.7817,0.0715
"APPE19  ","Apple McIntosh ECO 140s            ","                                        ","          ",11,26,"CS   ",35.0577,31.2046,911.5,811.3204,100.18,3.8531,0.1099
"TOMO38  ","Tomato Roma OG 20#                 ","                                        ","          ",1,40,"CS   ",27.5,25,1100,1000,100,2.5,0.0909
"CUCF2   ","Cucumber Select FRESH 1-1/9 bu     ","                                        ","          ",6,16,"CS   ",33.8125,27.7,541,443.2004,97.8,6.1125,0.1808
"CARO2   ","Carrot OG bunch 14s                ","                                        ","          ",3,33,"CS   ",24.9545,22,823.5,726,97.5,2.9545,0.1184
"EGGO19  ","Eggplant Graffiti OG 1-1/9bu       ","                                        ","          ",2,40,"CS   ",26.4,24,1056,960,96,2.4,0.0909
"RAD3    ","Radish French Breakfast OG 24s     ","                                        ","          ",2,48,"CS   ",20,18,960,864,96,2,0.1
"SQU47   ","Squash Butternut peeld/dicd 12/20oz","                                        ","          ",13,26,"CS   ",21.0673,17.4281,547.75,453.13,94.62,3.6392,0.1727
"PARO1   ","Parsley Flat OG bunch 30s 1/2bu    ","                                        ","          ",4,39,"CS   ",25.6436,23.2308,1000.1,906,94.1,2.4128,0.0941
"CUCF5   ","Cucumber Pickle Fancy FRESH 1 bu   ","                                        ","          ",13,31,"CS   ",39.121,36.1232,1212.75,1119.82,92.93,2.9978,0.0766
"TOM13   ","Tomato Cherry Mix clam 12 pint     ","                                        ","          ",3,30,"CS   ",27,23.94,810,718.2,91.8,3.06,0.1133
"APPE253 ","Apple Silken ECO tote 8/5#         ","                                        ","          ",1,60,"CS   ",33.1,31.5812,1986,1894.872,91.13,1.5188,0.0459
"POT19   ","Potato White chef bag 50#          ","                                        ","          ",31,226,"BG   ",17.4015,16.9987,3932.75,3841.697,91.05,0.4028,0.0232
"BEEO3   ","Beet Gold OG bunch 12s             ","                                        ","          ",2,45,"CS   ",22,20,990,900,90,2,0.0909
"BEEO5   ","Beet Red OG bunch 14s              ","                                        ","          ",2,30,"CS   ",26.5,23.5,795,705,90,3,0.1132
"SWIO7   ","Swiss Chard Peppermint OG bunch 24s","                                        ","          ",4,36,"CS   ",24.5,22,882,792,90,2.5,0.102
"COR8    ","Corn Indian bunch 20s bag          ","                                        ","          ",22,25,"BG   ",32,28.4124,800,710.311,89.69,3.5876,0.1121
"SQUF7   ","Squash Butternut FRESH 1/2 bu      ","                                        ","          ",3,28,"CS   ",25.3929,22.2475,711,622.9303,88.07,3.1454,0.1239
"POT12   ","Potato Adirondack Red bag 50#      ","                                        ","          ",1,50,"CS   ",17.75,16,887.5,800,87.5,1.75,0.0986
"TOMF3   ","Tomato Grape FRESH 12 pint         ","                                        ","          ",9,64,"CS   ",15.5039,14.1683,992.25,906.7707,85.48,1.3356,0.0861
"CABF2   ","Cabbage Red FRESH 12-18s 50#       ","                                        ","          ",25,32,"CS   ",22.2813,19.6131,713,627.62,85.38,2.6682,0.1197
"PEPF10  ","Pepper Long Hot FRESH 1/2 bu       ","                                        ","          ",17,34,"CS   ",20.9559,18.4841,712.5,628.4601,84.04,2.4718,0.118
"BEEO8   ","Beet Gold OG bunch 14s             ","                                        ","          ",3,33,"CS   ",26.0455,23.5455,859.5,777,82.5,2.5,0.096
"APPE97  ","Apple Hrlm Black Gilliflower ECO   ","                                        ","1/2BU     ",4,22,"CS   ",40.7955,37.0671,897.5,815.4752,82.02,3.7284,0.0914
"KALF2   ","Kale Tuscan FRESH bunch 12s        ","                                        ","          ",12,31,"CS   ",22.5,19.8697,697.5,615.9601,81.54,2.6303,0.1169
"CARO7   ","Carrot Rainbow OG bunch 14s        ","                                        ","          ",2,18,"CS   ",26.5,22,477,396,81,4.5,0.1698
"LETF22  ","Lettuce Oak Leaf FRESH 24s         ","                                        ","          ",11,10,"CS   ",24.5,16.5,245,165,80,8,0.3265
"BEAF2   ","Bean Fava FRESH 25#                ","                                        ","          ",3,4,"CS   ",46,26.25,184,105,79,19.75,0.4293
"PER5    ","Pear Shinseiki tray 48s            ","                                        ","          ",6,40,"CS   ",24.9415,22.9782,997.66,919.13,78.53,1.9633,0.0787
"PUM13   ","Pumpkin Baby Boo 1/2bu ~18#        ","                                        ","          ",30,64,"CS   ",18.6875,17.4672,1196,1117.9003,78.1,1.2203,0.0653
"POT8    ","Potato Red bag 50#                 ","                                        ","          ",8,25,"CS   ",20.85,17.7472,521.25,443.6802,77.57,3.1028,0.1488
"PEPF5   ","Pepper Cubanelle FRESH 1-1/9bu     ","                                        ","          ",17,31,"CS   ",20.8952,18.451,647.75,571.9802,75.77,2.4442,0.117
"PER2    ","Pear Hosui ~60ct basket 6/3.5#     ","                                        ","          ",10,84,"CS   ",22.1012,21.2029,1856.5,1781.0426,75.46,0.8983,0.0406
"BOKF1   ","Bok Choy FRESH 1.7+ bu             ","                                        ","          ",11,26,"CS   ",19.2019,16.3027,499.25,423.87,75.38,2.8992,0.151
"APPE53  ","Apple Golden Del ECO tote 8/5#     ","                                        ","          ",1,30,"CS   ",23,20.5,690,615,75,2.5,0.1087
"PEPO27  ","Pepper Bell Yellow OG 1-1/9bu      ","                                        ","          ",2,15,"CS   ",50,45,750,675,75,5,0.1
"PEPO30  ","Pepper Yummy Mix OG 12/1qt         ","                                        ","          ",2,30,"CS   ",27.5,25,825,750,75,2.5,0.0909
"PARF2   ","Parsley Curly FRESH bunch 30s 1/2bu","                                        ","          ",11,26,"CS   ",18.8077,15.9804,489,415.4899,73.51,2.8273,0.1503
"SQUF37  ","Squash Grey FRESH                  ","                                        ","          ",15,32,"CS   ",23.0422,20.7953,737.35,665.4499,71.9,2.2469,0.0975
"PEP7    ","Pepper Bell Green Lg 1-1/9 bu      ","                                        ","          ",2,61,"CS   ",12.0656,10.9151,736,665.82,70.18,1.1505,0.0954
"PEP1    ","Pepper Bell Mix mini 12 pint       ","                                        ","          ",2,20,"CS   ",27.5,24,550,480,70,3.5,0.1273
"PEPO32  ","Pepper Bell Mini Mix OG 12/12oz    ","                                        ","          ",1,20,"CS   ",27.5,24,550,480,70,3.5,0.1273
"BASF3   ","Basil FRESH bunch 12s              ","                                        ","          ",6,8,"CS   ",24.5,16,196,128,68,8.5,0.3469
"APPE37  ","Apple Gala ECO XFcy 100s           ","                                        ","          ",6,11,"CS   ",36.4318,30.4082,400.75,334.4902,66.26,6.0236,0.1653
"PEPF9   ","Pepper Jalape√±o FRESH 1/2 bu       ","                                        ","          ",15,28,"CS   ",20.5179,18.2071,574.5,509.8,64.7,2.3108,0.1126
"EGGO17  ","Eggplant Chinese OG 1/2bu          ","                                        ","          ",2,40,"CS   ",17.6,16,704,640,64,1.6,0.0909
"ONI4    ","Onion Spring bunch 12s             ","                                        ","          ",2,38,"CS   ",17,15.316,646,582.0099,63.99,1.684,0.0991
"APPE106 ","Apple Jonamac ECO 100s             ","                                        ","          ",9,22,"CS   ",30.8636,28.0055,679,616.1202,62.88,2.8581,0.0926
"TOM36   ","Tomato Cherry Mix 12 pint          ","                                        ","          ",3,30,"CS   ",26.6667,24.5787,800,737.36,62.64,2.088,0.0783
"LETO20  ","Lettuce Red Artisan Mix OG 24s     ","                                        ","          ",1,25,"CS   ",24.5,22,612.5,550,62.5,2.5,0.102
"CABF7   ","Cabbage Savoy FRESH 12-18s 50#     ","                                        ","          ",12,17,"CS   ",21.6912,18.0518,368.75,306.88,61.87,3.6394,0.1678
"PER8    ","Pear Bosc 4/5 bu ~40#              ","                                        ","          ",16,121,"CS   ",29.4963,28.9881,3569.05,3507.5598,61.49,0.5082,0.0172
"SCAF1   ","Scallion FRESH bunch 48s           ","                                        ","          ",7,32,"CS   ",21.5,19.585,688,626.7196,61.28,1.915,0.0891
"ASP1    ","Asparagus bunch 28/1#              ","                                        ","          ",2,10,"CS   ",76,70,760,700,60,6,0.0789
"DANO1   ","Dandelion Greens OG bunch 12s      ","                                        ","          ",2,30,"CS   ",22,20,660,600,60,2,0.0909
"MELO2   ","Melon Tonda OG                     ","                                        ","          ",3,24,"CS   ",25.5,23,612,552,60,2.5,0.098
"PEAO6   ","Pea Sugar Snap OG 15#              ","                                        ","          ",1,15,"CS   ",46,42,690,630,60,4,0.087
"PLM7    ","Plum Shiro loose 30#               ","                                        ","          ",1,16,"CS   ",30,26.25,480,420,60,3.75,0.125
"SQUF5   ","Squash Goldbar FRESH 1/2 bu        ","                                        ","          ",13,6,"CS   ",20.8333,11,125,66,59,9.8333,0.472
"SQUF6   ","Squash Spaghetti FRESH 1-1/9 bu    ","                                        ","          ",1,12,"CS   ",33.75,28.8767,405,346.5204,58.48,4.8733,0.1444
"EGG2    ","Eggplant Italian 1-1/9 bu          ","                                        ","          ",6,55,"CS   ",10.5909,9.5296,582.5,524.13,58.37,1.0613,0.1002
"PER20   ","Pear Bartlett Green 4/5bu          ","                                        ","          ",5,10,"CS   ",37.45,31.6682,374.5,316.6818,57.82,5.7818,0.1544
"CUCO14  ","Cucumber #2 OG 1-1/9bu             ","                                        ","          ",5,38,"CS   ",13.7816,12.2632,523.7,466,57.7,1.5184,0.1102
"TOMO11  ","Tomato Roma OG tray 16/12oz        ","                                        ","          ",1,24,"CS   ",26.4,24,633.6,576,57.6,2.4,0.0909
"APPE124 ","Apple Red Delicious ECO 88/100s    ","                                        ","          ",1,35,"CS   ",20,18.3571,700,642.4985,57.5,1.6429,0.0821
"BEA5    ","Bean Wax 1 bu                      ","                                        ","          ",1,12,"CS   ",30.5,25.7558,366,309.0696,56.93,4.7442,0.1555
"APPE912 ","Apple Hrlm Cox's Orange Pippin ECO ","                                        ","1/2BU     ",12,31,"CS   ",39.5806,37.8342,1227,1172.86,54.14,1.7464,0.0441
"TURF1   ","Turnip Greens FRESH bunch 12s      ","                                        ","          ",14,20,"CS   ",20.6,17.9475,412,358.95,53.05,2.6525,0.1288
"SQUO41  ","Squash Lebanese OG 1/2bu           ","                                        ","          ",3,22,"CS   ",26.4,24,580.8,528,52.8,2.4,0.0909
"BASO2   ","Basil Genovese OG bunch 24s        ","                                        ","          ",2,21,"CS   ",26.5,24,556.5,504,52.5,2.5,0.0943
"BOKF2   ","Bok Choy Baby FRESH 1/2 bu         ","                                        ","          ",8,17,"CS   ",22.3676,19.3282,380.25,328.5799,51.67,3.0394,0.1359
"CUCO18  ","Cucumber Tasty Jade 1-1/9bu        ","                                        ","          ",2,20,"CS   ",27.5,25,550,500,50,2.5,0.0909
"GARO2   ","Garlic Scape OG 10#                ","                                        ","          ",4,20,"CS   ",27.5,25,550,500,50,2.5,0.0909
"ONI3    ","Onion Spring bunch 24s             ","                                        ","          ",1,20,"CS   ",24.5,22,490,440,50,2.5,0.102
"SWIO6   ","Swiss Chard Yellow OG bunch 24s    ","                                        ","          ",2,20,"CS   ",24.5,22,490,440,50,2.5,0.102
"EGGO21  ","Eggplant Mauve OG 1-1/9bu          ","                                        ","          ",1,20,"CS   ",26.4,24,528,480,48,2.4,0.0909
"EGGO22  ","Eggplant Mini Mix OG 12x1qt        ","                                        ","          ",1,20,"CS   ",26.4,24,528,480,48,2.4,0.0909
"CABF4   ","Cabbage China FRESH 12-18s 50#     ","                                        ","          ",6,16,"CS   ",19.3438,16.3775,309.5,262.0402,47.46,2.9663,0.1533
"PEPF19  ","Pepper Cherry Hot FRESH 1-1/9bu    ","                                        ","          ",14,21,"CS   ",20.0714,17.8305,421.5,374.4399,47.06,2.2409,0.1116
"APPE95  ","Apple Hrlm Baldwin ECO 1/2bu       ","                                        ","          ",2,6,"CS   ",41,33.25,246,199.5,46.5,7.75,0.189
"GAR5    ","Garlic bag 10#                     ","                                        ","          ",23,32,"BG   ",64.0625,62.6382,2050,2004.4221,45.58,1.4243,0.0222
"EGG3    ","Eggplant #1 1-1/9bu                ","                                        ","          ",10,20,"CS   ",20.25,17.997,405,359.9404,45.06,2.253,0.1113
"ONIO1   ","Onion Red OG bunch 12s             ","                                        ","          ",2,18,"CS   ",24.5,22,441,396,45,2.5,0.102
"SQUO40  ","Squash Pattypan OG 1/2bu           ","                                        ","          ",2,18,"CS   ",26.5,24,477,432,45,2.5,0.0943
"STR2    ","Strawberry Native 12 pint          ","                                        ","          ",1,30,"CS   ",26.5,25,795,750,45,1.5,0.0566
"PAR1    ","Parsley Flat bunch 30s 1/2bu       ","                                        ","          ",14,16,"CS   ",18.0938,15.4119,289.5,246.59,42.91,2.6819,0.1482
"ONI11   ","Onion Yellow jumbo bag 50#         ","                                        ","          ",16,42,"BG   ",25.506,24.489,1071.25,1028.5401,42.71,1.017,0.0399
"TOMF8   ","Tomato Heirloom Mix FRESH flat 10# ","                                        ","          ",3,5,"CS   ",26.5,18,132.5,90,42.5,8.5,0.3208
"PER6    ","Pear Bartlett Green 2-3/4"" loose   ","                                        ","          ",5,6,"CS   ",37.15,30.0833,222.9,180.4998,42.4,7.0667,0.1902
"APPE98  ","Apple Hrlm Black Oxford ECO 1/2bu  ","                                        ","          ",5,9,"CS   ",41,36.48,369,328.32,40.68,4.52,0.1102
"CAR15   ","Carrot Rainbow bag 25#             ","                                        ","          ",1,20,"CS   ",20,18,400,360,40,2,0.1
"CUCO15  ","Cucumber Mini Snacker OG 12#       ","                                        ","          ",1,20,"CS   ",20,18,400,360,40,2,0.1
"TOMO8   ","Tomato Heirloom Mix OG flat 10#    ","                                        ","          ",1,20,"CS   ",24,22,480,440,40,2,0.0833
"APPE921 ","Apple Hrlm Hudson's Golden Gem ECO ","                                        ","          ",5,11,"CS   ",41,37.4782,451,412.2598,38.74,3.5218,0.0859
"CABO10  ","Cabbage Caraflex Mini OG 1-1/9bu   ","                                        ","          ",2,15,"CS   ",24.5,22,367.5,330,37.5,2.5,0.102
"CABO15  ","Cabbage Napa OG 2bu                ","                                        ","          ",1,15,"CS   ",26.5,24,397.5,360,37.5,2.5,0.0943
"PARO2   ","Parsley Curly OG bunch 30s 1/2bu   ","                                        ","          ",1,15,"CS   ",24.5,22,367.5,330,37.5,2.5,0.102
"CEL3    ","Celery bunch 24s                   ","                                        ","          ",17,45,"CS   ",19.0833,18.2518,858.75,821.3297,37.42,0.8315,0.0436
"NECE6   ","Nectarine White ECO basket 6/3.5#  ","                                        ","          ",1,20,"CS   ",26.5,24.6553,530,493.106,36.89,1.8447,0.0696
"PUM24   ","Pumpkin Casperita 1/2bu ~16-17#    ","                                        ","          ",3,8,"CS   ",18.5,14,148,112,36,4.5,0.2432
"APPE932 ","Apple Hrlm Rhode Isl. Greening ECO ","                                        ","1/2BU     ",6,11,"CS   ",41,37.8436,451,416.2799,34.72,3.1564,0.077
"EGGO18  ","Eggplant Japanese OG 1/2bu         ","                                        ","          ",1,20,"CS   ",17.6,16,352,320,32,1.6,0.0909
"EGGO20  ","Eggplant Neon OG 1-1/9bu           ","                                        ","          ",1,20,"CS   ",17.6,16,352,320,32,1.6,0.0909
"LET16   ","Lettuce Romaine Heart 48s          ","                                        ","          ",3,16,"CS   ",27.25,25.2807,436,404.4908,31.51,1.9693,0.0723
"APPE937 ","Apple Hrlm Winesap ECO 1/2bu       ","                                        ","          ",1,4,"CS   ",41,33.25,164,133,31,7.75,0.189
"GAR4    ","Garlic Green 24s                   ","                                        ","          ",1,15,"CS   ",20,18,300,270,30,2,0.1
"GOO3    ","Gooseberries Cape OG 12x1/2pint    ","                                        ","          ",1,10,"CS   ",33,30,330,300,30,3,0.0909
"PEPO25  ","Pepper Hot Mix OG clam 18x1/2pt    ","                                        ","          ",1,10,"CS   ",33,30,330,300,30,3,0.0909
"PEPO28  ","Pepper Bell Orange OG 1-1/9bu      ","                                        ","          ",2,6,"CS   ",50,45,300,270,30,5,0.1
"PEPO31  ","Pepper Hot Mix OG clam 12 pt       ","                                        ","          ",1,10,"CS   ",33,30,330,300,30,3,0.0909
"APPE67  ","Apple Paula Red ECO 125s           ","                                        ","          ",3,6,"CS   ",28.25,23.2966,169.5,139.7796,29.72,4.9534,0.1753
"PUM11   ","Pumpkin Jack B. Little 1/2bu ~17#  ","                                        ","          ",92,221,"CS   ",18.4808,18.3604,4084.25,4057.638,26.61,0.1204,0.0065
"TOMF29  ","Tomato Plum FRESH 25#              ","                                        ","          ",2,3,"CS   ",26.5,18,79.5,54,25.5,8.5,0.3208
"ONI8    ","Onion Red jumbo bag 25#            ","                                        ","          ",26,39,"BG   ",22.2564,21.6057,868,842.621,25.38,0.6507,0.0292
"CAUO1   ","Cauliflower OG 12s                 ","                                        ","          ",1,10,"CS   ",27.5,25,275,250,25,2.5,0.0909
"PEP21   ","Pepper Hot Portugal 1-1/9bu        ","                                        ","          ",4,5,"CS   ",20,15.124,100,75.62,24.38,4.876,0.2438
"APPE108 ","Apple Jonamac ECO 120s             ","                                        ","          ",8,22,"CS   ",28.6932,27.6309,631.25,607.8806,23.37,1.0623,0.037
"CUCF3   ","Cucumber Pickle FRESH 1/2 bu       ","                                        ","          ",3,3,"CS   ",19.75,12,59.25,36,23.25,7.75,0.3924
"LET15   ","Lettuce Iceberg 24s                ","                                        ","          ",7,13,"CS   ",24.1538,22.3831,314,290.9798,23.02,1.7707,0.0733
"CABF3   ","Cabbage Napa FRESH 40#             ","                                        ","          ",9,12,"CS   ",22.125,20.21,265.5,242.5199,22.98,1.915,0.0866
"BAS5    ","Basil potted 18ct                  ","                                        ","          ",1,25,"CS   ",18.9,18,472.5,450,22.5,0.9,0.0476
"HER1    ","Herb Mix potted18ct                ","                                        ","          ",1,25,"CS   ",18.9,18,472.5,450,22.5,0.9,0.0476
"ONI14   ","Onion Cippolini Yellow bag 10#     ","                                        ","          ",1,15,"BG   ",15.5,14,232.5,210,22.5,1.5,0.0968
"PEP13   ","Pepper Hungarian 1/2 bu            ","                                        ","          ",7,8,"CS   ",14.2188,11.465,113.75,91.72,22.03,2.7538,0.1937
"ONI13   ","Onion Cippolini Red bag 10#        ","                                        ","          ",2,16,"BG   ",15.7031,14.3331,251.25,229.33,21.92,1.37,0.0872
"APPE45  ","Apple Honeycrisp ECO 88s           ","                                        ","          ",1,1,"CS   ",71.5,50,71.5,50,21.5,21.5,0.3007
"MINO1   ","Mint OG bunch 12s                  ","                                        ","          ",1,10,"CS   ",12,10,120,100,20,2,0.1667
"PSN1    ","Parsnip bag 18/1#                  ","                                        ","          ",33,37,"CS   ",27.8378,27.2973,1030,1010.0004,20,0.5405,0.0194
"PER16   ","Pear Bartlett Red 2-3/4"" loose     ","                                        ","          ",3,3,"CS   ",35.8,29.39,107.4,88.17,19.23,6.41,0.1791
"BEEF3   ","Beet Gold FRESH bunch 12s          ","                                        ","          ",3,2,"CS   ",26.75,18,53.5,36,17.5,8.75,0.3271
"NECE2   ","Nectarine Yellow ECO basket 6/3.5# ","                                        ","          ",3,5,"CS   ",28,24.656,140,123.28,16.72,3.344,0.1194
"EGG10   ","Eggplant Ophelia 1/2bu             ","                                        ","          ",2,2,"CS   ",22,14,44,28,16,8,0.3636
"EGGF10  ","Eggplant Ophelia FRESH 1/2bu       ","                                        ","          ",2,2,"CS   ",22,14,44,28,16,8,0.3636
"PEPF4   ","Pepper Poblano FRESH 1/2 bu        ","                                        ","          ",2,2,"CS   ",22,14,44,28,16,8,0.3636
"BEEF2   ","Beet Red cut FRESH bag 25#         ","                                        ","          ",4,7,"CS   ",18.9643,16.7171,132.75,117.02,15.73,2.2472,0.1185
"APPE947 ","Apple Hrlm Ribston Pippin ECO 1/2bu","                                        ","          ",5,5,"CS   ",42.5,39.366,212.5,196.83,15.67,3.134,0.0737
"PEP19   ","Pepper Cherry Hot 1-1/9bu          ","                                        ","          ",6,6,"CS   ",17.0417,14.4967,102.25,86.98,15.27,2.545,0.1493
"MARO1   ","Marigold Mexican Mint OG 3#        ","                                        ","          ",1,5,"CS   ",33,30,165,150,15,3,0.0909
"MINO4   ","Mint OG 3#                         ","                                        ","          ",1,5,"CS   ",33,30,165,150,15,3,0.0909
"ROSO1   ","Rosemary OG 3#                     ","                                        ","          ",1,5,"CS   ",33,30,165,150,15,3,0.0909
"SAGO1   ","Sage OG 3#                         ","                                        ","          ",1,5,"CS   ",33,30,165,150,15,3,0.0909
"THYO1   ","Thyme OG 3#                        ","                                        ","          ",1,5,"CS   ",33,30,165,150,15,3,0.0909
"PEPF15  ","Pepper Bell Suntan XL FRESH 1-1/9bu","                                        ","          ",2,5,"CS   ",22.5,19.518,112.5,97.5901,14.91,2.982,0.1325
"PARF4   ","Parsley Curly FRESH bunch 60s 1/2bu","                                        ","          ",1,4,"CS   ",21.5,17.8325,86,71.33,14.67,3.6675,0.1706
"TOM28   ","Tomato Cherry 12 pint              ","                                        ","          ",4,2,"CS   ",29.25,22,58.5,44,14.5,7.25,0.2479
"MICO12  ","Microgreen Rainbow Mix OG clam 3oz ","                                        ","          ",10,48,"EA   ",6,5.7,288,273.6,14.4,0.3,0.05
"MICO13  ","Microgreen Sweet/Spicy OG clam 3oz ","                                        ","          ",10,48,"EA   ",6,5.7,288,273.6,14.4,0.3,0.05
"PEPF11  ","Pepper Serrano FRESH 1/2 bu        ","                                        ","          ",6,8,"CS   ",22.5,20.725,180,165.8,14.2,1.775,0.0789
"APPE930 ","Apple Hrlm Pitmaston Pineapple ECO ","                                        ","1/2BU     ",2,3,"CS   ",41,36.2833,123,108.85,14.15,4.7167,0.115
"TURF2   ","Turnip FRESH bag 1 bu              ","                                        ","          ",5,10,"CS   ",14.55,13.154,145.5,131.54,13.96,1.396,0.0959
"APPE104 ","Apple Jonamac ECO 80s              ","                                        ","          ",1,3,"CS   ",31.25,26.6533,93.75,79.9599,13.79,4.5967,0.1471
"MICO7   ","Micro Sunnies OG clam 4oz          ","                                        ","          ",10,48,"EA   ",5.25,4.99,252,239.52,12.48,0.26,0.0495
"HERO3   ","Herb Mix OG potted 15s             ","                                        ","          ",5,5,"CS   ",24,21.518,120,107.59,12.41,2.482,0.1034
"CUC6    ","Cucumber Pickle Fancy 1/2 bu       ","                                        ","          ",3,3,"CS   ",16,12,48,36,12,4,0.25
"MICO14  ","Microgreen Super Salad OG clam 4oz ","                                        ","          ",10,48,"EA   ",5,4.75,240,228,12,0.25,0.05
"MICO15  ","Microgreen CleanseSalad OG clam 4oz","                                        ","          ",10,48,"EA   ",5,4.75,240,228,12,0.25,0.05
"PEP23   ","Pepper Sweet Italian 1-1/9bu       ","                                        ","          ",3,3,"CS   ",19.0833,15.1,57.25,45.3,11.95,3.9833,0.2087
"CAR16   ","Carrot bag 20#                     ","                                        ","          ",1,1,"BG   ",24,12.06,24,12.06,11.94,11.94,0.4975
"APPE107 ","Apple Jonamac ECO 140s             ","                                        ","          ",1,2,"CS   ",31.25,25.505,62.5,51.01,11.49,5.745,0.1838
"APPE919 ","Apple Hrlm Holstein ECO 1/2bu      ","                                        ","          ",5,5,"CS   ",42.2,39.964,211,199.82,11.18,2.236,0.053
"WHEO1   ","Wheatgrass OG cut clam 6oz         ","                                        ","          ",10,48,"EA   ",4.65,4.42,223.2,212.16,11.04,0.23,0.0495
"APPE16  ","INACTIVE Apple McIntosh ECO 88s    ","                                        ","          ",1,1,"CS   ",35.75,25,35.75,25,10.75,10.75,0.3007
"CIL1    ","Cilantro bunch 24s                 ","                                        ","          ",11,11,"CS   ",19.3636,18.4518,213,202.9701,10.03,0.9118,0.0471
"BRUO2   ","Brussels Sprout On Stalk OG ea.    ","                                        ","          ",2,40,"EA   ",2.25,2,90,80,10,0.25,0.1111
"PEP4    ","Pepper Poblano 1/2 bu              ","                                        ","          ",4,5,"CS   ",16.75,14.756,83.75,73.78,9.97,1.994,0.119
"APPE934 ","Apple Hrlm Snow ECO 1/2bu          ","                                        ","          ",3,3,"CS   ",42.5,39.3667,127.5,118.1001,9.4,3.1333,0.0737
"HERO2   ","Herb Basil OG potted 15s           ","                                        ","          ",3,3,"CS   ",24,21.05,72,63.15,8.85,2.95,0.1229
"CORF6   ","Corn Sweet White FRESH bag 60s     ","                                        ","          ",1,1,"BG   ",20,12,20,12,8,8,0.4
"EGG11   ","Eggplant Asian 1/2bu               ","                                        ","          ",1,1,"CS   ",22,14,22,14,8,8,0.3636
"EGGF11  ","Eggplant Asian FRESH 1/2bu         ","                                        ","          ",1,1,"CS   ",22,14,22,14,8,8,0.3636
"PEPF23  ","Pepper Sweet Italian FRESH 1-1/9bu ","                                        ","          ",1,1,"CS   ",22,14,22,14,8,8,0.3636
"POT13   ","Potato Red As bag 50#              ","                                        ","          ",7,9,"BG   ",16.1389,15.2633,145.25,137.3701,7.88,0.8756,0.0543
"CUC5    ","Cucumber Pickle Fancy 1 bu         ","                                        ","          ",2,2,"CS   ",26.75,22.84,53.5,45.68,7.82,3.91,0.1462
"EGGF1   ","Eggplant Sicilian FRESH 1-1/9 bu   ","                                        ","          ",11,17,"CS   ",16.0441,15.5871,272.75,264.98,7.77,0.457,0.0285
"APPE938 ","Apple Hrlm Winter Banana ECO 1/2bu ","                                        ","          ",1,1,"CS   ",41,33.25,41,33.25,7.75,7.75,0.189
"RAD7    ","Radish Red bunch 48s               ","                                        ","          ",5,3,"CS   ",38.75,36.185,116.25,108.555,7.7,2.565,0.0662
"CUCO17  ","Cucumber Lemon OG 1/2bu            ","                                        ","          ",3,3,"CS   ",25.5,23,76.5,69,7.5,2.5,0.098
"CUCO19  ","Cucumber Asian Mix OG 1-1/9bu      ","                                        ","          ",1,3,"CS   ",27.5,25,82.5,75,7.5,2.5,0.0909
"SQUO14  ","Squash Zucchini Green Striped OG   ","                                        ","          ",3,3,"CS   ",26.5,24,79.5,72,7.5,2.5,0.0943
"APPE46  ","Apple Honeycrisp ECO bag 8/5#      ","                                        ","          ",1,2,"CS   ",28,25,56,50,6,3,0.1071
"OKRO1   ","Okra OG 1/2bu                      ","                                        ","          ",1,3,"CS   ",24,22,72,66,6,2,0.0833
"KAL3    ","Kale bunch 18s                     ","                                        ","          ",8,10,"CS   ",17.2,16.673,172,166.7297,5.27,0.527,0.0306
"PEPF3   ","Pepper Yellow Hot FRESH 1/2 bu     ","                                        ","          ",3,3,"CS   ",20.25,18.57,60.75,55.71,5.04,1.68,0.083
"APPE92  ","Apple Hrlm Ananas Reinette ECO     ","                                        ","          ",2,2,"CS   ",41,38.565,82,77.13,4.87,2.435,0.0594
"APPE926 ","Apple Hrlm Maiden's Blush ECO 1/2bu","                                        ","          ",2,2,"CS   ",41,38.565,82,77.13,4.87,2.435,0.0594
"ONIO3   ","Onion Spring OG bunch 24s          ","                                        ","          ",1,1,"CS   ",45,40.17,45,40.17,4.83,4.83,0.1073
"CAU1    ","Cauliflower 12s                    ","                                        ","          ",68,114,"CS   ",18.1842,18.1484,2073,2068.918,4.08,0.0358,0.002
"RHUO1   ","Rhubarb OG loose 20#               ","                                        ","          ",1,1,"CS   ",44,40,44,40,4,4,0.0909
"APPE910 ","Apple Hrlm Calville Blanc ECO 1/2bu","                                        ","          ",1,2,"CS   ",41,39.065,82,78.13,3.87,1.935,0.0472
"APPE103 ","Apple Jonamac ECO tote 8/5#        ","                                        ","          ",1,1,"CS   ",27.25,23.51,27.25,23.51,3.74,3.74,0.1372
"SCAF3   ","Scallion FRESH bunch 36s           ","                                        ","          ",2,5,"CS   ",21.5,20.776,107.5,103.88,3.62,0.724,0.0337
"POTO22  ","Potato Yukon Gold OG bag 10/5#     ","                                        ","          ",1,1,"BG   ",38,34.52,38,34.52,3.48,3.48,0.0916
"BEE11   ","Beet Gold cut bag 25#              ","                                        ","          ",3,3,"BG   ",29.5833,28.5233,88.75,85.57,3.18,1.06,0.0358
"KALO2   ","Kale Tuscan OG bunch 12s           ","                                        ","          ",1,1,"CS   ",22.5,19.84,22.5,19.84,2.66,2.66,0.1182
"DIL1    ","Dill bunch 24s                     ","                                        ","          ",1,1,"CS   ",21.25,18.84,21.25,18.84,2.41,2.41,0.1134
"APPE18  ","Apple McIntosh Juicing ECO 1 bu    ","                                        ","          ",1,1,"CS   ",17,15,17,15,2,2,0.1176
"APPE85  ","Apple Cortland Juicing ECO 1 bu    ","                                        ","          ",1,1,"CS   ",17,15,17,15,2,2,0.1176
"APPE164 ","Apple Jonagold ECO 80s             ","                                        ","          ",1,1,"CS   ",35.25,33.29,35.25,33.29,1.96,1.96,0.0556
"APPE940 ","Apple Hrlm Zabergau Reinette ECO   ","                                        ","1/2BU     ",1,1,"CS   ",41,39.07,41,39.07,1.93,1.93,0.0471
"HERO4   ","Herb 1/2 Basil Mix OG potted 15s   ","                                        ","          ",1,1,"CS   ",24,22.23,24,22.23,1.77,1.77,0.0738
"DANO2   ","Dandelion Greens OG bunch 24s      ","                                        ","          ",1,3,"CS   ",24.5,24,73.5,72,1.5,0.5,0.0204
"KOH3    ","Kohlrabi Green 14s                 ","                                        ","          ",1,1,"CS   ",18.75,17.52,18.75,17.52,1.23,1.23,0.0656
"KALO11  ","Kale Lacinato OG bunch 12s         ","                                        ","          ",4,4,"CS   ",18,17.8375,72,71.3501,0.65,0.1625,0.009
"PEAO7   ","Pea Shoots OG per #                ","                                        ","          ",1,1,"LB   ",7,6.4,7,6.4,0.6,0.6,0.0857
"PUNN2   ","PKG Punnet Peach Master            ","                                        ","          ",6,5990,"EA   ",1.38,1.3799,8266.2,8265.804,0.4,0.0001,0
"APPE29  ","INACTIVE Apple Empire ECO counts   ","                                        ","          ",1,0,"CS   ",0,0,0,0,0,0,0
"BEEO10  ","Beet Chioggia OG bunch 14s         ","                                        ","          ",1,0,"CS   ",0,0,0,0,0,0,0
"CHE6    ","Cherry Tart 12 quarts              ","                                        ","          ",1,4,"CS   ",36,36,144,144,0,0,0
"NET2    ","PKG Punnet Netting 1000/cs         ","                                        ","          ",1,1,"CS   ",62.5,62.5,62.5,62.5,0,0,0
"NEWITEM ","NEW Type Variety Cert Grade Pack   ","                                        ","          ",3,0,"CS   ",0,0,0,0,0,0,0
NEWITEM1,"NEW Type Variety Cert Grade Pack   ","                                        ","          ",2,0,"CS   ",0,0,0,0,0,0,0
"POLY1   ","PKG Polybag Apple Country Honeycrsp","                                        ","          ",1,0,"CS   ",0,0,0,0,0,0,0
"PUNN1   ","PKG Punnet Peach                   ","                                        ","          ",5,48540,"EA   ",0.24,0.24,11649.6,11649.6,0,0,0
"TOM21   ","Tomato Sungold 12 pint             ","                                        ","          ",1,3,"CS   ",24,24,72,72,0,0,0
"TOTE1   ","PKG Tote Plastic Apple TJs         ","                                        ","          ",11,400030,"CS   ",0.1542,0.1542,61700,61700,0,0,0
"TRAY1   ","PKG Tray Premium Tomato 11#        ","                                        ","          ",1,700,"CS   ",1.09,1.09,763,763,0,0,0
"CEL2    ","Celery Root 1/2bu                  ","                                        ","          ",1,1,"CS   ",16,16.15,16,16.15,-0.15,-0.15,-0.0094
"TOM29   ","Tomato Plum 25#                    ","                                        ","          ",9,14,"CS   ",21.1071,21.1293,295.5,295.8104,-0.31,-0.0222,-0.0011
"PAR2    ","Parsley Curly bunch 30s 1/2 bu     ","                                        ","          ",3,3,"CS   ",17.9167,18.0567,53.75,54.17,-0.42,-0.14,-0.0078
"KALO10  ","Kale Red Russian OG bunch 12s      ","                                        ","          ",2,2,"CS   ",18,18.225,36,36.45,-0.45,-0.225,-0.0125
"LETO2   ","Lettuce Green Leaf OG 12s          ","                                        ","          ",3,3,"CS   ",17,17.3667,51,52.1,-1.1,-0.3667,-0.0216
"LETO7   ","Lettuce Romaine OG 12s             ","                                        ","          ",3,3,"CS   ",17,17.3667,51,52.1,-1.1,-0.3667,-0.0216
"LETO3   ","Lettuce Red Leaf OG 12s            ","                                        ","          ",4,4,"CS   ",17,17.33,68,69.32,-1.32,-0.33,-0.0194
"KAL13   ","Kale 20#                           ","                                        ","          ",18,35,"CS   ",16.3429,16.4289,572,575.01,-3.01,-0.086,-0.0053
"CAR1    ","Carrot bag 25#                     ","                                        ","          ",4,4,"CS   ",12,12.9574,48,51.8297,-3.83,-0.9574,-0.0798
"TOTE2   ","PKG Tote Paper Apple 5#            ","                                        ","          ",1,2000,"EA   ",0.1475,0.15,295,300,-5,-0.0025,-0.0169
"CAR7    ","Carrot Rainbow bunch 14s           ","                                        ","          ",4,6,"CS   ",18.75,19.815,112.5,118.89,-6.39,-1.065,-0.0568
"SPI1    ","Spinach bunch 24s                  ","                                        ","          ",3,3,"CS   ",18.75,20.9733,56.25,62.92,-6.67,-2.2233,-0.1186
"PEP9    ","Pepper Jalape√±o 1/2 bu             ","                                        ","          ",3,3,"CS   ",14.5833,17.2367,43.75,51.71,-7.96,-2.6534,-0.1819
"BEE2    ","Beet Red Cut bag 25#               ","                                        ","          ",17,18,"CS   ",18.7361,19.2256,337.25,346.0601,-8.81,-0.4895,-0.0261
"APPE911 ","Apple Hrlm Claygate Pearmain ECO   ","                                        ","1/2BU     ",5,14,"CS   ",38.1071,38.7373,533.5,542.3217,-8.82,-0.6302,-0.0165
"PSN2    ","Parsnip loose 25#                  ","                                        ","          ",1,2,"CS   ",26.75,31.22,53.5,62.44,-8.94,-4.47,-0.1671
"TUR5    ","Turnip bunch 14s                   ","                                        ","          ",4,6,"CS   ",16.6667,18.1867,100,109.12,-9.12,-1.52,-0.0912
"SWI9    ","Swiss Chard Rainbow bunch 14s      ","                                        ","          ",23,32,"CS   ",18.9375,19.2253,606,615.2087,-9.21,-0.2878,-0.0152
"SWI4    ","Swiss Chard Green bunch 14s        ","                                        ","          ",5,7,"CS   ",15.8571,17.57,111,122.99,-11.99,-1.7129,-0.108
"RAD1    ","Radish Red bunch 24s               ","                                        ","          ",6,10,"CS   ",16.5,17.782,165,177.82,-12.82,-1.282,-0.0777
"PUM9    ","Pumpkin Sugar 8s 1-1/9bu ~24#      ","                                        ","          ",20,47,"CS   ",16,16.2876,752,765.5185,-13.52,-0.2876,-0.018
"APPE929 ","Apple Hrlm Orleans Reinette ECO    ","                                        ","1/2BU     ",3,13,"CS   ",37.5385,38.6424,488,502.3516,-14.35,-1.1039,-0.0294
"ONI9    ","Onion Red bag 10#                  ","                                        ","          ",3,3,"BG   ",5.3333,10.3567,16,31.07,-15.07,-5.0234,-0.9419
"LEE1    ","Leek bunch 12s                     ","                                        ","          ",60,62,"CS   ",22.3952,22.6411,1388.5,1403.7495,-15.25,-0.2459,-0.011
"TOTE6   ","PKG Tote Paper Apple Davidian 5#   ","ECO-branded                             ","          ",1,17805,"EA   ",0.155,0.156,2759.78,2777.58,-17.8,-0.001,-0.0064
"TOTE5   ","PKG Tote Paper Apple Clark 5#      ","ECO-branded                             ","          ",1,25592,"EA   ",0.155,0.1558,3966.76,3987.2336,-20.47,-0.0008,-0.0052
"LBL7    ","PKG Label ECO 6x4 case label (1000)","                                        ","          ",1,5000,"EA   ",0.0975,0.1016,487.5,508,-20.5,-0.0041,-0.0421
"APPE931 ","Apple Hrlm Reine des Reinettes ECO ","                                        ","1/2BU     ",6,19,"CS   ",38.2237,39.361,726.25,747.8591,-21.61,-1.1373,-0.0298
"POT17   ","Potato Russet box 50#              ","                                        ","          ",3,14,"CS   ",17.5357,19.1207,245.5,267.6896,-22.19,-1.585,-0.0904
"APPE34  ","Apple Gala ECO 80s                 ","                                        ","          ",13,16,"CS   ",33.9481,35.5438,543.17,568.7,-25.53,-1.5957,-0.047
"LBL2    ","PKG Label Local                    ","RT                                      ","          ",1,23500,"EA   ",0.059,0.0602,1386.5,1414.65,-28.15,-0.0012,-0.0203
"APPE264 ","Apple Spencer Fcy ECO 80s          ","                                        ","          ",3,3,"CS   ",25.0567,35.7833,75.17,107.35,-32.18,-10.7266,-0.4281
"CAR14   ","Carrot jumbo 50#                   ","                                        ","          ",17,29,"BG   ",20.2672,21.3969,587.75,620.509,-32.76,-1.1297,-0.0557
"SWI3    ","Swiss Chard Rainbow bunch 12s      ","                                        ","          ",12,15,"CS   ",17.9667,20.2987,269.5,304.4798,-34.98,-2.332,-0.1298
"PUM12   ","Pumpkin Wee B. Little 1/2bu ~17#   ","                                        ","          ",67,123,"CS   ",18.5289,18.8475,2279.05,2318.2364,-39.19,-0.3186,-0.0172
"COL2    ","Collard Greens 20#                 ","                                        ","          ",16,90,"CS   ",14.525,14.9832,1307.25,1348.4919,-41.24,-0.4582,-0.0315
"POT10   ","Potato White bag 50#               ","                                        ","          ",20,108,"BG   ",14.7546,15.1446,1593.5,1635.6133,-42.11,-0.39,-0.0264
"CAR12   ","Carrot Orange bulk bag 24#         ","                                        ","          ",9,9,"CS   ",14,18.8111,126,169.3,-43.3,-4.8111,-0.3437
"LBL5    ","PKG TJs Grown in (State) stickers  ","                                        ","          ",2,33000,"EA   ",0.0197,0.021,648.78,694,-45.22,-0.0013,-0.0697
"CUC19   ","Cucumber 1bu                       ","                                        ","          ",9,35,"CS   ",20.5714,22.028,720,770.9801,-50.98,-1.4566,-0.0708
"SQU16   ","Squash Delicata 1/2 bu ~20#        ","                                        ","          ",92,150,"CS   ",15.4517,15.8152,2317.75,2372.2805,-54.53,-0.3635,-0.0235
"PUM16   ","Pumpkin Sugar 12s 1.35bu ~30#      ","                                        ","          ",86,333,"CS   ",18.3799,18.5746,6120.5,6185.3438,-64.84,-0.1947,-0.0106
"POT14   ","Potato Red Bs bag 50#              ","                                        ","          ",27,73,"BG   ",17.4281,18.6896,1272.25,1364.341,-92.09,-1.2615,-0.0724
"TOTE4   ","PKG Tote Paper Apple Fishkill 5#   ","ECO-branded                             ","          ",1,17545,"EA   ",0.1552,0.1607,2723.73,2819.427,-95.7,-0.0055,-0.0351
"ARU1    ","Arugula bunch 24s                  ","                                        ","          ",14,46,"CS   ",12.788,15.0137,588.25,690.6299,-102.38,-2.2257,-0.174
"PER9    ","Pear Bosc tote 8/6#                ","                                        ","          ",25,87,"CS   ",35.0145,36.3168,3046.26,3159.5632,-113.3,-1.3023,-0.0372
"SCA2    ","Scallion bunch 24s                 ","                                        ","          ",37,82,"CS   ",16.3689,18.0117,1342.25,1476.9581,-134.71,-1.6428,-0.1004
"BSKT1   ","PKG Basket Peach Master 6/3.5#     ","                                        ","          ",5,8815,"EA   ",1.49,1.5071,13134.35,13284.8525,-150.5,-0.0171,-0.0115
"POT16   ","Potato White Bs bag 50#            ","                                        ","          ",13,49,"BG   ",12.0102,15.1305,588.5,741.3922,-152.89,-3.1203,-0.2598
"TOTE7   ","PKG Tote Paper Apple Champlain 5#  ","ECO-branded                             ","          ",1,32418,"EA   ",0.155,0.1599,5024.79,5183.6382,-158.85,-0.0049,-0.0316
"NET1    ","PKG Punnet Netting 2000/cs         ","                                        ","          ",7,29,"CS   ",125,132.8879,3625,3853.75,-228.75,-7.8879,-0.0631
"ONI12   ","Onion Yellow bag 10#               ","                                        ","          ",55,103,"BG   ",5.449,8.2748,561.25,852.3094,-291.06,-2.8258,-0.5186
"BXT1    ","PKG Boxette Hrlm Tomato Master     ","                                        ","          ",5,11277,"EA   ",1.25,1.2763,14096.25,14392.7993,-296.55,-0.0263,-0.021
"SQU36   ","Squash Butternut 1-1/9bu ~45#      ","                                        ","          ",155,641,"CS   ",16.4423,17.0258,10539.5,10913.5081,-374.01,-0.5835,-0.0355
"BSKT2   ","PKG Basket Peach 3.5#              ","                                        ","          ",4,46994,"EA   ",0.25,0.2698,11748.5,12678.9238,-930.42,-0.0198,-0.0792
"BXT2    ","PKG Boxette Hrlm Tomato            ","TJs                                     ","          ",6,63792,"EA   ",0.3801,0.402,24247.96,25647.0028,-1399.04,-0.0219,-0.0577
,,,,,,,,,,,,,
"Report Total ---->",,,,,934193.47,,5.1637,4.5196,4823900.939999999,4222198.214599997,601702.7254000017,0.6440879161786496,0.12473364044660543
