"Commodity Name","City Name",Type,Package,Variety,"Sub Variety",Grade,Date,"Low Price","High Price","Mostly Low","Mostly High",Origin,"Origin District","Item Size",Color,Environment,"Unit of Sale",Quality,Condition,Appearance,Storage,Crop,Repack,"Trans Mode",Offerings,"Market Tone","Price Comment",Comments
APPLES,BOSTON,,"cartons tray pack","RED DELICIOUS",,WAExFcy,2018/11/06,34,36,35,35,WASHINGTON,,64s,,,,,,,,,N,,,"WA BRAEBURN 80S, RED DELICIOUS 72S, PINK LADY 80S LOWER; OTHERS ABOUT STEADY.",,
APPLES,BOSTON,,"cartons tray pack","RED DELICIOUS",,WAExFcy,2018/11/06,33,36,34,35,WASHINGTON,,72s,,,,,,,,,N,,,"WA BRAEBURN 80S, RED DELICIOUS 72S, PINK LADY 80S LOWER; OTHERS ABOUT STEADY.",,
APPLES,BOSTON,,"cartons tray pack","RED DELICIOUS",,WAExFcy,2018/11/06,33,36,34,35,WASHINGTON,,80s,,,,,,,,,N,,,"WA BRAEBURN 80S, RED DELICIOUS 72S, PINK LADY 80S LOWER; OTHERS ABOUT STEADY.",,
APPLES,BOSTON,,"cartons tray pack","RED DELICIOUS",,WAExFcy,2018/11/06,32,36,34,35,WASHINGTON,,88s,,,,,,,,,N,,,"WA BRAEBURN 80S, RED DELICIOUS 72S, PINK LADY 80S LOWER; OTHERS ABOUT STEADY.",,
APPLES,BOSTON,,"cartons tray pack","RED DELICIOUS",,WAExFcy,2018/11/06,30,36,33,34,WASHINGTON,,100s,,,,,,,,,N,,,"WA BRAEBURN 80S, RED DELICIOUS 72S, PINK LADY 80S LOWER; OTHERS ABOUT STEADY.",,
APPLES,BOSTON,,"cartons tray pack","RED DELICIOUS",,WAExFcy,2018/11/06,31,33,32,32,WASHINGTON,,113s,,,,,,,,,N,,,"WA BRAEBURN 80S, RED DELICIOUS 72S, PINK LADY 80S LOWER; OTHERS ABOUT STEADY.",,
APPLES,BOSTON,,"cartons tray pack","RED DELICIOUS",,WAExFcy,2018/11/06,30,34,32,33,WASHINGTON,,125s,,,,,,,,,N,,,"WA BRAEBURN 80S, RED DELICIOUS 72S, PINK LADY 80S LOWER; OTHERS ABOUT STEADY.",,
APPLES,BOSTON,Organic,"cartons tray pack","RED DELICIOUS",,WAExFcy,2018/11/06,34,34,,,WASHINGTON,,80s,,,,,,,,,N,,,"WA BRAEBURN 80S, RED DELICIOUS 72S, PINK LADY 80S LOWER; OTHERS ABOUT STEADY.",,
APPLES,BOSTON,,"cartons tray pack","RED DELICIOUS",,"U.S. ExFcy",2018/11/06,26,26,,,PENNSYLVANIA,,88s,,,,,,,,,N,,,"WA BRAEBURN 80S, RED DELICIOUS 72S, PINK LADY 80S LOWER; OTHERS ABOUT STEADY.",,
APPLES,BOSTON,,"cartons tray pack","RED DELICIOUS",,"U.S. ExFcy",2018/11/06,23,24,,,PENNSYLVANIA,,113s,,,,,,,,,N,,,"WA BRAEBURN 80S, RED DELICIOUS 72S, PINK LADY 80S LOWER; OTHERS ABOUT STEADY.",,
APPLES,BOSTON,,"cartons tray pack","RED DELICIOUS",,"U.S. ExFcy",2018/11/06,24,25,,,PENNSYLVANIA,,125s,,,,,,,,,N,,,"WA BRAEBURN 80S, RED DELICIOUS 72S, PINK LADY 80S LOWER; OTHERS ABOUT STEADY.",,
APPLES,BOSTON,,"cartons tray pack","RED DELICIOUS",,"U.S. Fcy",2018/11/06,24,24,,,"NEW YORK",,64s,,,,,,,,,N,,,"WA BRAEBURN 80S, RED DELICIOUS 72S, PINK LADY 80S LOWER; OTHERS ABOUT STEADY.",,
APPLES,BOSTON,,"cartons tray pack","RED DELICIOUS",,"U.S. Fcy",2018/11/06,24,24,,,"NEW YORK",,72s,,,,,,,,,N,,,"WA BRAEBURN 80S, RED DELICIOUS 72S, PINK LADY 80S LOWER; OTHERS ABOUT STEADY.",,
APPLES,BOSTON,,"cartons tray pack","RED DELICIOUS",,"U.S. Fcy",2018/11/06,20,20,,,"NEW YORK",,80s,,,,,,,,,N,,,"WA BRAEBURN 80S, RED DELICIOUS 72S, PINK LADY 80S LOWER; OTHERS ABOUT STEADY.",,
APPLES,BOSTON,,"cartons tray pack","RED DELICIOUS",,"U.S. Fcy",2018/11/06,20,20,,,"NEW YORK",,88s,,,,,,,,,N,,,"WA BRAEBURN 80S, RED DELICIOUS 72S, PINK LADY 80S LOWER; OTHERS ABOUT STEADY.",,
APPLES,BOSTON,,"cartons tray pack","GOLDEN DELICIOUS",,WAExFcy,2018/11/06,38,38,,,WASHINGTON,,64s,,,,,,,,,N,,,"WA BRAEBURN 80S, RED DELICIOUS 72S, PINK LADY 80S LOWER; OTHERS ABOUT STEADY.",,
APPLES,BOSTON,,"cartons tray pack","GOLDEN DELICIOUS",,WAExFcy,2018/11/06,38,42,39,40,WASHINGTON,,72s,,,,,,,,,N,,,"WA BRAEBURN 80S, RED DELICIOUS 72S, PINK LADY 80S LOWER; OTHERS ABOUT STEADY.",,
APPLES,BOSTON,,"cartons tray pack","GOLDEN DELICIOUS",,WAExFcy,2018/11/06,42,45,43,44,WASHINGTON,,80s,,,,,,,,,N,,,"WA BRAEBURN 80S, RED DELICIOUS 72S, PINK LADY 80S LOWER; OTHERS ABOUT STEADY.",,
APPLES,BOSTON,,"cartons tray pack","GOLDEN DELICIOUS",,WAExFcy,2018/11/06,38,40,40,40,WASHINGTON,,88s,,,,,,,,,N,,,"WA BRAEBURN 80S, RED DELICIOUS 72S, PINK LADY 80S LOWER; OTHERS ABOUT STEADY.",,
APPLES,BOSTON,,"cartons tray pack","GOLDEN DELICIOUS",,WAExFcy,2018/11/06,34,38,37,37,WASHINGTON,,100s,,,,,,,,,N,,,"WA BRAEBURN 80S, RED DELICIOUS 72S, PINK LADY 80S LOWER; OTHERS ABOUT STEADY.","occas low as 28.00",
APPLES,BOSTON,,"cartons tray pack","GOLDEN DELICIOUS",,WAExFcy,2018/11/06,30,35,33,34,WASHINGTON,,125s,,,,,,,,,N,,,"WA BRAEBURN 80S, RED DELICIOUS 72S, PINK LADY 80S LOWER; OTHERS ABOUT STEADY.","occas low as 28.00",
APPLES,BOSTON,,"cartons tray pack","GOLDEN DELICIOUS",,"U.S. ExFcy",2018/11/06,32,32,,,PENNSYLVANIA,,88s,,,,,,,,,N,,,"WA BRAEBURN 80S, RED DELICIOUS 72S, PINK LADY 80S LOWER; OTHERS ABOUT STEADY.",,
APPLES,BOSTON,,"cartons tray pack","GOLDEN DELICIOUS",,"U.S. ExFcy",2018/11/06,28,28,,,PENNSYLVANIA,,100s,,,,,,,,,N,,,"WA BRAEBURN 80S, RED DELICIOUS 72S, PINK LADY 80S LOWER; OTHERS ABOUT STEADY.",,
APPLES,BOSTON,,"cartons tray pack","GOLDEN DELICIOUS",,"U.S. ExFcy",2018/11/06,24,25,,,PENNSYLVANIA,,125s,,,,,,,,,N,,,"WA BRAEBURN 80S, RED DELICIOUS 72S, PINK LADY 80S LOWER; OTHERS ABOUT STEADY.",,
APPLES,BOSTON,,"cartons tray pack","GOLDEN DELICIOUS",,"U.S. Fcy",2018/11/06,24,24,,,"NEW YORK",,88s,,,,,,,,,N,,,"WA BRAEBURN 80S, RED DELICIOUS 72S, PINK LADY 80S LOWER; OTHERS ABOUT STEADY.",,
APPLES,BOSTON,,"cartons tray pack",FUJI,,WAExFcy,2018/11/06,36,38,36,37,WASHINGTON,,56s,,,,,,,,,N,,,"WA BRAEBURN 80S, RED DELICIOUS 72S, PINK LADY 80S LOWER; OTHERS ABOUT STEADY.",,
APPLES,BOSTON,,"cartons tray pack",FUJI,,WAExFcy,2018/11/06,,,,,WASHINGTON,,64s,,,,,,,,,N,,,"WA BRAEBURN 80S, RED DELICIOUS 72S, PINK LADY 80S LOWER; OTHERS ABOUT STEADY.","insufficient to quote",
APPLES,BOSTON,,"cartons tray pack",FUJI,,WAExFcy,2018/11/06,38,38,,,WASHINGTON,,72s,,,,,,,,,N,,,"WA BRAEBURN 80S, RED DELICIOUS 72S, PINK LADY 80S LOWER; OTHERS ABOUT STEADY.",,
APPLES,BOSTON,,"cartons tray pack",FUJI,,WAExFcy,2018/11/06,38,38,,,WASHINGTON,,80s,,,,,,,,,N,,,"WA BRAEBURN 80S, RED DELICIOUS 72S, PINK LADY 80S LOWER; OTHERS ABOUT STEADY.",,
APPLES,BOSTON,,"cartons tray pack",FUJI,,WAExFcy,2018/11/06,36,38,37,37,WASHINGTON,,88s,,,,,,,,,N,,,"WA BRAEBURN 80S, RED DELICIOUS 72S, PINK LADY 80S LOWER; OTHERS ABOUT STEADY.",,
APPLES,BOSTON,,"cartons tray pack",FUJI,,WAExFcy,2018/11/06,34,36,35,35,WASHINGTON,,100s,,,,,,,,,N,,,"WA BRAEBURN 80S, RED DELICIOUS 72S, PINK LADY 80S LOWER; OTHERS ABOUT STEADY.",,
APPLES,BOSTON,,"cartons tray pack",FUJI,,WAExFcy,2018/11/06,,,,,WASHINGTON,,113s,,,,,,,,,N,,,"WA BRAEBURN 80S, RED DELICIOUS 72S, PINK LADY 80S LOWER; OTHERS ABOUT STEADY.","insufficient to quote",
APPLES,BOSTON,,"cartons tray pack",FUJI,,WAExFcy,2018/11/06,30,30,,,WASHINGTON,,125s,,,,,,,,,N,,,"WA BRAEBURN 80S, RED DELICIOUS 72S, PINK LADY 80S LOWER; OTHERS ABOUT STEADY.",,
APPLES,BOSTON,Organic,"cartons tray pack",FUJI,,WAExFcy,2018/11/06,45,45,,,WASHINGTON,,80s,,,,,,,,,N,,,"WA BRAEBURN 80S, RED DELICIOUS 72S, PINK LADY 80S LOWER; OTHERS ABOUT STEADY.",,
APPLES,BOSTON,,"cartons tray pack",FUJI,,"U.S. ExFcy",2018/11/06,36,36,,,PENNSYLVANIA,,80s,,,,,,,,,N,,,"WA BRAEBURN 80S, RED DELICIOUS 72S, PINK LADY 80S LOWER; OTHERS ABOUT STEADY.",,
APPLES,BOSTON,,"cartons tray pack",FUJI,,"U.S. ExFcy",2018/11/06,36,36,,,PENNSYLVANIA,,88s,,,,,,,,,N,,,"WA BRAEBURN 80S, RED DELICIOUS 72S, PINK LADY 80S LOWER; OTHERS ABOUT STEADY.",,
APPLES,BOSTON,,"cartons tray pack","GRANNY SMITH",,WAExFcy,2018/11/06,44,48,45,45,WASHINGTON,,64s,,,,,,,,,N,,,"WA BRAEBURN 80S, RED DELICIOUS 72S, PINK LADY 80S LOWER; OTHERS ABOUT STEADY.","occas low as 38.00",
APPLES,BOSTON,,"cartons tray pack","GRANNY SMITH",,WAExFcy,2018/11/06,44,46,45,45,WASHINGTON,,72s,,,,,,,,,N,,,"WA BRAEBURN 80S, RED DELICIOUS 72S, PINK LADY 80S LOWER; OTHERS ABOUT STEADY.","occas low as 38.00",
APPLES,BOSTON,,"cartons tray pack","GRANNY SMITH",,WAExFcy,2018/11/06,34,38,34,35,WASHINGTON,,80s,,,,,,,,,N,,,"WA BRAEBURN 80S, RED DELICIOUS 72S, PINK LADY 80S LOWER; OTHERS ABOUT STEADY.","occas high as 40.00",
APPLES,BOSTON,,"cartons tray pack","GRANNY SMITH",,WAExFcy,2018/11/06,44,44,,,WASHINGTON,,80s,,,,,,FINEAPPEAR,,,N,,,"WA BRAEBURN 80S, RED DELICIOUS 72S, PINK LADY 80S LOWER; OTHERS ABOUT STEADY.",,
APPLES,BOSTON,,"cartons tray pack","GRANNY SMITH",,WAExFcy,2018/11/06,34,38,35,36,WASHINGTON,,88s,,,,,,,,,N,,,"WA BRAEBURN 80S, RED DELICIOUS 72S, PINK LADY 80S LOWER; OTHERS ABOUT STEADY.","occas high as 40.00",
APPLES,BOSTON,,"cartons tray pack","GRANNY SMITH",,WAExFcy,2018/11/06,40,42,41,41,WASHINGTON,,88s,,,,,,FINEAPPEAR,,,N,,,"WA BRAEBURN 80S, RED DELICIOUS 72S, PINK LADY 80S LOWER; OTHERS ABOUT STEADY.",,
APPLES,BOSTON,,"cartons tray pack","GRANNY SMITH",,WAExFcy,2018/11/06,34,36,35,35,WASHINGTON,,100s,,,,,,,,,N,,,"WA BRAEBURN 80S, RED DELICIOUS 72S, PINK LADY 80S LOWER; OTHERS ABOUT STEADY.","occas high as 40.00 low as 30.00",
APPLES,BOSTON,,"cartons tray pack","GRANNY SMITH",,WAExFcy,2018/11/06,28,30,28,29,WASHINGTON,,113s,,,,,,,,,N,,,"WA BRAEBURN 80S, RED DELICIOUS 72S, PINK LADY 80S LOWER; OTHERS ABOUT STEADY.",,
APPLES,BOSTON,,"cartons tray pack","GRANNY SMITH",,WAExFcy,2018/11/06,28,29,28,28,WASHINGTON,,125s,,,,,,,,,N,,,"WA BRAEBURN 80S, RED DELICIOUS 72S, PINK LADY 80S LOWER; OTHERS ABOUT STEADY.","occas high as 34.00",
APPLES,BOSTON,Organic,"cartons tray pack","GRANNY SMITH",,WAExFcy,2018/11/06,45,45,,,WASHINGTON,,80s,,,,,,,,,N,,,"WA BRAEBURN 80S, RED DELICIOUS 72S, PINK LADY 80S LOWER; OTHERS ABOUT STEADY.",,
APPLES,BOSTON,,"cartons 12 3-lb film bags","GRANNY SMITH",,WAExFcy,2018/11/06,26,26,,,WASHINGTON,,"2 1/2"" up",,,,,,,,,N,,,"WA BRAEBURN 80S, RED DELICIOUS 72S, PINK LADY 80S LOWER; OTHERS ABOUT STEADY.",,
APPLES,BOSTON,,"cartons tray pack",GALA,,WAExFcy,2018/11/06,36,40,37,38,WASHINGTON,,72s,,,,,,,,,N,,,"WA BRAEBURN 80S, RED DELICIOUS 72S, PINK LADY 80S LOWER; OTHERS ABOUT STEADY.",,
APPLES,BOSTON,,"cartons tray pack",GALA,,WAExFcy,2018/11/06,36,40,37,38,WASHINGTON,,80s,,,,,,,,,N,,,"WA BRAEBURN 80S, RED DELICIOUS 72S, PINK LADY 80S LOWER; OTHERS ABOUT STEADY.",,
APPLES,BOSTON,,"cartons tray pack",GALA,,WAExFcy,2018/11/06,36,38,36,36,WASHINGTON,,88s,,,,,,,,,N,,,"WA BRAEBURN 80S, RED DELICIOUS 72S, PINK LADY 80S LOWER; OTHERS ABOUT STEADY.","occas higher",
APPLES,BOSTON,,"cartons tray pack",GALA,,WAExFcy,2018/11/06,34,36,35,35,WASHINGTON,,100s,,,,,,,,,N,,,"WA BRAEBURN 80S, RED DELICIOUS 72S, PINK LADY 80S LOWER; OTHERS ABOUT STEADY.",,
APPLES,BOSTON,,"cartons tray pack",GALA,,WAExFcy,2018/11/06,,,,,WASHINGTON,,113s,,,,,,,,,N,,,"WA BRAEBURN 80S, RED DELICIOUS 72S, PINK LADY 80S LOWER; OTHERS ABOUT STEADY.","insufficient to quote",
APPLES,BOSTON,,"cartons tray pack",GALA,,WAExFcy,2018/11/06,28,30,29,29,WASHINGTON,,125s,,,,,,,,,N,,,"WA BRAEBURN 80S, RED DELICIOUS 72S, PINK LADY 80S LOWER; OTHERS ABOUT STEADY.","occas high as 32.00",
APPLES,BOSTON,Organic,"cartons tray pack",GALA,,WAExFcy,2018/11/06,39,39,,,WASHINGTON,,80s,,,,,,,,,N,,,"WA BRAEBURN 80S, RED DELICIOUS 72S, PINK LADY 80S LOWER; OTHERS ABOUT STEADY.",,
APPLES,BOSTON,,"cartons tray pack",GALA,,"U.S. ExFcy",2018/11/06,28,28,,,"NEW YORK",,88s,,,,,,,,,N,,,"WA BRAEBURN 80S, RED DELICIOUS 72S, PINK LADY 80S LOWER; OTHERS ABOUT STEADY.",,
APPLES,BOSTON,,"cartons tray pack",GALA,,"U.S. ExFcy",2018/11/06,36,36,,,PENNSYLVANIA,,80s,,,,,,,,,N,,,"WA BRAEBURN 80S, RED DELICIOUS 72S, PINK LADY 80S LOWER; OTHERS ABOUT STEADY.",,
APPLES,BOSTON,,"cartons tray pack",GALA,,"U.S. ExFcy",2018/11/06,36,36,,,PENNSYLVANIA,,88s,,,,,,,,,N,,,"WA BRAEBURN 80S, RED DELICIOUS 72S, PINK LADY 80S LOWER; OTHERS ABOUT STEADY.",,
APPLES,BOSTON,,"cartons tray pack",GALA,,"U.S. Fcy",2018/11/06,21,21,,,"NEW YORK",,72s,,,,,,,,,N,,,"WA BRAEBURN 80S, RED DELICIOUS 72S, PINK LADY 80S LOWER; OTHERS ABOUT STEADY.",,
APPLES,BOSTON,,"cartons tray pack",GALA,,"U.S. Fcy",2018/11/06,21,21,,,"NEW YORK",,80s,,,,,,,,,N,,,"WA BRAEBURN 80S, RED DELICIOUS 72S, PINK LADY 80S LOWER; OTHERS ABOUT STEADY.",,
APPLES,BOSTON,,"cartons tray pack",GALA,,"U.S. Fcy",2018/11/06,21,21,,,"NEW YORK",,88s,,,,,,,,,N,,,"WA BRAEBURN 80S, RED DELICIOUS 72S, PINK LADY 80S LOWER; OTHERS ABOUT STEADY.",,
APPLES,BOSTON,,"cartons 12 3-lb film bags",GALA,,WAExFcy,2018/11/06,28,30,28,28,WASHINGTON,,"2 1/2"" up",,,,,,,,,N,,,"WA BRAEBURN 80S, RED DELICIOUS 72S, PINK LADY 80S LOWER; OTHERS ABOUT STEADY.",,
APPLES,BOSTON,,"cartons 12 3-lb film bags",GALA,,"U.S. ExFcy",2018/11/06,24,24,,,"NEW YORK",,"2 1/2"" min",,,,,,,,,N,,,"WA BRAEBURN 80S, RED DELICIOUS 72S, PINK LADY 80S LOWER; OTHERS ABOUT STEADY.",,
APPLES,BOSTON,,"bushel cartons loose",GALA,,"No Grade Marks",2018/11/06,22,22,,,"NEW HAMPSHIRE",,"No Size Marks",,,,,,,,,N,,,"WA BRAEBURN 80S, RED DELICIOUS 72S, PINK LADY 80S LOWER; OTHERS ABOUT STEADY.",,
APPLES,BOSTON,,"cartons tray pack",BRAEBURN,,WAExFcy,2018/11/06,38,38,,,WASHINGTON,,72s,,,,,,,,,N,,,"WA BRAEBURN 80S, RED DELICIOUS 72S, PINK LADY 80S LOWER; OTHERS ABOUT STEADY.",,
APPLES,BOSTON,,"cartons tray pack",BRAEBURN,,WAExFcy,2018/11/06,36,38,37,37,WASHINGTON,,80s,,,,,,,,,N,,,"WA BRAEBURN 80S, RED DELICIOUS 72S, PINK LADY 80S LOWER; OTHERS ABOUT STEADY.",,
APPLES,BOSTON,,"cartons tray pack",BRAEBURN,,WAExFcy,2018/11/06,38,38,,,WASHINGTON,,88s,,,,,,,,,N,,,"WA BRAEBURN 80S, RED DELICIOUS 72S, PINK LADY 80S LOWER; OTHERS ABOUT STEADY.",,
APPLES,BOSTON,,"cartons tray pack",BRAEBURN,,WAExFcy,2018/11/06,36,36,,,WASHINGTON,,100s,,,,,,,,,N,,,"WA BRAEBURN 80S, RED DELICIOUS 72S, PINK LADY 80S LOWER; OTHERS ABOUT STEADY.",,
APPLES,BOSTON,Organic,"cartons tray pack",BRAEBURN,,WAExFcy,2018/11/06,45,45,,,WASHINGTON,,80s,,,,,,,,,N,,,"WA BRAEBURN 80S, RED DELICIOUS 72S, PINK LADY 80S LOWER; OTHERS ABOUT STEADY.",,
APPLES,BOSTON,,"cartons tray pack",MCINTOSH,,"U.S. ExFcy",2018/11/06,31,32,31,31,MAINE,,80s,,,,,,,,,N,,,"WA BRAEBURN 80S, RED DELICIOUS 72S, PINK LADY 80S LOWER; OTHERS ABOUT STEADY.",,
APPLES,BOSTON,,"cartons tray pack",MCINTOSH,,"U.S. ExFcy",2018/11/06,31,32,,,MAINE,,88s,,,,,,,,,N,,,"WA BRAEBURN 80S, RED DELICIOUS 72S, PINK LADY 80S LOWER; OTHERS ABOUT STEADY.",,
APPLES,BOSTON,,"cartons tray pack",MCINTOSH,,"U.S. ExFcy",2018/11/06,26,26,,,MAINE,,100s,,,,,,,,,N,,,"WA BRAEBURN 80S, RED DELICIOUS 72S, PINK LADY 80S LOWER; OTHERS ABOUT STEADY.",,
APPLES,BOSTON,,"cartons tray pack",MCINTOSH,,"U.S. ExFcy",2018/11/06,30,30,,,"NEW HAMPSHIRE",,88s,,,,,,,,,N,,,"WA BRAEBURN 80S, RED DELICIOUS 72S, PINK LADY 80S LOWER; OTHERS ABOUT STEADY.",,
APPLES,BOSTON,,"cartons tray pack",MCINTOSH,,"U.S. ExFcy",2018/11/06,32,32,,,"NEW YORK",,80s,,,,,,,,,N,,,"WA BRAEBURN 80S, RED DELICIOUS 72S, PINK LADY 80S LOWER; OTHERS ABOUT STEADY.",,
APPLES,BOSTON,,"cartons tray pack",MCINTOSH,,"U.S. ExFcy",2018/11/06,31,32,31,31,"NEW YORK",,88s,,,,,,,,,N,,,"WA BRAEBURN 80S, RED DELICIOUS 72S, PINK LADY 80S LOWER; OTHERS ABOUT STEADY.",,
APPLES,BOSTON,,"cartons tray pack",MCINTOSH,,"U.S. ExFcy",2018/11/06,30,30,,,"NEW YORK",,100s,,,,,,,,,N,,,"WA BRAEBURN 80S, RED DELICIOUS 72S, PINK LADY 80S LOWER; OTHERS ABOUT STEADY.",,
APPLES,BOSTON,,"cartons tray pack",MCINTOSH,,"U.S. One",2018/11/06,17,18,,,MAINE,,125s,,,,,,,,,N,,,"WA BRAEBURN 80S, RED DELICIOUS 72S, PINK LADY 80S LOWER; OTHERS ABOUT STEADY.",,
APPLES,BOSTON,,"cartons tray pack",MCINTOSH,,"U.S. One",2018/11/06,17,18,,,MAINE,,138s,,,,,,,,,N,,,"WA BRAEBURN 80S, RED DELICIOUS 72S, PINK LADY 80S LOWER; OTHERS ABOUT STEADY.",,
APPLES,BOSTON,,"cartons 12 3-lb film bags",MCINTOSH,,"U.S. ExFcy",2018/11/06,21,22,,,"NEW YORK",,"2 1/2"" up",,,,,,,,,N,,,"WA BRAEBURN 80S, RED DELICIOUS 72S, PINK LADY 80S LOWER; OTHERS ABOUT STEADY.",,
APPLES,BOSTON,,"cartons 12 3-lb film bags",MCINTOSH,,"U.S. Fcy",2018/11/06,18,18,,,"NEW YORK",,"2 1/2"" up",,,,,,,,,N,,,"WA BRAEBURN 80S, RED DELICIOUS 72S, PINK LADY 80S LOWER; OTHERS ABOUT STEADY.",,
APPLES,BOSTON,,"bushel cartons loose",MCINTOSH,,"No Grade Marks",2018/11/06,18,18,,,MASSACHUSETTS,,"No Size Marks",,,,,,,,,N,,,"WA BRAEBURN 80S, RED DELICIOUS 72S, PINK LADY 80S LOWER; OTHERS ABOUT STEADY.",,
APPLES,BOSTON,,"bushel cartons loose",MCINTOSH,,"No Grade Marks",2018/11/06,18,18,,,"NEW HAMPSHIRE",,"No Size Marks",,,,,,,,,N,,,"WA BRAEBURN 80S, RED DELICIOUS 72S, PINK LADY 80S LOWER; OTHERS ABOUT STEADY.",,
APPLES,BOSTON,,"bushel cartons loose",MCINTOSH,,"No Grade Marks",2018/11/06,18,18,,,VERMONT,,"No Size Marks",,,,,,,,,N,,,"WA BRAEBURN 80S, RED DELICIOUS 72S, PINK LADY 80S LOWER; OTHERS ABOUT STEADY.",,
APPLES,BOSTON,,"cartons tray pack",CORTLAND,,"U.S. ExFcy",2018/11/06,30,31,,,MAINE,,80s,,,,,,,,,N,,,"WA BRAEBURN 80S, RED DELICIOUS 72S, PINK LADY 80S LOWER; OTHERS ABOUT STEADY.",,
APPLES,BOSTON,,"cartons tray pack",CORTLAND,,"U.S. ExFcy",2018/11/06,30,31,,,MAINE,,88s,,,,,,,,,N,,,"WA BRAEBURN 80S, RED DELICIOUS 72S, PINK LADY 80S LOWER; OTHERS ABOUT STEADY.",,
APPLES,BOSTON,,"cartons tray pack",CORTLAND,,"U.S. ExFcy",2018/11/06,30,30,,,"NEW HAMPSHIRE",,88s,,,,,,,,,N,,,"WA BRAEBURN 80S, RED DELICIOUS 72S, PINK LADY 80S LOWER; OTHERS ABOUT STEADY.",,
APPLES,BOSTON,,"cartons 12 3-lb film bags",CORTLAND,,"U.S. ExFcy",2018/11/06,21,22,,,"NEW YORK",,"2 1/2"" up",,,,,,,,,N,,,"WA BRAEBURN 80S, RED DELICIOUS 72S, PINK LADY 80S LOWER; OTHERS ABOUT STEADY.",,
APPLES,BOSTON,,"bushel cartons loose",CORTLAND,,"No Grade Marks",2018/11/06,18,18,,,MASSACHUSETTS,,"No Size Marks",,,,,,,,,N,,,"WA BRAEBURN 80S, RED DELICIOUS 72S, PINK LADY 80S LOWER; OTHERS ABOUT STEADY.",,
APPLES,BOSTON,,"bushel cartons loose",CORTLAND,,"No Grade Marks",2018/11/06,18,18,,,"NEW HAMPSHIRE",,"No Size Marks",,,,,,,,,N,,,"WA BRAEBURN 80S, RED DELICIOUS 72S, PINK LADY 80S LOWER; OTHERS ABOUT STEADY.",,
APPLES,BOSTON,,"bushel cartons loose",CORTLAND,,"No Grade Marks",2018/11/06,18,18,,,VERMONT,,"No Size Marks",,,,,,,,,N,,,"WA BRAEBURN 80S, RED DELICIOUS 72S, PINK LADY 80S LOWER; OTHERS ABOUT STEADY.",,
APPLES,BOSTON,,"1/2 bushel cartons","CRAB APPLES",,"No Grade Marks",2018/11/06,20,20,,,"NEW YORK",,"No Size Marks",,,,,,,,,N,,,"WA BRAEBURN 80S, RED DELICIOUS 72S, PINK LADY 80S LOWER; OTHERS ABOUT STEADY.",,
APPLES,BOSTON,,"cartons tray pack",HONEYCRISP,,WAExFcy,2018/11/06,,,,,WASHINGTON,,72s,,,,,,,,,N,,,"WA BRAEBURN 80S, RED DELICIOUS 72S, PINK LADY 80S LOWER; OTHERS ABOUT STEADY.","insufficient to quote",
APPLES,BOSTON,,"cartons tray pack",HONEYCRISP,,WAExFcy,2018/11/06,74,74,,,WASHINGTON,,80s,,,,,,,,,N,,,"WA BRAEBURN 80S, RED DELICIOUS 72S, PINK LADY 80S LOWER; OTHERS ABOUT STEADY.",,
APPLES,BOSTON,,"cartons tray pack",HONEYCRISP,,WAExFcy,2018/11/06,72,72,,,WASHINGTON,,88s,,,,,,,,,N,,,"WA BRAEBURN 80S, RED DELICIOUS 72S, PINK LADY 80S LOWER; OTHERS ABOUT STEADY.",,
APPLES,BOSTON,,"cartons tray pack",HONEYCRISP,,"U.S. ExFcy",2018/11/06,65,65,,,MAINE,,80s,,,,,,,,,N,,,"WA BRAEBURN 80S, RED DELICIOUS 72S, PINK LADY 80S LOWER; OTHERS ABOUT STEADY.",,
APPLES,BOSTON,,"cartons tray pack",HONEYCRISP,,"U.S. ExFcy",2018/11/06,65,65,,,MAINE,,88s,,,,,,,,,N,,,"WA BRAEBURN 80S, RED DELICIOUS 72S, PINK LADY 80S LOWER; OTHERS ABOUT STEADY.",,
APPLES,BOSTON,,"cartons tray pack",HONEYCRISP,,"U.S. ExFcy",2018/11/06,32,35,33,34,"NEW YORK",,64s,,,,,,,,,N,,,"WA BRAEBURN 80S, RED DELICIOUS 72S, PINK LADY 80S LOWER; OTHERS ABOUT STEADY.",,
APPLES,BOSTON,,"cartons tray pack",HONEYCRISP,,"U.S. ExFcy",2018/11/06,35,35,,,"NEW YORK",,72s,,,,,,,,,N,,,"WA BRAEBURN 80S, RED DELICIOUS 72S, PINK LADY 80S LOWER; OTHERS ABOUT STEADY.",,
APPLES,BOSTON,,"cartons tray pack",HONEYCRISP,,"U.S. ExFcy",2018/11/06,,,,,PENNSYLVANIA,,72s,,,,,,,,,N,,,"WA BRAEBURN 80S, RED DELICIOUS 72S, PINK LADY 80S LOWER; OTHERS ABOUT STEADY.","no offerings",
APPLES,BOSTON,,"bushel cartons loose",HONEYCRISP,,"No Grade Marks",2018/11/06,45,45,,,"NEW HAMPSHIRE",,"No Size Marks",,,,,,,,,N,,,"WA BRAEBURN 80S, RED DELICIOUS 72S, PINK LADY 80S LOWER; OTHERS ABOUT STEADY.",,
APPLES,BOSTON,,"4/5 bushel cartons","LADY APPLES",,ORExFcy,2018/11/06,26,26,,,OREGON,,"No Size Marks",,,,,,,,,N,,,"WA BRAEBURN 80S, RED DELICIOUS 72S, PINK LADY 80S LOWER; OTHERS ABOUT STEADY.",,
APPLES,BOSTON,,"cartons tray pack",MACOUN,,"U.S. ExFcy",2018/11/06,38,38,,,"NEW HAMPSHIRE",,80s,,,,,,,,,N,,,"WA BRAEBURN 80S, RED DELICIOUS 72S, PINK LADY 80S LOWER; OTHERS ABOUT STEADY.",,
APPLES,BOSTON,,"cartons tray pack",MACOUN,,"U.S. ExFcy",2018/11/06,34,34,,,"NEW YORK",,72s,,,,,,,,,N,,,"WA BRAEBURN 80S, RED DELICIOUS 72S, PINK LADY 80S LOWER; OTHERS ABOUT STEADY.",,
APPLES,BOSTON,,"cartons tray pack",MACOUN,,"U.S. ExFcy",2018/11/06,34,34,,,"NEW YORK",,80s,,,,,,,,,N,,,"WA BRAEBURN 80S, RED DELICIOUS 72S, PINK LADY 80S LOWER; OTHERS ABOUT STEADY.",,
APPLES,BOSTON,,"bushel cartons loose",MACOUN,,"No Grade Marks",2018/11/06,26,26,,,"NEW HAMPSHIRE",,"No Size Marks",,,,,,,,,N,,,"WA BRAEBURN 80S, RED DELICIOUS 72S, PINK LADY 80S LOWER; OTHERS ABOUT STEADY.",,
APPLES,BOSTON,,"bushel cartons loose",MUTSU/CRISPIN,,"No Grade Marks",2018/11/06,20,22,,,"NEW HAMPSHIRE",,"No Size Marks",,,,,,,,,N,,,"WA BRAEBURN 80S, RED DELICIOUS 72S, PINK LADY 80S LOWER; OTHERS ABOUT STEADY.",,
APPLES,BOSTON,,"cartons tray pack","PINK LADY/CRIPPS PINK",,WAExFcy,2018/11/06,58,62,60,61,WASHINGTON,,80s,,,,,,,,,N,,,"WA BRAEBURN 80S, RED DELICIOUS 72S, PINK LADY 80S LOWER; OTHERS ABOUT STEADY.",,
APPLES,BOSTON,,"cartons tray pack","PINK LADY/CRIPPS PINK",,WAExFcy,2018/11/06,74,74,,,WASHINGTON,,80s,,,,,,FINEAPPEAR,,,N,,,"WA BRAEBURN 80S, RED DELICIOUS 72S, PINK LADY 80S LOWER; OTHERS ABOUT STEADY.",,
APPLES,BOSTON,,"cartons tray pack","PINK LADY/CRIPPS PINK",,WAExFcy,2018/11/06,60,60,,,WASHINGTON,,88s,,,,,,,,,N,,,"WA BRAEBURN 80S, RED DELICIOUS 72S, PINK LADY 80S LOWER; OTHERS ABOUT STEADY.",,
APPLES,BOSTON,,"cartons tray pack","PINK LADY/CRIPPS PINK",,WAExFcy,2018/11/06,50,50,,,WASHINGTON,,100s,,,,,,,,,N,,,"WA BRAEBURN 80S, RED DELICIOUS 72S, PINK LADY 80S LOWER; OTHERS ABOUT STEADY.",,
APPLES,BOSTON,,"cartons tray pack","PINK LADY/CRIPPS PINK",,WAExFcy,2018/11/06,,,,,WASHINGTON,,113s,,,,,,,,,N,,,"WA BRAEBURN 80S, RED DELICIOUS 72S, PINK LADY 80S LOWER; OTHERS ABOUT STEADY.","insufficient to quote",
APPLES,BOSTON,Organic,"cartons tray pack","PINOVA (SONATA)",,WAExFcy,2018/11/06,36,36,,,WASHINGTON,,80s,,,,,,,,,N,,,"WA BRAEBURN 80S, RED DELICIOUS 72S, PINK LADY 80S LOWER; OTHERS ABOUT STEADY.",,
BEETS,BOSTON,,"cartons bunched","RED TYPE",,,2018/11/06,18,21,20,21,MAINE,,12s,,,,,,,,,N,,,"GOLD TYPE LOWER; OTHERS ABOUT STEADY.",,
BEETS,BOSTON,,"crates bunched","RED TYPE",,,2018/11/06,20,22,22,22,TEXAS,,12s,,,,,,,,,N,,,"GOLD TYPE LOWER; OTHERS ABOUT STEADY.",,
BEETS,BOSTON,,"25 lb sacks loose","RED TYPE",,,2018/11/06,6,9,7,7,CALIFORNIA,,med-lge,,,,,,,,,N,,,"GOLD TYPE LOWER; OTHERS ABOUT STEADY.",,
BEETS,BOSTON,,"25 lb sacks loose","RED TYPE",,,2018/11/06,6,8,7,7,MAINE,,med-lge,,,,,,,,,N,,,"GOLD TYPE LOWER; OTHERS ABOUT STEADY.",,
BEETS,BOSTON,,"crates bunched","CHIOGGA (STRIPED)",,,2018/11/06,14,16,16,16,MAINE,,12s,,,,,,,,,N,,,"GOLD TYPE LOWER; OTHERS ABOUT STEADY.",,
BEETS,BOSTON,,"crates bunched","GOLD TYPE",,,2018/11/06,14,16,14,15,MAINE,,12s,,,,,,,,,N,,,"GOLD TYPE LOWER; OTHERS ABOUT STEADY.",,
BEETS,BOSTON,,"25 lb sacks loose","GOLD TYPE",,,2018/11/06,14,16,14,15,CALIFORNIA,,lge,,,,,,,,,N,,,"GOLD TYPE LOWER; OTHERS ABOUT STEADY.",,
BEETS,BOSTON,,"25 lb sacks loose","GOLD TYPE",,,2018/11/06,14,16,14,15,MAINE,,lge,,,,,,,,,N,,,"GOLD TYPE LOWER; OTHERS ABOUT STEADY.",,
BLUEBERRIES,BOSTON,,"flats 12 1-pt cups with lids",,,,2018/11/06,36,36,,,PERU,,lge,,,,,,,,,N,,,STEADY.,,
BLUEBERRIES,BOSTON,,"flats 12 1-pt cups with lids",,,,2018/11/06,6,6,,,PERU,,lge,,,,,"ORD COND",,,,N,,,STEADY.,,
BLUEBERRIES,BOSTON,,"flats 12 1-pt cups with lids",,,,2018/11/06,12,12,,,PERU,,lge,,,,,"FR COND",,,,N,,,STEADY.,,
BLUEBERRIES,BOSTON,,"flats 12 6-oz cups with lids",,,,2018/11/06,14,16,15,15,ARGENTINA,,lge,,,,,,,,,N,,,STEADY.,,
BLUEBERRIES,BOSTON,,"flats 12 6-oz cups with lids",,,,2018/11/06,36,36,,,MEXICO,,lge,,,,,,FINEAPPEAR,,,N,,,STEADY.,,
BLUEBERRIES,BOSTON,,"flats 12 6-oz cups with lids",,,,2018/11/06,24,28,25,26,MEXICO,,lge,,,,,,,,,N,,,STEADY.,,
BLUEBERRIES,BOSTON,,"flats 12 6-oz cups with lids",,,,2018/11/06,18,22,20,21,PERU,,lge,,,,,,,,,N,,,STEADY.,"occas high as 28.00",
BLUEBERRIES,BOSTON,,"flats 12 6-oz cups with lids",,,,2018/11/06,18,21,19,20,URUGUAY,,lge,,,,,,,,,N,,,STEADY.,,
BROCCOLI,BOSTON,,cartons,,,,2018/11/06,18,24,23,23,CALIFORNIA,,"bchd 14s",,,,,,,,,N,,,"ABOUT STEADY.",,
BROCCOLI,BOSTON,,cartons,,,,2018/11/06,18,21,19,20,MAINE,,"bchd 14s",,,,,,,,,N,,,"ABOUT STEADY.",,
BROCCOLI,BOSTON,,"20 lb cartons loose","CROWN CUT",,,2018/11/06,20,26,24,26,CALIFORNIA,,,,,,,,,,,N,,,"ABOUT STEADY.",,
BROCCOLI,BOSTON,,"20 lb cartons loose","CROWN CUT",,,2018/11/06,14,17,17,17,CANADA,QUEBEC,,,,,,,,,,N,,,"ABOUT STEADY.",Few,
BROCCOLI,BOSTON,,"20 lb cartons loose","CROWN CUT",,,2018/11/06,14,17,17,17,CANADA,ONTARIO,,,,,,,,,,N,,,"ABOUT STEADY.",Few,
BROCCOLI,BOSTON,,"20 lb cartons loose","CROWN CUT","SHORT TRIM",,2018/11/06,20,26,24,25,CALIFORNIA,,,,,,,,,,,N,,,"ABOUT STEADY.",,
BROCCOLI,BOSTON,,"20 lb cartons loose","CROWN CUT","SHORT TRIM",,2018/11/06,18,19,19,19,GEORGIA,,,,,,,,,,,N,,,"ABOUT STEADY.",Few,
BROCCOLI,BOSTON,,"20 lb cartons loose","CROWN CUT","SHORT TRIM",,2018/11/06,18,20,20,20,MEXICO,,,,,,,,,,,N,,,"ABOUT STEADY.",Few,
BROCCOLI,BOSTON,,"20 lb cartons loose","CROWN CUT","SHORT TRIM",,2018/11/06,8,10,10,10,MEXICO,,,,,,,"ORD COND",,,,N,,,"ABOUT STEADY.",,
BROCCOLI,BOSTON,,"cartons 4 3-lb film bags",FLORETTES,,,2018/11/06,18,20,18,19,CALIFORNIA,,,,,,,,,,,N,,,"ABOUT STEADY.",,
BROCCOLI,BOSTON,,"cartons 4 3-lb film bags",FLORETTES,,,2018/11/06,27,28,27,27,,,,,,,,,,,,L,,,"ABOUT STEADY.",,
BROCCOLI,BOSTON,,"18 lb cartons loose","BABY HYBRID TYPE",,,2018/11/06,26,28,28,28,CALIFORNIA,,,,,,,,,,,N,,,"ABOUT STEADY.",,
BROCCOLI,BOSTON,,"18 lb cartons loose","BABY HYBRID TYPE",,,2018/11/06,26,28,28,28,MEXICO,,,,,,,,,,,N,,,"ABOUT STEADY.",,
CABBAGE,BOSTON,,"50 lb cartons","ROUND GREEN TYPE",,,2018/11/06,15,20,18,18,CANADA,QUEBEC,lge,,,,,,,,,N,,,"ROUND GREEN CARTONS HIGHER; ROUND GREEN SACKS LOWER; OTHERS ABOUT STEADY.",,
CABBAGE,BOSTON,,"50 lb cartons","ROUND GREEN TYPE",,,2018/11/06,15,20,18,18,"NEW JERSEY",,med,,,,,,,,,N,,,"ROUND GREEN CARTONS HIGHER; ROUND GREEN SACKS LOWER; OTHERS ABOUT STEADY.","Flat Type 15.00-18.00 mostly 16.00",
CABBAGE,BOSTON,,"50 lb cartons","ROUND GREEN TYPE",,,2018/11/06,15,20,18,18,"NEW JERSEY",,lge,,,,,,,,,N,,,"ROUND GREEN CARTONS HIGHER; ROUND GREEN SACKS LOWER; OTHERS ABOUT STEADY.",,
CABBAGE,BOSTON,,"50 lb cartons","ROUND GREEN TYPE",,,2018/11/06,20,22,20,21,"NEW YORK",,med,,,,,,,,,N,,,"ROUND GREEN CARTONS HIGHER; ROUND GREEN SACKS LOWER; OTHERS ABOUT STEADY.",,
CABBAGE,BOSTON,,"50 lb cartons","ROUND GREEN TYPE",,,2018/11/06,16,20,18,18,"NEW YORK",,lge,,,,,,,,,N,,,"ROUND GREEN CARTONS HIGHER; ROUND GREEN SACKS LOWER; OTHERS ABOUT STEADY.",,
CABBAGE,BOSTON,,"50 lb sacks","ROUND GREEN TYPE",,,2018/11/06,10,14,11,12,CANADA,QUEBEC,lge,,,,,,,,,N,,,"ROUND GREEN CARTONS HIGHER; ROUND GREEN SACKS LOWER; OTHERS ABOUT STEADY.",,
CABBAGE,BOSTON,,"50 lb sacks","ROUND GREEN TYPE",,,2018/11/06,10,14,10,11,"NEW YORK",,lge,,,,,,,,,N,,,"ROUND GREEN CARTONS HIGHER; ROUND GREEN SACKS LOWER; OTHERS ABOUT STEADY.",,
CABBAGE,BOSTON,Organic,"45 lb cartons","ROUND GREEN TYPE",,,2018/11/06,24,24,,,,,med-lge,,,,,,,,,L,,,"ROUND GREEN CARTONS HIGHER; ROUND GREEN SACKS LOWER; OTHERS ABOUT STEADY.",,
CABBAGE,BOSTON,,"50 lb cartons","RED TYPE",,,2018/11/06,20,22,20,21,CANADA,QUEBEC,med-lge,,,,,,,,,N,,,"ROUND GREEN CARTONS HIGHER; ROUND GREEN SACKS LOWER; OTHERS ABOUT STEADY.",,
CABBAGE,BOSTON,,"50 lb cartons","RED TYPE",,,2018/11/06,17,22,20,22,"NEW YORK",,med-lge,,,,,,,,,N,,,"ROUND GREEN CARTONS HIGHER; ROUND GREEN SACKS LOWER; OTHERS ABOUT STEADY.",,
CABBAGE,BOSTON,,"40 lb cartons","SAVOY TYPE",,,2018/11/06,16,18,16,16,CANADA,QUEBEC,med-lge,,,,,,,,,N,,,"ROUND GREEN CARTONS HIGHER; ROUND GREEN SACKS LOWER; OTHERS ABOUT STEADY.",,
CABBAGE,BOSTON,,"40 lb cartons","SAVOY TYPE",,,2018/11/06,16,18,16,16,"NEW JERSEY",,med-lge,,,,,,,,,N,,,"ROUND GREEN CARTONS HIGHER; ROUND GREEN SACKS LOWER; OTHERS ABOUT STEADY.",,
CABBAGE,BOSTON,,"40 lb cartons","SAVOY TYPE",,,2018/11/06,16,20,18,20,"NEW YORK",,med-lge,,,,,,,,,N,,,"ROUND GREEN CARTONS HIGHER; ROUND GREEN SACKS LOWER; OTHERS ABOUT STEADY.",,
CARROTS,BOSTON,,"sacks 48 1-lb film bags",,,,2018/11/06,19,23,22,22,CALIFORNIA,,med-lge,,,,,,,,,N,,,"ABOUT STEADY.",,
CARROTS,BOSTON,,"sacks 24 2-lb film bags",,,,2018/11/06,19,23,22,22,CALIFORNIA,,med-lge,,,,,,,,,N,,,"ABOUT STEADY.",,
CARROTS,BOSTON,Organic,"sacks 24 2-lb film bags",,,,2018/11/06,30,30,,,,,med-lge,,,,,,,,,L,,,"ABOUT STEADY.",,
CARROTS,BOSTON,,"sacks 16 3-lb film bags",,,,2018/11/06,19,23,22,22,CALIFORNIA,,med-lge,,,,,,,,,N,,,"ABOUT STEADY.",,
CARROTS,BOSTON,,"sacks 10 5-lb film bags",,,,2018/11/06,19,23,22,22,CALIFORNIA,,med-lge,,,,,,,,,N,,,"ABOUT STEADY.",,
CARROTS,BOSTON,,"sacks 10 5-lb film bags",,,,2018/11/06,12,14,14,14,CANADA,QUEBEC,med-lge,,,,,,,,,N,,,"ABOUT STEADY.",,
CARROTS,BOSTON,,"50 lb sacks loose",,,,2018/11/06,18,24,22,23,CALIFORNIA,,jbo,,,,,,,,,N,,,"ABOUT STEADY.","Rainbow 25lb sacks loose Large 26.00",
CARROTS,BOSTON,,"50 lb sacks loose",,,,2018/11/06,11,15,13,14,CANADA,QUEBEC,jbo,,,,,,,,,N,,,"ABOUT STEADY.",,
CARROTS,BOSTON,,"25 lb sacks loose",,,,2018/11/06,6,7,6,6,CANADA,QUEBEC,med-lge,,,,,,,,,N,,,"ABOUT STEADY.",,
CARROTS,BOSTON,,"cartons bunched",,,,2018/11/06,22,23,23,23,CALIFORNIA,,24s,,,,,,,,,N,,,"ABOUT STEADY.",,
CARROTS,BOSTON,,"cartons 30 1-lb film bags","BABY PEELED",,,2018/11/06,22,25,23,23,CALIFORNIA,,sml,,,,,,,,,N,,,"ABOUT STEADY.",,
CARROTS,BOSTON,,"cartons 15 2-lb film bags","BABY PEELED",,,2018/11/06,22,25,23,23,CALIFORNIA,,sml,,,,,,,,,N,,,"ABOUT STEADY.",,
CARROTS,BOSTON,,"25 lb sacks loose","BABY PEELED",,,2018/11/06,22,25,23,23,CALIFORNIA,,sml,,,,,,,,,N,,,"ABOUT STEADY.",,
CAULIFLOWER,BOSTON,,"cartons film wrapped",WHITE,,,2018/11/06,17,22,18,20,CALIFORNIA,,12s,,,,,,,,,N,,,"ABOUT STEADY.",,
CAULIFLOWER,BOSTON,,"cartons film wrapped",WHITE,,,2018/11/06,16,20,18,19,CALIFORNIA,,16s,,,,,,,,,N,,,"ABOUT STEADY.",,
CAULIFLOWER,BOSTON,,"cartons film wrapped","MIXED COLORS",,,2018/11/06,18,20,18,18,CALIFORNIA,,6s,,,,,,,,,N,,,"ABOUT STEADY.",,
CAULIFLOWER,BOSTON,,"cartons film wrapped","MIXED COLORS",,,2018/11/06,26,28,28,28,CALIFORNIA,,12s,,,,,,,,,N,,,"ABOUT STEADY.",,
CELERY,BOSTON,,cartons,,,,2018/11/06,18,24,23,24,CALIFORNIA,,"1 1/2 dz",,,,,,,,,N,,,HIGHER.,"one label best 26.00",
CELERY,BOSTON,,cartons,,,,2018/11/06,18,24,23,24,CALIFORNIA,,"2 dz",,,,,,,,,N,,,HIGHER.,"one label best 26.00",
CELERY,BOSTON,,cartons,,,,2018/11/06,11,12,11,11,CALIFORNIA,,"2 dz",,,,,,"FR APPEAR",,,N,,,HIGHER.,,
CELERY,BOSTON,,cartons,,,,2018/11/06,18,24,23,24,CALIFORNIA,,"2 1/2 dz",,,,,,,,,N,,,HIGHER.,"one label best 26.00",
CELERY,BOSTON,,cartons,,,,2018/11/06,21,28,25,26,CALIFORNIA,,"filmbags 24s",,,,,,,,,N,,,HIGHER.,,
CELERY,BOSTON,,cartons,,,,2018/11/06,21,28,25,26,CALIFORNIA,,"filmbags 30s",,,,,,,,,N,,,HIGHER.,,
CELERY,BOSTON,,cartons,,,,2018/11/06,18,20,19,20,CANADA,QUEBEC,"2 dz",,,,,,,,,N,,,HIGHER.,Few,
CELERY,BOSTON,,"cartons film bags",HEARTS,,,2018/11/06,22,25,22,22,CALIFORNIA,,18s,,,,,,,,,N,,,HIGHER.,"previous commitment 20.00",
CILANTRO,BOSTON,,"cartons bunched",,,,2018/11/06,17,22,18,18,CALIFORNIA,,30s,,,,,,,,,N,,,LOWER.,,
CILANTRO,BOSTON,,"cartons bunched",,,,2018/11/06,26,32,28,28,CALIFORNIA,,60s,,,,,,,,,N,,,LOWER.,,
CILANTRO,BOSTON,,"cartons bunched",,,,2018/11/06,17,22,18,18,MEXICO,,30s,,,,,,,,,N,,,LOWER.,,
CILANTRO,BOSTON,,"cartons bunched",,,,2018/11/06,26,32,28,28,MEXICO,,60s,,,,,,,,,N,,,LOWER.,,
CUCUMBERS,BOSTON,,"1 1/9 bushel cartons",,,,2018/11/06,14,16,14,14,FLORIDA,,med,,,,"FR QUAL",,,,,N,,,"LONG SEEDLESS STEADY; OTHERS LOWER.",,
CUCUMBERS,BOSTON,,"1 1/9 bushel cartons",,,,2018/11/06,18,20,18,18,FLORIDA,,med,,,,,,,,,N,,,"LONG SEEDLESS STEADY; OTHERS LOWER.",,
CUCUMBERS,BOSTON,,"1 1/9 bushel cartons",,,,2018/11/06,14,16,14,14,GEORGIA,,med,,,,"FR QUAL",,,,,N,,,"LONG SEEDLESS STEADY; OTHERS LOWER.",,
CUCUMBERS,BOSTON,,"1 1/9 bushel cartons",,,,2018/11/06,18,20,18,18,GEORGIA,,med,,,,,,,,,N,,,"LONG SEEDLESS STEADY; OTHERS LOWER.",,
CUCUMBERS,BOSTON,,"1 1/9 bushel cartons",,,,2018/11/06,22,28,26,26,MEXICO,,med,,,,,,,,,N,,,"LONG SEEDLESS STEADY; OTHERS LOWER.",,
CUCUMBERS,BOSTON,,"1 1/9 bushel cartons",,,,2018/11/06,18,20,18,18,MEXICO,,med,,,,"FR QUAL",,,,,N,,,"LONG SEEDLESS STEADY; OTHERS LOWER.",,
CUCUMBERS,BOSTON,,"1/2 bushel containers",,,,2018/11/06,14,14,,,MEXICO,,24s,,,,,,FINEAPPEAR,,,N,,,"LONG SEEDLESS STEADY; OTHERS LOWER.",,
CUCUMBERS,BOSTON,,"cartons film wrapped","LONG SEEDLESS",,,2018/11/06,10,13,11,12,CANADA,ONTARIO,med,,Greenhouse,,,,,,,N,,,"LONG SEEDLESS STEADY; OTHERS LOWER.",,
CUCUMBERS,BOSTON,,"cartons film wrapped","LONG SEEDLESS",,,2018/11/06,10,11,,,CANADA,ONTARIO,sml,,Greenhouse,,,,,,,N,,,"LONG SEEDLESS STEADY; OTHERS LOWER.",,
CUCUMBERS,BOSTON,,"cartons film wrapped","LONG SEEDLESS",,,2018/11/06,11,13,12,12,CANADA,ONTARIO,lge,,Greenhouse,,,,,,,N,,,"LONG SEEDLESS STEADY; OTHERS LOWER.",,
CUCUMBERS,BOSTON,,"cartons film wrapped","LONG SEEDLESS",,,2018/11/06,11,14,12,13,MEXICO,,med,,Greenhouse,,,,,,,N,,,"LONG SEEDLESS STEADY; OTHERS LOWER.",,
CUCUMBERS,BOSTON,,"cartons film wrapped","LONG SEEDLESS",,,2018/11/06,10,14,12,13,SPAIN,,400-500gm,,Greenhouse,,,,,,,N,,,"LONG SEEDLESS STEADY; OTHERS LOWER.",,
CUCUMBERS,BOSTON,,"1 1/9 bushel cartons/crates",PICKLES,,,2018/11/06,32,36,34,34,FLORIDA,,150-200s,,,,,,,,,N,,,"LONG SEEDLESS STEADY; OTHERS LOWER.",,
CUCUMBERS,BOSTON,,"1 1/9 bushel cartons/crates",PICKLES,,,2018/11/06,34,38,36,36,FLORIDA,,200-300s,,,,,,,,,N,,,"LONG SEEDLESS STEADY; OTHERS LOWER.",,
CUCUMBERS,BOSTON,,"bushel baskets",PICKLES,,,2018/11/06,32,34,34,34,TEXAS,,med-lge,,,,,,,,,N,,,"LONG SEEDLESS STEADY; OTHERS LOWER.",,
CUCUMBERS,BOSTON,,"bushel baskets",PICKLES,,,2018/11/06,36,38,38,38,TEXAS,,sml,,,,,,,,,N,,,"LONG SEEDLESS STEADY; OTHERS LOWER.",,
CUCUMBERS,BOSTON,,"20 lb cartons",PERSIAN,,,2018/11/06,20,22,22,22,CANADA,ONTARIO,med,,Greenhouse,,,,,,,N,,,"LONG SEEDLESS STEADY; OTHERS LOWER.",,
CUCUMBERS,BOSTON,,"20 lb cartons",PERSIAN,,,2018/11/06,20,22,20,20,"DOMINICAN REPUBLIC",,med,,Greenhouse,,,,,,,N,,,"LONG SEEDLESS STEADY; OTHERS LOWER.",,
"DANDELION GREENS",BOSTON,,"crates bunched",,,,2018/11/06,16,18,16,16,GEORGIA,,12s,,,,,,,,,N,,,"ABOUT STEADY.",,
DILL,BOSTON,,"1 lb film bags",,,,2018/11/06,7,7,,,COLOMBIA,,12s,,,,,,,,,N,Air,,HIGHER.,,
DILL,BOSTON,,"1/2 bruce crates bunched",,,,2018/11/06,48,50,50,50,"NEW JERSEY",,24s,,,,,,,,,N,,,HIGHER.,"previous commitments 38.00-40.00",
DILL,BOSTON,,"crates bunched",,,,2018/11/06,,,,,CALIFORNIA,,24s,,,,,,,,,N,,,HIGHER.,"no offerings",
DILL,BOSTON,,"crates bunched",,,,2018/11/06,,,,,CANADA,QUEBEC,24s,,,,,,,,,N,,,HIGHER.,"no offerings",
EGGPLANT,BOSTON,,"1 1/9 bushel cartons",,,,2018/11/06,16,18,18,18,MEXICO,,18s,,,,,,,,,N,,,"ABOUT STEADY.",,
EGGPLANT,BOSTON,,"1 1/9 bushel cartons wrapped",,,,2018/11/06,10,14,10,12,FLORIDA,,med,,,,"FR QUAL",,,,,N,,,"ABOUT STEADY.",,
EGGPLANT,BOSTON,,"1 1/9 bushel cartons wrapped",,,,2018/11/06,14,18,14,16,FLORIDA,,med,,,,,,,,,N,,,"ABOUT STEADY.",,
EGGPLANT,BOSTON,,"1 1/9 bushel cartons wrapped",,,,2018/11/06,10,14,10,12,GEORGIA,,med,,,,"FR QUAL",,,,,N,,,"ABOUT STEADY.",,
EGGPLANT,BOSTON,,"1 1/9 bushel cartons wrapped",,,,2018/11/06,14,18,14,16,GEORGIA,,med,,,,,,,,,N,,,"ABOUT STEADY.",,
EGGPLANT,BOSTON,,"1 1/9 bushel cartons wrapped",,,,2018/11/06,10,14,12,14,GEORGIA,,lge,,,,,,,,,N,,,"ABOUT STEADY.",,
EGGPLANT,BOSTON,Organic,"1 1/9 bushel cartons wrapped",,,,2018/11/06,25,26,26,26,,,med,,,,,,,,,LE,,,"ABOUT STEADY.",,
EGGPLANT,BOSTON,,"1 1/9 bushel cartons/crates",,,,2018/11/06,16,18,16,16,FLORIDA,,med,,,,,,,,,N,,,"ABOUT STEADY.",,
EGGPLANT,BOSTON,,"1/2 bushel cartons",ITALIAN,,,2018/11/06,19,24,19,20,FLORIDA,,sml,,,,,,,,,N,,,"ABOUT STEADY.",,
EGGPLANT,BOSTON,,"1/2 bushel cartons",ITALIAN,,,2018/11/06,19,24,19,20,GEORGIA,,sml,,,,,,,,,N,,,"ABOUT STEADY.",,
EGGPLANT,BOSTON,,"5 kg/11 lb cartons",ITALIAN,,,2018/11/06,18,21,19.5,20,CANADA,ONTARIO,"175-225 gm",,Greenhouse,,,,,,,N,,,"ABOUT STEADY.",,
EGGPLANT,BOSTON,,"5 kg/11 lb cartons",ITALIAN,,,2018/11/06,18,21,19.5,20,CANADA,ONTARIO,"175-225 gm",,Greenhouse,,,,,,,N,,,"ABOUT STEADY.",,
EGGPLANT,BOSTON,,"5 kg/11 lb cartons",ITALIAN,,,2018/11/06,18,21,19.5,20,NETHERLANDS,,"175-225 gm",,Greenhouse,,,,,,,N,Air,,"ABOUT STEADY.",,
EGGPLANT,BOSTON,,"5 kg/11 lb cartons",ITALIAN,,,2018/11/06,18,21,19.5,20,NETHERLANDS,,"175-225 gm",,Greenhouse,,,,,,,N,Air,,"ABOUT STEADY.",,
EGGPLANT,BOSTON,,"5 kg/11 lb cartons",ITALIAN,,,2018/11/06,18,21,18,18,SPAIN,,"175-225 gm",,Greenhouse,,,,,,,N,Air,,"ABOUT STEADY.",,
EGGPLANT,BOSTON,,"5 kg/11 lb cartons",ITALIAN,,,2018/11/06,18,21,18,18,SPAIN,,"175-225 gm",,Greenhouse,,,,,,,N,Air,,"ABOUT STEADY.",,
EGGPLANT,BOSTON,,"30 lb cartons",CHINESE,,,2018/11/06,35,38,35,35,GUATEMALA,,med,,,,,,,,,N,,,"ABOUT STEADY.","one label 46.00",
EGGPLANT,BOSTON,,"30 lb cartons",CHINESE,,,2018/11/06,35,38,35,35,HONDURAS,,med,,,,,,,,,N,,,"ABOUT STEADY.","one label 46.00",
EGGPLANT,BOSTON,,"30 lb cartons",THAI,,,2018/11/06,22,24,22,22,GUATEMALA,,med,,,,,,,,,N,,,"ABOUT STEADY.",,
EGGPLANT,BOSTON,,"30 lb cartons",THAI,,,2018/11/06,22,24,22,22,HONDURAS,,med,,,,,,,,,N,,,"ABOUT STEADY.",,
EGGPLANT,BOSTON,,"5 kg/11 lb cartons","LONG STRIPED",,,2018/11/06,22,24,22,22,CANADA,QUEBEC,"175-225 gm",,Greenhouse,,,,,,,N,,,"ABOUT STEADY.",,
EGGPLANT,BOSTON,,"5 kg/11 lb cartons","LONG STRIPED",,,2018/11/06,22,24,22,22,CANADA,QUEBEC,"175-225 gm",,Greenhouse,,,,,,,N,,,"ABOUT STEADY.",,
EGGPLANT,BOSTON,,"5 kg/11 lb cartons","LONG STRIPED",,,2018/11/06,22,28,22,23,NETHERLANDS,,"225-400 gm",,Greenhouse,,,,,,,N,Air,,"ABOUT STEADY.",,
EGGPLANT,BOSTON,,"5 kg/11 lb cartons","LONG STRIPED",,,2018/11/06,22,28,22,23,NETHERLANDS,,"225-400 gm",,Greenhouse,,,,,,,N,Air,,"ABOUT STEADY.",,
EGGPLANT,BOSTON,,"5 kg/11 lb cartons","LONG STRIPED",,,2018/11/06,22,28,22,23,SPAIN,,"225-400 gm",,Greenhouse,,,,,,,N,Air,,"ABOUT STEADY.",,
EGGPLANT,BOSTON,,"5 kg/11 lb cartons","LONG STRIPED",,,2018/11/06,22,28,22,23,SPAIN,,"225-400 gm",,Greenhouse,,,,,,,N,Air,,"ABOUT STEADY.",,
EGGPLANT,BOSTON,,"30 lb cartons",INDIAN,,,2018/11/06,28,30,30,30,GUATEMALA,,med,,,,,,,,,N,,,"ABOUT STEADY.",,
EGGPLANT,BOSTON,,"30 lb cartons",INDIAN,,,2018/11/06,28,30,30,30,HONDURAS,,med,,,,,,,,,N,,,"ABOUT STEADY.",,
"LETTUCE, BOSTON",BOSTON,,cartons,,,,2018/11/06,24,26,26,26,CALIFORNIA,,24s,,,,,,,,,N,,,"ABOUT STEADY.",,
"LETTUCE, BOSTON",BOSTON,,cartons,,,,2018/11/06,24,24,,,"NEW JERSEY",,24s,,,,,,,,,N,,,"ABOUT STEADY.",,
"LETTUCE, BOSTON",BOSTON,,"cartons 12 4-oz containers with lid",,,,2018/11/06,16,17,16.5,16.5,CANADA,QUEBEC,,,Greenhouse,,,,,,,N,,,"ABOUT STEADY.",,
"LETTUCE, GREEN LEAF",BOSTON,,cartons,,,,2018/11/06,24,30,24,26,CALIFORNIA,,24s,,,,,,,,,N,,,"ABOUT STEADY.","occas low as 20.00",
"LETTUCE, GREEN LEAF",BOSTON,,cartons,,,,2018/11/06,25,26,25,25,"NEW JERSEY",,24s,,,,,,,,,N,,,"ABOUT STEADY.",,
"LETTUCE, ICEBERG",BOSTON,,cartons,,,,2018/11/06,28,34,33,33,CALIFORNIA,,"flm lined 24s",,,,,,,,,N,,,"ABOUT STEADY.",,
"LETTUCE, ICEBERG",BOSTON,,cartons,,,,2018/11/06,18,20,18,18,CALIFORNIA,,"flm lined 24s",,,,,"ORD COND",,,,N,,,"ABOUT STEADY.",,
"LETTUCE, ICEBERG",BOSTON,,cartons,,,,2018/11/06,18,20,18,18,CALIFORNIA,,"24s flmwrpd",,,,,,"FR APPEAR",,,N,,,"ABOUT STEADY.",,
"LETTUCE, ICEBERG",BOSTON,,cartons,,,,2018/11/06,14,18,14,14,CALIFORNIA,,"24s flmwrpd",,,,,,"FR APPEAR",,,N,,,"ABOUT STEADY.","RPC's- Reusable Plastic Containers",
"LETTUCE, ICEBERG",BOSTON,,cartons,,,,2018/11/06,28,36,32,34,CALIFORNIA,,"24s flmwrpd",,,,,,,,,N,,,"ABOUT STEADY.",,
"LETTUCE, ICEBERG",BOSTON,,cartons,,,,2018/11/06,28,30,28,28,CALIFORNIA,,"30s flmwrpd",,,,,,,,,N,,,"ABOUT STEADY.",,
"LETTUCE, ROMAINE",BOSTON,,cartons,,,,2018/11/06,30,36,34,34,CALIFORNIA,,24s,,,,,,,,,N,,,"ABOUT STEADY.",,
"LETTUCE, ROMAINE",BOSTON,,cartons,,,,2018/11/06,32,32,,,"NEW JERSEY",,24s,,,,,,,,,N,,,"ABOUT STEADY.",,
"LETTUCE, ROMAINE",BOSTON,,"cartons 12 18-oz (3 count) packages",HEARTS,,,2018/11/06,30,36,33,34,CALIFORNIA,,,,,,,,,,,N,,,"ABOUT STEADY.",,
"LETTUCE, ROMAINE",BOSTON,,"cartons 12 18-oz (3 count) packages",HEARTS,,,2018/11/06,8,10,8,8,CALIFORNIA,,,,,,,"ORD COND",,,,N,,,"ABOUT STEADY.",,
"LETTUCE, ROMAINE",BOSTON,Organic,"cartons 12 18-oz (3 count) packages",HEARTS,,,2018/11/06,40,42,40,40,CALIFORNIA,,,,,,,,,,,N,,,"ABOUT STEADY.",,
"LETTUCE, ROMAINE",BOSTON,,"cartons 12 22-oz (3 count) packages",HEARTS,,,2018/11/06,30,36,33,34,CALIFORNIA,,,,,,,,,,,N,,,"ABOUT STEADY.",,
"LETTUCE, ROMAINE",BOSTON,,"cartons 12 24.2-oz (3 count) packages",HEARTS,,,2018/11/06,30,36,33,34,CALIFORNIA,,,,,,,,,,,N,,,"ABOUT STEADY.",,
"LETTUCE, ROMAINE",BOSTON,,"10 lb cartons film lined","CROWN CUT LEAVES",,,2018/11/06,18,19,18.5,18.5,CALIFORNIA,,,,,,,,,,,N,,,"ABOUT STEADY.",,
"ONIONS DRY",BOSTON,,"25 lb sacks",YELLOW,BOILERS,,2018/11/06,6,7,6,6,"NEW YORK",,sml,,,,,,,,,N,,,"YELLOW SPANISH HYBRID JUMBO AND YELLOW HYBRID JUMBO LOWER; OTHERS ABOUT STEADY.",,
"ONIONS DRY",BOSTON,,"10 lb sacks",YELLOW,"GLOBE TYPE",,2018/11/06,3,5,3.5,3.75,"NEW YORK",,med-lge,,,,,,,,,N,,,"YELLOW SPANISH HYBRID JUMBO AND YELLOW HYBRID JUMBO LOWER; OTHERS ABOUT STEADY.",,
"ONIONS DRY",BOSTON,,"10 lb sacks",YELLOW,"GLOBE TYPE",,2018/11/06,4,6,4,5,,,jbo,,,,,,,,,L,,,"YELLOW SPANISH HYBRID JUMBO AND YELLOW HYBRID JUMBO LOWER; OTHERS ABOUT STEADY.",,
"ONIONS DRY",BOSTON,,"10 lb sacks",YELLOW,"GLOBE TYPE",,2018/11/06,3,5,3,3.5,,,lge,,,,,,,,,L,,,"YELLOW SPANISH HYBRID JUMBO AND YELLOW HYBRID JUMBO LOWER; OTHERS ABOUT STEADY.",,
"ONIONS DRY",BOSTON,,"50 lb sacks",YELLOW,"GLOBE TYPE",,2018/11/06,12,13,12,12,CANADA,QUEBEC,jbo,,,,,,,,,N,,,"YELLOW SPANISH HYBRID JUMBO AND YELLOW HYBRID JUMBO LOWER; OTHERS ABOUT STEADY.",,
"ONIONS DRY",BOSTON,,"50 lb sacks",YELLOW,"GLOBE TYPE",,2018/11/06,12,13,12,12,"NEW YORK",,jbo,,,,,,,,,N,,,"YELLOW SPANISH HYBRID JUMBO AND YELLOW HYBRID JUMBO LOWER; OTHERS ABOUT STEADY.",,
"ONIONS DRY",BOSTON,Organic,"50 lb sacks",YELLOW,"GLOBE TYPE",,2018/11/06,36,36,,,,,jbo,,,,,,,,,L,,,"YELLOW SPANISH HYBRID JUMBO AND YELLOW HYBRID JUMBO LOWER; OTHERS ABOUT STEADY.",,
"ONIONS DRY",BOSTON,Organic,"50 lb sacks",YELLOW,"GLOBE TYPE",,2018/11/06,36,36,,,,,med-lge,,,,,,,,,L,,,"YELLOW SPANISH HYBRID JUMBO AND YELLOW HYBRID JUMBO LOWER; OTHERS ABOUT STEADY.",,
"ONIONS DRY",BOSTON,,"master container 10 5-lb mesh sacks",YELLOW,"GLOBE TYPE",,2018/11/06,17,19,18,18,,,med-lge,,,,,,,,,L,,,"YELLOW SPANISH HYBRID JUMBO AND YELLOW HYBRID JUMBO LOWER; OTHERS ABOUT STEADY.",,
"ONIONS DRY",BOSTON,,"master container 15 3-lb mesh sacks",YELLOW,"GLOBE TYPE",,2018/11/06,16,18,17,17,,,med-lge,,,,,,,,,L,,,"YELLOW SPANISH HYBRID JUMBO AND YELLOW HYBRID JUMBO LOWER; OTHERS ABOUT STEADY.",,
"ONIONS DRY",BOSTON,Organic,"master container 16 3-lb mesh sacks",YELLOW,"GLOBE TYPE",,2018/11/06,40,40,,,,,"rpkr sz",,,,,,,,,L,,,"YELLOW SPANISH HYBRID JUMBO AND YELLOW HYBRID JUMBO LOWER; OTHERS ABOUT STEADY.",,
"ONIONS DRY",BOSTON,,"master container 20 2-lb mesh sacks",YELLOW,"GLOBE TYPE",,2018/11/06,15,17,16,16,,,med-lge,,,,,,,,,L,,,"YELLOW SPANISH HYBRID JUMBO AND YELLOW HYBRID JUMBO LOWER; OTHERS ABOUT STEADY.",,
"ONIONS DRY",BOSTON,Organic,"master container 20 2-lb mesh sacks",YELLOW,"GLOBE TYPE",,2018/11/06,38,38,,,,,"rpkr sz",,,,,,,,,L,,,"YELLOW SPANISH HYBRID JUMBO AND YELLOW HYBRID JUMBO LOWER; OTHERS ABOUT STEADY.",,
"ONIONS DRY",BOSTON,,"master container 24 2-lb mesh sacks",YELLOW,"GLOBE TYPE",,2018/11/06,16,17,16,16,"NEW YORK",,"rpkr sz",,,,,,,,,N,,,"YELLOW SPANISH HYBRID JUMBO AND YELLOW HYBRID JUMBO LOWER; OTHERS ABOUT STEADY.",,
"ONIONS DRY",BOSTON,,"40 lb cartons",YELLOW,"GRANEX - MARKED SWEET",,2018/11/06,22,24,23,23,PERU,,jbo,,,,,,,,,N,,,"YELLOW SPANISH HYBRID JUMBO AND YELLOW HYBRID JUMBO LOWER; OTHERS ABOUT STEADY.",,
"ONIONS DRY",BOSTON,Organic,"40 lb cartons",YELLOW,"GRANEX - MARKED SWEET",,2018/11/06,27,27,,,PERU,,jbo,,,,,,,,,N,,,"YELLOW SPANISH HYBRID JUMBO AND YELLOW HYBRID JUMBO LOWER; OTHERS ABOUT STEADY.",,
"ONIONS DRY",BOSTON,,"10 lb sacks",YELLOW,HYBRID,,2018/11/06,5,6,5,5,WASHINGTON,,jbo,,,,,,,,,N,,,"YELLOW SPANISH HYBRID JUMBO AND YELLOW HYBRID JUMBO LOWER; OTHERS ABOUT STEADY.",,
"ONIONS DRY",BOSTON,,"50 lb sacks",YELLOW,HYBRID,,2018/11/06,15,18,17,17,WASHINGTON,,"Super Col",,,,,,,,,N,,,"YELLOW SPANISH HYBRID JUMBO AND YELLOW HYBRID JUMBO LOWER; OTHERS ABOUT STEADY.",,
"ONIONS DRY",BOSTON,,"50 lb sacks",YELLOW,HYBRID,,2018/11/06,14,16,15,15,WASHINGTON,,col,,,,,,,,,N,,,"YELLOW SPANISH HYBRID JUMBO AND YELLOW HYBRID JUMBO LOWER; OTHERS ABOUT STEADY.",,
"ONIONS DRY",BOSTON,,"50 lb sacks",YELLOW,HYBRID,,2018/11/06,12,15,13,13,WASHINGTON,,jbo,,,,,,,,,N,,,"YELLOW SPANISH HYBRID JUMBO AND YELLOW HYBRID JUMBO LOWER; OTHERS ABOUT STEADY.","occas low as 11.00",
"ONIONS DRY",BOSTON,,"40 lb cartons",YELLOW,"HYBRID - MARKED SWEET",,2018/11/06,25,26,25,25,CALIFORNIA,,jbo,,,,,,,,,N,,,"YELLOW SPANISH HYBRID JUMBO AND YELLOW HYBRID JUMBO LOWER; OTHERS ABOUT STEADY.","occas lower",
"ONIONS DRY",BOSTON,,"50 lb sacks",YELLOW,"SPANISH HYBRID",,2018/11/06,15,18,17,17,IDAHO-OREGON,,"Super Col",,,,,,,,,N,,,"YELLOW SPANISH HYBRID JUMBO AND YELLOW HYBRID JUMBO LOWER; OTHERS ABOUT STEADY.",,
"ONIONS DRY",BOSTON,,"50 lb sacks",YELLOW,"SPANISH HYBRID",,2018/11/06,14,16,15,15,IDAHO-OREGON,,col,,,,,,,,,N,,,"YELLOW SPANISH HYBRID JUMBO AND YELLOW HYBRID JUMBO LOWER; OTHERS ABOUT STEADY.",,
"ONIONS DRY",BOSTON,,"50 lb sacks",YELLOW,"SPANISH HYBRID",,2018/11/06,12,15,13,13,IDAHO-OREGON,,jbo,,,,,,,,,N,,,"YELLOW SPANISH HYBRID JUMBO AND YELLOW HYBRID JUMBO LOWER; OTHERS ABOUT STEADY.","occas low as 11.00",
"ONIONS DRY",BOSTON,,"25 lb sacks",WHITE,BOILERS,,2018/11/06,18,18,,,IDAHO-OREGON,,sml,,,,,,,,,N,,,"YELLOW SPANISH HYBRID JUMBO AND YELLOW HYBRID JUMBO LOWER; OTHERS ABOUT STEADY.",,
"ONIONS DRY",BOSTON,,"25 lb sacks",WHITE,BOILERS,,2018/11/06,18,18,,,,,sml,,,,,,,,,L,,,"YELLOW SPANISH HYBRID JUMBO AND YELLOW HYBRID JUMBO LOWER; OTHERS ABOUT STEADY.",,
"ONIONS DRY",BOSTON,,"25 lb sacks",WHITE,BOILERS,,2018/11/06,18,18,,,WASHINGTON,,sml,,,,,,,,,N,,,"YELLOW SPANISH HYBRID JUMBO AND YELLOW HYBRID JUMBO LOWER; OTHERS ABOUT STEADY.",,
"ONIONS DRY",BOSTON,,"25 lb sacks",WHITE,,,2018/11/06,15,16,15.5,15.5,CALIFORNIA,,jbo,,,,,,,,,N,,,"YELLOW SPANISH HYBRID JUMBO AND YELLOW HYBRID JUMBO LOWER; OTHERS ABOUT STEADY.",,
"ONIONS DRY",BOSTON,,"25 lb sacks",WHITE,,,2018/11/06,15,16,15.5,15.5,IDAHO-OREGON,,jbo,,,,,,,,,N,,,"YELLOW SPANISH HYBRID JUMBO AND YELLOW HYBRID JUMBO LOWER; OTHERS ABOUT STEADY.",,
"ONIONS DRY",BOSTON,,"25 lb sacks",WHITE,,,2018/11/06,15,16,15.5,15.5,,,jbo,,,,,,,,,L,,,"YELLOW SPANISH HYBRID JUMBO AND YELLOW HYBRID JUMBO LOWER; OTHERS ABOUT STEADY.",,
"ONIONS DRY",BOSTON,,"25 lb sacks",WHITE,,,2018/11/06,15,16,15.5,15.5,WASHINGTON,,jbo,,,,,,,,,N,,,"YELLOW SPANISH HYBRID JUMBO AND YELLOW HYBRID JUMBO LOWER; OTHERS ABOUT STEADY.",,
"ONIONS DRY",BOSTON,Organic,"40 lb cartons",WHITE,,,2018/11/06,35,35,,,,,jbo,,,,,,,,,L,,,"YELLOW SPANISH HYBRID JUMBO AND YELLOW HYBRID JUMBO LOWER; OTHERS ABOUT STEADY.",,
"ONIONS DRY",BOSTON,,"10 lb sacks",RED,"GLOBE TYPE",,2018/11/06,5,7,5,5.5,,,lge,,,,,,,,,L,,,"YELLOW SPANISH HYBRID JUMBO AND YELLOW HYBRID JUMBO LOWER; OTHERS ABOUT STEADY.",,
"ONIONS DRY",BOSTON,,"25 lb sacks",RED,"GLOBE TYPE",,2018/11/06,11,14,13,13,IDAHO-OREGON,,jbo,,,,,,,,,N,,,"YELLOW SPANISH HYBRID JUMBO AND YELLOW HYBRID JUMBO LOWER; OTHERS ABOUT STEADY.",,
"ONIONS DRY",BOSTON,,"25 lb sacks",RED,"GLOBE TYPE",,2018/11/06,11,12,11.5,11.5,IDAHO-OREGON,,med,,,,,,,,,N,,,"YELLOW SPANISH HYBRID JUMBO AND YELLOW HYBRID JUMBO LOWER; OTHERS ABOUT STEADY.",,
"ONIONS DRY",BOSTON,,"25 lb sacks",RED,"GLOBE TYPE",,2018/11/06,11,14,13,13,WASHINGTON,,jbo,,,,,,,,,N,,,"YELLOW SPANISH HYBRID JUMBO AND YELLOW HYBRID JUMBO LOWER; OTHERS ABOUT STEADY.",,
"ONIONS DRY",BOSTON,,"25 lb sacks",RED,"GLOBE TYPE",,2018/11/06,11,12,11.5,11.5,WASHINGTON,,med,,,,,,,,,N,,,"YELLOW SPANISH HYBRID JUMBO AND YELLOW HYBRID JUMBO LOWER; OTHERS ABOUT STEADY.",,
"ONIONS DRY",BOSTON,Organic,"40 lb cartons",RED,"GLOBE TYPE",,2018/11/06,37,37,,,,,jbo,,,,,,,,,L,,,"YELLOW SPANISH HYBRID JUMBO AND YELLOW HYBRID JUMBO LOWER; OTHERS ABOUT STEADY.",,
"ONIONS DRY",BOSTON,,"master container 20 2-lb mesh sacks",RED,"GLOBE TYPE",,2018/11/06,20,22,22,22,,,med,,,,,,,,,L,,,"YELLOW SPANISH HYBRID JUMBO AND YELLOW HYBRID JUMBO LOWER; OTHERS ABOUT STEADY.",,
"ONIONS DRY",BOSTON,Organic,"master container 20 2-lb mesh sacks",RED,"GLOBE TYPE",,2018/11/06,42,42,,,,,med,,,,,,,,,L,,,"YELLOW SPANISH HYBRID JUMBO AND YELLOW HYBRID JUMBO LOWER; OTHERS ABOUT STEADY.",,
"ONIONS DRY",BOSTON,,"master container 24 2-lb mesh sacks",RED,"GLOBE TYPE",,2018/11/06,20,23,22,23,CANADA,QUEBEC,med,,,,,,,,,N,,,"YELLOW SPANISH HYBRID JUMBO AND YELLOW HYBRID JUMBO LOWER; OTHERS ABOUT STEADY.",,
"ONIONS DRY",BOSTON,,"cartons 12 10-oz bags","PEARL TYPE",RED,,2018/11/06,16,18,17,17,,,,,,,,,,,,LE,,,"YELLOW SPANISH HYBRID JUMBO AND YELLOW HYBRID JUMBO LOWER; OTHERS ABOUT STEADY.",,
"ONIONS DRY",BOSTON,,"cartons 12 10-oz bags","PEARL TYPE",WHITE,,2018/11/06,16,18,16,16,,,,,,,,,,,,LE,,,"YELLOW SPANISH HYBRID JUMBO AND YELLOW HYBRID JUMBO LOWER; OTHERS ABOUT STEADY.",,
"ONIONS DRY",BOSTON,,"cartons 12 10-oz bags","PEARL TYPE",YELLOW,,2018/11/06,16,18,16,16,,,,,,,,,,,,LE,,,"YELLOW SPANISH HYBRID JUMBO AND YELLOW HYBRID JUMBO LOWER; OTHERS ABOUT STEADY.",,
"ONIONS GREEN",BOSTON,,"cartons 4 film bags iceless",,,,2018/11/06,30,32,30,30,CALIFORNIA,,"12 bunches per bag",,,,,HOLDOVERS,,,,N,,,"HOLLAND LOWER; OTHERS ABOUT STEADY.",,
"ONIONS GREEN",BOSTON,,"cartons 4 film bags iceless",,,,2018/11/06,35,40,36,38,CALIFORNIA,,"12 bunches per bag",,,,,,,,,N,,,"HOLLAND LOWER; OTHERS ABOUT STEADY.",,
"ONIONS GREEN",BOSTON,,"cartons 4 film bags iceless",,,,2018/11/06,35,40,36,38,MEXICO,,"12 bunches per bag",,,,,,,,,N,,,"HOLLAND LOWER; OTHERS ABOUT STEADY.",,
"ONIONS GREEN",BOSTON,,"cartons bunched",,,,2018/11/06,35,40,36,38,CALIFORNIA,,"48s med",,,,,,,,,N,,,"HOLLAND LOWER; OTHERS ABOUT STEADY.",,
"ONIONS GREEN",BOSTON,,"cartons bunched",,,,2018/11/06,35,40,36,38,MEXICO,,"48s med",,,,,,,,,N,,,"HOLLAND LOWER; OTHERS ABOUT STEADY.",,
"ONIONS GREEN",BOSTON,,"5 kg containers",LEEKS,,,2018/11/06,15,18,15,15.5,NETHERLANDS,,"6 bunches per bag",,Greenhouse,,,,,,,N,Air,,"HOLLAND LOWER; OTHERS ABOUT STEADY.",,
"ONIONS GREEN",BOSTON,,"cartons bunched",LEEKS,,,2018/11/06,20,24,21,22,CALIFORNIA,,12s,,,,,,,,,N,,,"HOLLAND LOWER; OTHERS ABOUT STEADY.",,
"ONIONS GREEN",BOSTON,,"cartons/crates bunched",LEEKS,,,2018/11/06,20,23,21,22,"NEW JERSEY",,12s,,,,,,,,,N,,,"HOLLAND LOWER; OTHERS ABOUT STEADY.",,
PARSLEY,BOSTON,,"cartons bunched",CURLY,,,2018/11/06,20,24,24,24,CALIFORNIA,,60s,,,,,,,,,N,,,"ABOUT STEADY.",,
PARSLEY,BOSTON,,"cartons bunched",CURLY,,,2018/11/06,20,24,24,24,TEXAS,,60s,,,,,,,,,N,,,"ABOUT STEADY.",,
PARSLEY,BOSTON,,"cartons bunched",PLAIN,,,2018/11/06,20,24,24,24,CALIFORNIA,,60s,,,,,,,,,N,,,"ABOUT STEADY.",,
PARSLEY,BOSTON,,"cartons bunched",PLAIN,,,2018/11/06,20,24,24,24,TEXAS,,60s,,,,,,,,,N,,,"ABOUT STEADY.",,
PARSNIPS,BOSTON,,"20 lb film bags loose",,,,2018/11/06,20,24,22,23,CALIFORNIA,,med,,,,,,,,,N,,,STEADY.,,
PARSNIPS,BOSTON,,"20 lb film bags loose",,,,2018/11/06,20,24,22,22,CANADA,QUEBEC,med,,,,,,,,,N,,,STEADY.,,
PARSNIPS,BOSTON,,"20 lb film bags loose",,,,2018/11/06,20,24,22,22,CANADA,ONTARIO,med,,,,,,,,,N,,,STEADY.,,
PARSNIPS,BOSTON,,"20 lb film bags loose",,,,2018/11/06,22,24,23,23,MICHIGAN,,med,,,,,,,,,N,,,STEADY.,,
PARSNIPS,BOSTON,,"sacks 18 1-lb film bags",,,,2018/11/06,20,23,23,23,CANADA,QUEBEC,med,,,,,,,,,N,,,STEADY.,,
PARSNIPS,BOSTON,,"sacks 18 1-lb film bags",,,,2018/11/06,22,24,24,24,MICHIGAN,,med,,,,,,,,,N,,,STEADY.,,
"PEPPERS, BELL TYPE",BOSTON,,"1 1/9 bushel cartons",GREEN,,,2018/11/06,28,34,32,34,FLORIDA,,jbo,,,,,,,,,N,,,"GREEN BELL TYPE HIGHER; OTHERS ABOUT STEADY.",,
"PEPPERS, BELL TYPE",BOSTON,,"1 1/9 bushel cartons",GREEN,,,2018/11/06,22,25,24,25,FLORIDA,,"irreg sz",,,,"FR QUAL",,,,,N,,,"GREEN BELL TYPE HIGHER; OTHERS ABOUT STEADY.",,
"PEPPERS, BELL TYPE",BOSTON,,"1 1/9 bushel cartons",GREEN,,,2018/11/06,28,34,32,34,GEORGIA,,jbo,,,,,,,,,N,,,"GREEN BELL TYPE HIGHER; OTHERS ABOUT STEADY.",,
"PEPPERS, BELL TYPE",BOSTON,,"1 1/9 bushel cartons",GREEN,,,2018/11/06,28,32,30,32,GEORGIA,,exlge,,,,,,,,,N,,,"GREEN BELL TYPE HIGHER; OTHERS ABOUT STEADY.",,
"PEPPERS, BELL TYPE",BOSTON,,"1 1/9 bushel cartons",GREEN,,,2018/11/06,18,24,22,24,GEORGIA,,"irreg sz",,,,"FR QUAL",,,,,N,,,"GREEN BELL TYPE HIGHER; OTHERS ABOUT STEADY.",,
"PEPPERS, BELL TYPE",BOSTON,,"1 1/9 bushel cartons",RED,,,2018/11/06,35,40,38,38,CALIFORNIA,,"irreg sz",,,,"FR QUAL",,,,,N,,,"GREEN BELL TYPE HIGHER; OTHERS ABOUT STEADY.","one label 32.00",
"PEPPERS, BELL TYPE",BOSTON,,"1 1/9 bushel cartons",RED,,,2018/11/06,35,40,36,38,MEXICO,,"irreg sz",,,,"FR QUAL",,,,,N,,,"GREEN BELL TYPE HIGHER; OTHERS ABOUT STEADY.",,
"PEPPERS, BELL TYPE",BOSTON,,"15 lb cartons",RED,,,2018/11/06,24,28,26,26,CALIFORNIA,,exlge,,,,,,,,,N,,,"GREEN BELL TYPE HIGHER; OTHERS ABOUT STEADY.",,
"PEPPERS, BELL TYPE",BOSTON,,"15 lb cartons",RED,,,2018/11/06,24,28,26,26,MEXICO,,exlge,,,,,,,,,N,,,"GREEN BELL TYPE HIGHER; OTHERS ABOUT STEADY.",,
"PEPPERS, BELL TYPE",BOSTON,,"5 kg/11 lb cartons",RED,,,2018/11/06,16,19,18,18,MEXICO,,exlge-lge,,Greenhouse,,,,,,,N,,,"GREEN BELL TYPE HIGHER; OTHERS ABOUT STEADY.",,
"PEPPERS, BELL TYPE",BOSTON,Organic,"5 kg/11 lb cartons",RED,,,2018/11/06,28,32,28,28,NETHERLANDS,,exlge-lge,,Greenhouse,,,,,,,N,Air,,"GREEN BELL TYPE HIGHER; OTHERS ABOUT STEADY.",Few,
"PEPPERS, BELL TYPE",BOSTON,,"1 1/9 bushel cartons","TURNING RED",,,2018/11/06,16,22,20,20,FLORIDA,,"irreg sz",,,,"FR QUAL",,,,,N,,,"GREEN BELL TYPE HIGHER; OTHERS ABOUT STEADY.",,
"PEPPERS, BELL TYPE",BOSTON,,"1 1/9 bushel cartons","TURNING RED",,,2018/11/06,16,22,20,20,GEORGIA,,"irreg sz",,,,"FR QUAL",,,,,N,,,"GREEN BELL TYPE HIGHER; OTHERS ABOUT STEADY.",,
"PEPPERS, BELL TYPE",BOSTON,,"5 kg/11 lb cartons",YELLOW,,,2018/11/06,16,19,16,17,MEXICO,,exlge-lge,,Greenhouse,,,,,,,N,,,"GREEN BELL TYPE HIGHER; OTHERS ABOUT STEADY.",,
"PEPPERS, BELL TYPE",BOSTON,Organic,"5 kg/11 lb cartons",YELLOW,,,2018/11/06,28,32,28,28,NETHERLANDS,,exlge-lge,,Greenhouse,,,,,,,N,Air,,"GREEN BELL TYPE HIGHER; OTHERS ABOUT STEADY.",Few,
"PEPPERS, BELL TYPE",BOSTON,,"5 kg/11 lb cartons",ORANGE,,,2018/11/06,17,20,18,19,MEXICO,,exlge-lge,,Greenhouse,,,,,,,N,,,"GREEN BELL TYPE HIGHER; OTHERS ABOUT STEADY.",,
"PEPPERS, BELL TYPE",BOSTON,,"5 kg/11 lb cartons",ORANGE,,,2018/11/06,,,,,NETHERLANDS,,exlge-lge,,Greenhouse,,,,,,,N,Air,,"GREEN BELL TYPE HIGHER; OTHERS ABOUT STEADY.","offerings insufficient to quote",
"PEPPERS, BELL TYPE",BOSTON,Organic,"5 kg/11 lb cartons",ORANGE,,,2018/11/06,32,34,32,32,NETHERLANDS,,exlge-lge,,Greenhouse,,,,,,,N,Air,,"GREEN BELL TYPE HIGHER; OTHERS ABOUT STEADY.",Few,
"PEPPERS, OTHER",BOSTON,,"25 lb sacks",AJIES,,,2018/11/06,38,40,38,38,"DOMINICAN REPUBLIC",,,"MXD YELLOW AND GREEN",,,,,,,,N,,,"ABOUT STEADY.",,
"PEPPERS, OTHER",BOSTON,,"10 lb cartons",ANAHEIM,,,2018/11/06,20,28,28,28,,,,,,,,,,,,E,,,"ABOUT STEADY.",,
"PEPPERS, OTHER",BOSTON,,"10 lb cartons","CHERRY HOTS",,,2018/11/06,25,28,25,25,,,,RED,,,,,,,,E,,,"ABOUT STEADY.",,
"PEPPERS, OTHER",BOSTON,,"3 kg cartons","CHERRY HOTS",,,2018/11/06,22,24,24,24,NETHERLANDS,,sml-med,"MIXED RED AND GREEN",,,,,,,,N,,,"ABOUT STEADY.",,
"PEPPERS, OTHER",BOSTON,,"1 1/9 bushel cartons",CUBANELLES,,,2018/11/06,22,24,24,24,GEORGIA,,med-lge,GREEN,,,,,,,,N,,,"ABOUT STEADY.",,
"PEPPERS, OTHER",BOSTON,,"10 lb cartons",FRESNO,,,2018/11/06,30,35,35,35,,,,RED,,,,,,,,E,,,"ABOUT STEADY.",,
"PEPPERS, OTHER",BOSTON,,"2 kg cartons",HABANERO,,,2018/11/06,20,25,22,22,NETHERLANDS,,sml,ORANGE,,,,,,,,N,,,"ABOUT STEADY.",,
"PEPPERS, OTHER",BOSTON,,"8 lb cartons",HABANERO,,,2018/11/06,28,30,30,30,"DOMINICAN REPUBLIC",,,RED,,,,,,,,N,,,"ABOUT STEADY.",,
"PEPPERS, OTHER",BOSTON,,"8 lb cartons",HABANERO,,,2018/11/06,18,23,20,20,"DOMINICAN REPUBLIC",,,"MIXED RED AND GREEN",,,,,,,,N,,,"ABOUT STEADY.",,
"PEPPERS, OTHER",BOSTON,,"8 lb cartons",HABANERO,,,2018/11/06,28,30,30,30,"DOMINICAN REPUBLIC",,,ORANGE,,,,,,,,N,,,"ABOUT STEADY.",,
"PEPPERS, OTHER",BOSTON,,"8 lb cartons",HABANERO,,,2018/11/06,28,30,30,30,HONDURAS,,,ORANGE,,,,,,,,N,,,"ABOUT STEADY.",,
"PEPPERS, OTHER",BOSTON,,"8 lb cartons",HABANERO,,,2018/11/06,28,30,30,30,MEXICO,,,ORANGE,,,,,,,,N,,,"ABOUT STEADY.",,
"PEPPERS, OTHER",BOSTON,,"8 lb cartons",HABANERO,,,2018/11/06,24,30,26,28,MEXICO,,,RED,,,,,,,,N,,,"ABOUT STEADY.",,
"PEPPERS, OTHER",BOSTON,,"1 1/9 bushel cartons",JALAPENO,,,2018/11/06,24,26,24,24,GEORGIA,,med-lge,,,,,,,,,N,,,"ABOUT STEADY.",,
"PEPPERS, OTHER",BOSTON,,"1/2 bushel crates",JALAPENO,,,2018/11/06,16,18,16,16,GEORGIA,,med,GREEN,,,,,,,,N,,,"ABOUT STEADY.",,
"PEPPERS, OTHER",BOSTON,,"10 lb cartons",JALAPENO,,,2018/11/06,14,16,16,16,,,med,GREEN,,,,,,,,E,,,"ABOUT STEADY.",,
"PEPPERS, OTHER",BOSTON,,"2 kg cartons",JALAPENO,,,2018/11/06,20,24,22,24,NETHERLANDS,,sml,RED,,,,,,,,N,,,"ABOUT STEADY.",,
"PEPPERS, OTHER",BOSTON,,"Cuke crate",JALAPENO,,,2018/11/06,14,16,16,16,"NORTH CAROLINA",,med,GREEN,,,,,,,,N,,,"ABOUT STEADY.",,
"PEPPERS, OTHER",BOSTON,,"1 1/9 bushel cartons","LONG HOT",,,2018/11/06,22,24,22,22,GEORGIA,,,GREEN,,,,,,,,N,,,"ABOUT STEADY.",,
"PEPPERS, OTHER",BOSTON,,"1 1/9 bushel cartons","LONG HOT",,,2018/11/06,24,26,24,25,GEORGIA,,,RED,,,,,,,,N,,,"ABOUT STEADY.",,
"PEPPERS, OTHER",BOSTON,,"1 1/9 bushel cartons",POBLANO,,,2018/11/06,18,20,20,20,GEORGIA,,,,,,,,,,,N,,,"ABOUT STEADY.",,
"PEPPERS, OTHER",BOSTON,,"1/2 bushel cartons",POBLANO,,,2018/11/06,16,20,20,20,,,med,GREEN,,,,,,,,E,,,"ABOUT STEADY.",,
"PEPPERS, OTHER",BOSTON,,"10 lb cartons",SERRANO,,,2018/11/06,24,26,24,24,,,,,,,,,,,,E,,,"ABOUT STEADY.",,
"PEPPERS, OTHER",BOSTON,,"15 lb cartons","THAI CHILI HOTS",,,2018/11/06,90,90,,,"DOMINICAN REPUBLIC",,,RED,,,,,,,,N,,,"ABOUT STEADY.",,
"PEPPERS, OTHER",BOSTON,,"15 lb cartons","THAI CHILI HOTS",,,2018/11/06,36,44,44,44,"DOMINICAN REPUBLIC",,,"MIXED RED AND GREEN",,,,,,,,N,,,"ABOUT STEADY.",,
"PEPPERS, OTHER",BOSTON,,"15 lb cartons","THAI CHILI HOTS",,,2018/11/06,44,55,55,55,"DOMINICAN REPUBLIC",,,GREEN,,,,,,,,N,,,"ABOUT STEADY.",,
POTATOES,BOSTON,,"50 lb cartons",RUSSET,BURBANK,"U.S. One",2018/11/06,19,20,19,19,IDAHO,,40s,,,,,,,,,N,,,"ABOUT STEADY.","occas lower",
POTATOES,BOSTON,,"50 lb cartons",RUSSET,BURBANK,"U.S. One",2018/11/06,19,20,19,19,IDAHO,,50s,,,,,,,,,N,,,"ABOUT STEADY.","occas lower",
POTATOES,BOSTON,,"50 lb cartons",RUSSET,BURBANK,"U.S. One",2018/11/06,20,20,,,IDAHO,,60s,,,,,,,,,N,,,"ABOUT STEADY.","occas lower",
POTATOES,BOSTON,,"50 lb cartons",RUSSET,BURBANK,"U.S. One",2018/11/06,19,20,20,20,IDAHO,,70s,,,,,,,,,N,,,"ABOUT STEADY.","occas lower",
POTATOES,BOSTON,,"50 lb cartons",RUSSET,BURBANK,"U.S. One",2018/11/06,19,21,20,20,IDAHO,,80s,,,,,,,,,N,,,"ABOUT STEADY.","occas lower",
POTATOES,BOSTON,,"50 lb cartons",RUSSET,BURBANK,"U.S. One",2018/11/06,19,21,20,20,IDAHO,,90s,,,,,,,,,N,,,"ABOUT STEADY.","occas lower",
POTATOES,BOSTON,,"50 lb cartons",RUSSET,BURBANK,"U.S. One",2018/11/06,20,20,,,IDAHO,,100s,,,,,,,,,N,,,"ABOUT STEADY.","occas lower",
POTATOES,BOSTON,,"50 lb cartons",RUSSET,BURBANK,"U.S. One",2018/11/06,20,20,,,IDAHO,,120s,,,,,,,,,N,,,"ABOUT STEADY.","occas lower",
POTATOES,BOSTON,,"baled 10 5-lb film bags",RUSSET,BURBANK,"U.S. One",2018/11/06,16,20,18,18,IDAHO,,"sz A",,,,,,,,,N,,,"ABOUT STEADY.",,
POTATOES,BOSTON,,"baled 10 5-lb film bags",RUSSET,BURBANK,"U.S. One",2018/11/06,15,17,16,16,IDAHO,,"non sz A",,,,,,,,,N,,,"ABOUT STEADY.",,
POTATOES,BOSTON,,"baled 10 5-lb film bags",RUSSET,BURBANK,"U.S. One",2018/11/06,18,21,19,20,IDAHO,,"6-10 oz",,,,,,,,,N,,,"ABOUT STEADY.",,
POTATOES,BOSTON,,"baled 10 5-lb film bags",RUSSET,BURBANK,"U.S. One",2018/11/06,15,18,16,16,,,"non sz A",,,,,,,,,L,,,"ABOUT STEADY.",,
POTATOES,BOSTON,,"50 lb cartons",RUSSET,NORKOTAH,"U.S. One",2018/11/06,20,21,,,COLORADO,,60s,,,,,,,,,N,,,"ABOUT STEADY.","Few labels",
POTATOES,BOSTON,,"50 lb cartons",RUSSET,NORKOTAH,"U.S. One",2018/11/06,18,19,18,18.5,IDAHO,,40s,,,,,,,,,N,,,"ABOUT STEADY.",,
POTATOES,BOSTON,,"50 lb cartons",RUSSET,NORKOTAH,"U.S. One",2018/11/06,18,19,18,18.5,IDAHO,,50s,,,,,,,,,N,,,"ABOUT STEADY.",,
POTATOES,BOSTON,,"50 lb cartons",RUSSET,NORKOTAH,"U.S. One",2018/11/06,18,19,18,18.5,IDAHO,,60s,,,,,,,,,N,,,"ABOUT STEADY.",,
POTATOES,BOSTON,,"50 lb cartons",RUSSET,NORKOTAH,"U.S. One",2018/11/06,18,19,19,19,IDAHO,,70s,,,,,,,,,N,,,"ABOUT STEADY.",,
POTATOES,BOSTON,,"50 lb cartons",RUSSET,NORKOTAH,"U.S. One",2018/11/06,18,19,19,19,IDAHO,,80s,,,,,,,,,N,,,"ABOUT STEADY.",,
POTATOES,BOSTON,,"50 lb cartons",RUSSET,NORKOTAH,"U.S. One",2018/11/06,18,20,19,19,IDAHO,,90s,,,,,,,,,N,,,"ABOUT STEADY.",,
POTATOES,BOSTON,,"50 lb cartons",RUSSET,NORKOTAH,"U.S. One",2018/11/06,18,19,19,19,IDAHO,,100s,,,,,,,,,N,,,"ABOUT STEADY.",,
POTATOES,BOSTON,,"50 lb cartons",RUSSET,NORKOTAH,"U.S. One",2018/11/06,18,19,19,19,IDAHO,,120s,,,,,,,,,N,,,"ABOUT STEADY.",,
POTATOES,BOSTON,,"50 lb cartons",RUSSET,NORKOTAH,"U.S. One",2018/11/06,16,18,17,17,MASSACHUSETTS,,60s,,,,,,,,,N,,,"ABOUT STEADY.",,
POTATOES,BOSTON,,"50 lb cartons",RUSSET,NORKOTAH,"U.S. One",2018/11/06,16,18,17,17,MASSACHUSETTS,,70s,,,,,,,,,N,,,"ABOUT STEADY.",,
POTATOES,BOSTON,,"50 lb cartons",RUSSET,NORKOTAH,"U.S. One",2018/11/06,16,18,17,17,MASSACHUSETTS,,80s,,,,,,,,,N,,,"ABOUT STEADY.",,
POTATOES,BOSTON,,"50 lb cartons",RUSSET,NORKOTAH,"U.S. One",2018/11/06,16,18,16,16.5,MASSACHUSETTS,,90s,,,,,,,,,N,,,"ABOUT STEADY.",,
POTATOES,BOSTON,,"50 lb cartons",RUSSET,NORKOTAH,"U.S. One",2018/11/06,16,18,16,16.5,MASSACHUSETTS,,100s,,,,,,,,,N,,,"ABOUT STEADY.",,
POTATOES,BOSTON,,"50 lb cartons",RUSSET,NORKOTAH,"U.S. One",2018/11/06,20,21,21,21,WASHINGTON,,60s,,,,,,,,,N,,,"ABOUT STEADY.","Few labels",
POTATOES,BOSTON,,"50 lb cartons",RUSSET,NORKOTAH,"U.S. One",2018/11/06,20,21,21,21,WASHINGTON,,70s,,,,,,,,,N,,,"ABOUT STEADY.","Few labels",
POTATOES,BOSTON,Organic,"50 lb cartons",RUSSET,NORKOTAH,"U.S. One",2018/11/06,56,56,,,,,70s,,,,,,,,,L,,,"ABOUT STEADY.",,
POTATOES,BOSTON,,"baled 10 5-lb film bags",RUSSET,NORKOTAH,"U.S. One",2018/11/06,16,20,18,18,IDAHO,,"sz A",,,,,,,,,N,,,"ABOUT STEADY.",,
POTATOES,BOSTON,,"baled 10 5-lb film bags",RUSSET,NORKOTAH,"U.S. One",2018/11/06,15,17,16,16,IDAHO,,"non sz A",,,,,,,,,N,,,"ABOUT STEADY.",,
POTATOES,BOSTON,,"baled 10 5-lb film bags",RUSSET,NORKOTAH,"U.S. One",2018/11/06,18,21,19,20,IDAHO,,"6-10 oz",,,,,,,,,N,,,"ABOUT STEADY.",,
POTATOES,BOSTON,,"baled 10 5-lb film bags",RUSSET,NORKOTAH,"U.S. One",2018/11/06,15,18,16,16,,,"non sz A",,,,,,,,,L,,,"ABOUT STEADY.",,
POTATOES,BOSTON,Organic,"baled 16 3-lb film bags",RUSSET,NORKOTAH,"U.S. One",2018/11/06,47,47,,,,,"sz A",,,,,,,,,L,,,"ABOUT STEADY.",,
POTATOES,BOSTON,Organic,"cartons 10 5-lb film bags",RUSSET,NORKOTAH,"U.S. One",2018/11/06,47,47,,,,,"sz A",,,,,,,,,L,,,"ABOUT STEADY.",,
POTATOES,BOSTON,,"50 lb cartons","ROUND RED",,"U.S. One",2018/11/06,28,30,29,29,WASHINGTON,,"sz A",,,,,,,,,N,,,"ABOUT STEADY.",,
POTATOES,BOSTON,,"50 lb cartons","ROUND RED",,"U.S. One",2018/11/06,30,35,32,33,WASHINGTON,,"sz B",,,,,,,,,N,,,"ABOUT STEADY.",,
POTATOES,BOSTON,,"50 lb cartons","ROUND RED",,"U.S. One",2018/11/06,48,55,50,55,WASHINGTON,,"Creamers 3/4-1 5/8""",,,,,,,,,N,,,"ABOUT STEADY.",,
POTATOES,BOSTON,Organic,"50 lb cartons","ROUND RED",,"U.S. One",2018/11/06,32,32,,,,,"sz A",,,,,,,,,L,,,"ABOUT STEADY.",,
POTATOES,BOSTON,,"50 lb cartons","ROUND RED",,"Canada No. 1",2018/11/06,,,,,CANADA,MANITOBA,"sz A",,,,,,,,,N,,,"ABOUT STEADY.","no offerings",
POTATOES,BOSTON,,"50 lb sacks","ROUND RED",,"U.S. One",2018/11/06,16,18,17,18,,,"sz A",,,,,,,,,L,,,"ABOUT STEADY.",,
POTATOES,BOSTON,,"50 lb sacks","ROUND RED",,"U.S. One",2018/11/06,18,22,18,19,,,"sz B",,,,,,,,,L,,,"ABOUT STEADY.",,
POTATOES,BOSTON,,"50 lb sacks","ROUND RED",,"U.S. One",2018/11/06,15,17,17,17,"NORTH CAROLINA",,"sz A",,,,,,,,NEW,N,,,"ABOUT STEADY.","New Crop",
POTATOES,BOSTON,,"50 lb sacks","ROUND RED",,"U.S. One",2018/11/06,20,22,21,21,"NORTH CAROLINA",,"sz B",,,,,,,,NEW,N,,,"ABOUT STEADY.","New Crop",
POTATOES,BOSTON,,"50 lb sacks","ROUND RED",,"U.S. One",2018/11/06,16,18,18,18,VIRGINIA,,"sz A",,,,,,,,NEW,N,,,"ABOUT STEADY.","New Crop",
POTATOES,BOSTON,,"50 lb sacks","ROUND RED",,"U.S. One",2018/11/06,23,28,25,26,VIRGINIA,,"sz B",,,,,,,,NEW,N,,,"ABOUT STEADY.","New Crop",
POTATOES,BOSTON,,"50 lb sacks","ROUND RED",,"U.S. One",2018/11/06,17,18,18,18,WISCONSIN,,"sz A",,,,,,,,,N,,,"ABOUT STEADY.",,
POTATOES,BOSTON,,"50 lb sacks","ROUND RED",,"U.S. One",2018/11/06,18,19,19,19,WISCONSIN,,"sz B",,,,,,,,,N,,,"ABOUT STEADY.",,
POTATOES,BOSTON,,"50 lb sacks","ROUND RED",,"Canada No. 1",2018/11/06,13,14,13,13.5,CANADA,"PRINCE EDWARD ISLAND","sz A",,,,,,,,,N,,,"ABOUT STEADY.",,
POTATOES,BOSTON,,"50 lb sacks","ROUND RED",,"Canada No. 1",2018/11/06,17,20,18,18,CANADA,QUEBEC,"sz B",,,,,,,,NEW,N,,,"ABOUT STEADY.",,
POTATOES,BOSTON,,"50 lb sacks","ROUND RED",,"Canada No. 1",2018/11/06,17,18,17,17,CANADA,QUEBEC,"sz B",,,,,,,,,N,,,"ABOUT STEADY.","one label 23.00",
POTATOES,BOSTON,,"50 lb sacks","ROUND RED",,"No Grade Marks",2018/11/06,12,12,,,CANADA,"PRINCE EDWARD ISLAND","sz A",,,,,,,,,N,,,"ABOUT STEADY.",,
POTATOES,BOSTON,,"50 lb sacks","ROUND RED",,"No Grade Marks",2018/11/06,12,12,,,VIRGINIA,,"sz A",,,,,,,,NEW,N,,,"ABOUT STEADY.","New Crop",
POTATOES,BOSTON,,"50 lb sacks","ROUND RED",,"No Grade Marks",2018/11/06,12,13,12.5,12.5,WISCONSIN,,"sz A",,,,,,,,,N,,,"ABOUT STEADY.",,
POTATOES,BOSTON,,"50 lb sacks","ROUND RED",,"No Grade Marks",2018/11/06,17,18,17,17,WISCONSIN,,"sz B",,,,,,,,,N,,,"ABOUT STEADY.",,
POTATOES,BOSTON,,"baled 10 5-lb film bags","ROUND RED",,"U.S. One",2018/11/06,18,20,18,19,,,"sz A",,,,,,,,,L,,,"ABOUT STEADY.",,
POTATOES,BOSTON,,"baled 10 5-lb film bags","ROUND RED",,"Canada No. 1",2018/11/06,18,19,19,19,CANADA,QUEBEC,"sz A",,,,,,,,,N,,,"ABOUT STEADY.",,
POTATOES,BOSTON,Organic,"baled 16 3-lb film bags","ROUND RED",,"U.S. One",2018/11/06,47,47,,,,,"sz A",,,,,,,,,L,,,"ABOUT STEADY.",,
POTATOES,BOSTON,Organic,"cartons 10 5-lb film bags","ROUND RED",,"U.S. One",2018/11/06,47,47,,,,,"sz A",,,,,,,,,L,,,"ABOUT STEADY.",,
POTATOES,BOSTON,,"10 lb open-window sacks loose","ROUND WHITE",,"No Grade Marks",2018/11/06,3,3.5,3,3,,,"non sz A",,,,,,,,,L,,,"ABOUT STEADY.",,
POTATOES,BOSTON,,"50 lb sacks","ROUND WHITE",,"U.S. One",2018/11/06,18,18,,,CANADA,"PRINCE EDWARD ISLAND",Chef,,,,,,,,NEW,N,,,"ABOUT STEADY.",,
POTATOES,BOSTON,,"50 lb sacks","ROUND WHITE",,"U.S. One",2018/11/06,22,22,,,CANADA,QUEBEC,Chef,,,,,,,,NEW,N,,,"ABOUT STEADY.",,
POTATOES,BOSTON,,"50 lb sacks","ROUND WHITE",,"Canada No. 1",2018/11/06,,,,,CANADA,QUEBEC,Chef,,,,,,,,,N,,,"ABOUT STEADY.","offerings insufficient to quote",
POTATOES,BOSTON,,"50 lb sacks","ROUND WHITE",,"Canada No. 1",2018/11/06,17,17,,,CANADA,QUEBEC,Chef,,,,,,,,OLD,N,,,"ABOUT STEADY.",,
POTATOES,BOSTON,,"baled 10 5-lb film bags","ROUND WHITE",,"U.S. One",2018/11/06,15,17,16,17,,,"non sz A",,,,,,,,,L,,,"ABOUT STEADY.",,
POTATOES,BOSTON,,"baled 10 5-lb film bags","ROUND WHITE",,"Canada No. 1",2018/11/06,15,17,15,16,CANADA,QUEBEC,"non sz A",,,,,,,,,N,,,"ABOUT STEADY.",,
POTATOES,BOSTON,,"50 lb cartons","LONG WHITE",,"U.S. One",2018/11/06,30,30,,,WASHINGTON,,"sz B",,,,,,,,,N,,,"ABOUT STEADY.",,
POTATOES,BOSTON,,"50 lb cartons","LONG WHITE",,"U.S. One",2018/11/06,50,55,55,55,WASHINGTON,,"Creamers 3/4-1 5/8""",,,,,,,,,N,,,"ABOUT STEADY.",,
POTATOES,BOSTON,,"50 lb cartons","PURPLE TYPE",,"U.S. One",2018/11/06,50,50,,,,,"sz A",,,,,,,,,LE,,,"ABOUT STEADY.",,
POTATOES,BOSTON,,"50 lb cartons","PURPLE TYPE",,"U.S. One",2018/11/06,45,45,,,,,"sz B",,,,,,,,,LE,,,"ABOUT STEADY.",,
POTATOES,BOSTON,,"50 lb cartons","PURPLE TYPE",,"U.S. One",2018/11/06,50,50,,,,,"Creamers 3/4-1 5/8""",,,,,,,,,LE,,,"ABOUT STEADY.",,
POTATOES,BOSTON,,"50 lb cartons","YELLOW TYPE",,"U.S. One",2018/11/06,28,33,30,30,,,"sz B",,,,,,,,,L,,,"ABOUT STEADY.",,
POTATOES,BOSTON,,"50 lb cartons","YELLOW TYPE",,"U.S. One",2018/11/06,34,38,36,36,WASHINGTON,,"sz A",,,,,,,,,N,,,"ABOUT STEADY.",,
POTATOES,BOSTON,,"50 lb cartons","YELLOW TYPE",,"U.S. One",2018/11/06,28,33,30,30,WASHINGTON,,"sz B",,,,,,,,,N,,,"ABOUT STEADY.",,
POTATOES,BOSTON,,"50 lb cartons","YELLOW TYPE",,"U.S. One",2018/11/06,52,60,55,55,WASHINGTON,,"Creamers 3/4-1 5/8""",,,,,,,,,N,,,"ABOUT STEADY.",,
POTATOES,BOSTON,Organic,"50 lb cartons","YELLOW TYPE",,"U.S. One",2018/11/06,50,50,,,,,"sz A",,,,,,,,,L,,,"ABOUT STEADY.",,
POTATOES,BOSTON,,"50 lb sacks","YELLOW TYPE",,"U.S. One",2018/11/06,34,38,36,36,,,"sz A",,,,,,,,,L,,,"ABOUT STEADY.",,
POTATOES,BOSTON,,"50 lb sacks","YELLOW TYPE",,"U.S. One",2018/11/06,28,33,30,30,,,"sz B",,,,,,,,,L,,,"ABOUT STEADY.",,
POTATOES,BOSTON,,"50 lb sacks","YELLOW TYPE",,"U.S. One",2018/11/06,52,60,55,55,,,"Creamers 3/4-1 5/8""",,,,,,,,,L,,,"ABOUT STEADY.",,
POTATOES,BOSTON,,"50 lb sacks","YELLOW TYPE",,"Canada No. 1",2018/11/06,15,18,15,16,CANADA,QUEBEC,"sz A",,,,,,,,,N,,,"ABOUT STEADY.",,
POTATOES,BOSTON,,"50 lb sacks","YELLOW TYPE",,"Canada No. 1",2018/11/06,17,18,17,17,CANADA,QUEBEC,Chef,,,,,,,,,N,,,"ABOUT STEADY.",,
POTATOES,BOSTON,Organic,"baled 16 3-lb film bags","YELLOW TYPE",,"U.S. One",2018/11/06,34,34,,,,,"sz A",,,,,,,,,L,,,"ABOUT STEADY.",,
POTATOES,BOSTON,,"cartons 10 5-lb film bags","YELLOW TYPE",,"U.S. One",2018/11/06,18,20,18,18,,,"non sz A",,,,,,,,,L,,,"ABOUT STEADY.",,
POTATOES,BOSTON,Organic,"cartons 10 5-lb film bags","YELLOW TYPE",,"U.S. One",2018/11/06,47,47,,,,,"sz A",,,,,,,,,L,,,"ABOUT STEADY.",,
POTATOES,BOSTON,,"20 lb cartons",FINGERLING,"MIXED VARIETIES","No Grade Marks",2018/11/06,25,28,28,28,CALIFORNIA,,,,,,,,,,,N,,,"ABOUT STEADY.",,
POTATOES,BOSTON,,"20 lb cartons",FINGERLING,"MIXED VARIETIES","No Grade Marks",2018/11/06,25,28,28,28,,,,,,,,,,,,E,,,"ABOUT STEADY.",,
POTATOES,BOSTON,,"20 lb cartons",FINGERLING,"PURPLE PERUVIAN","No Grade Marks",2018/11/06,28,32,30,30,CALIFORNIA,,,,,,,,,,,N,,,"ABOUT STEADY.",,
POTATOES,BOSTON,,"20 lb cartons",FINGERLING,"PURPLE PERUVIAN","No Grade Marks",2018/11/06,28,32,30,30,,,,,,,,,,,,E,,,"ABOUT STEADY.",,
POTATOES,BOSTON,,"20 lb cartons",FINGERLING,"RUBY CRESCENT","No Grade Marks",2018/11/06,28,32,28,30,CALIFORNIA,,,,,,,,,,,N,,,"ABOUT STEADY.",,
POTATOES,BOSTON,,"20 lb cartons",FINGERLING,"RUBY CRESCENT","No Grade Marks",2018/11/06,28,32,28,30,,,,,,,,,,,,E,,,"ABOUT STEADY.",,
POTATOES,BOSTON,,"20 lb cartons",FINGERLING,"RUSSIAN BANANA","No Grade Marks",2018/11/06,22,28,22,23,CALIFORNIA,,,,,,,,,,,N,,,"ABOUT STEADY.",,
POTATOES,BOSTON,,"20 lb cartons",FINGERLING,"RUSSIAN BANANA","No Grade Marks",2018/11/06,22,28,22,23,,,,,,,,,,,,E,,,"ABOUT STEADY.",,
PUMPKINS,BOSTON,,"1/2 bushel cartons/crates","PIE TYPE",,,2018/11/06,20,25,20,20,MASSACHUSETTS,,med,ORANGE,,,,,,,,N,,,STEADY.,"Approx., 45lbs",
PUMPKINS,BOSTON,,"1/2 bushel cartons/crates","PIE TYPE",,,2018/11/06,20,25,20,20,PENNSYLVANIA,,med,ORANGE,,,,,,,,N,,,STEADY.,"Approx., 45lbs",
PUMPKINS,BOSTON,,"24 inch bins","PIE TYPE",,,2018/11/06,250,300,250,250,CANADA,ONTARIO,med,ORANGE,,"PER BIN",,,,,,N,,,STEADY.,"Approx., 750lbs",
PUMPKINS,BOSTON,,"24 inch bins","PIE TYPE",,,2018/11/06,250,285,250,250,MASSACHUSETTS,,med,ORANGE,,"PER BIN",,,,,,N,,,STEADY.,"Approx., 750lbs",
PUMPKINS,BOSTON,,"24 inch bins","PIE TYPE",,,2018/11/06,250,285,250,250,PENNSYLVANIA,,med,ORANGE,,"PER BIN",,,,,,N,,,STEADY.,"Approx., 750lbs",
PUMPKINS,BOSTON,,"36 inch bins","PIE TYPE",,,2018/11/06,270,300,290,300,MASSACHUSETTS,,med,ORANGE,,"PER BIN",,,,,,N,,,STEADY.,"Approx., 1000lbs",
PUMPKINS,BOSTON,,"36 inch bins","PIE TYPE",,,2018/11/06,270,300,290,300,PENNSYLVANIA,,med,ORANGE,,"PER BIN",,,,,,N,,,STEADY.,"Approx., 1000lbs",
RADISHES,BOSTON,,"40 lb film bags topped",,,,2018/11/06,16,16,,,CALIFORNIA,,,RED,,,,,,,,N,,,"ABOUT STEADY.",,
RADISHES,BOSTON,,"40 lb film bags topped",,,,2018/11/06,18,21,20,20,CANADA,QUEBEC,,RED,,,,,,,,N,,,"ABOUT STEADY.","large sized",
RADISHES,BOSTON,,"40 lb film bags topped",,,,2018/11/06,15,18,18,18,CANADA,QUEBEC,,RED,,,,,,,,N,,,"ABOUT STEADY.","small sized",
RADISHES,BOSTON,,"cartons bunched",,,,2018/11/06,15,16,15,15,CANADA,QUEBEC,24s,RED,,,,,,,,N,,,"ABOUT STEADY.",,
RADISHES,BOSTON,,"cartons bunched",,,,2018/11/06,15,16,16,16,"NEW JERSEY",,24s,RED,,,,,,,,N,,,"ABOUT STEADY.",,
RADISHES,BOSTON,,"cartons topped 14 1-lb film bags",,,,2018/11/06,10,12,11,11,"NEW JERSEY",,,RED,,,,,,,,N,,,"ABOUT STEADY.",,
RADISHES,BOSTON,,"cartons topped 30 6-oz film bags",,,,2018/11/06,10,12,11,11,"NEW JERSEY",,,RED,,,,,,,,N,,,"ABOUT STEADY.",,
SPINACH,BOSTON,,"4 lb cartons",FLAT,"BABY TYPE",,2018/11/06,9,11,10,10,CALIFORNIA,,,,,,,,,,,N,,,"ABOUT STEADY.",,
SPINACH,BOSTON,Organic,"4 lb cartons",FLAT,"BABY TYPE",,2018/11/06,12,13,13,13,CALIFORNIA,,,,,,,,,,,N,,,"ABOUT STEADY.",,
SPINACH,BOSTON,,"cartons 4 2-1/2 lb film bags",FLAT,,,2018/11/06,16,18,16,16,CALIFORNIA,,,,,,,,,,,N,,,"ABOUT STEADY.",,
SPINACH,BOSTON,,"cartons bunched",FLAT,,,2018/11/06,25,28,28,28,CALIFORNIA,,24s,,,,,,,,,N,,,"ABOUT STEADY.",,
SPINACH,BOSTON,,"cartons bunched",FLAT,,,2018/11/06,25,28,28,28,"NEW JERSEY",,24s,,,,,,,,,N,,,"ABOUT STEADY.",,
SPINACH,BOSTON,,"cartons 4 2-1/2 lb film bags","SEMI FLAT",,,2018/11/06,16,18,16,16,CALIFORNIA,,,,,,,,,,,N,,,"ABOUT STEADY.",,
SPINACH,BOSTON,,"cartons 4 2-1/2 lb film bags",SAVOY,,,2018/11/06,16,18,16,16,CALIFORNIA,,,,,,,,,,,N,,,"ABOUT STEADY.",,
SPINACH,BOSTON,,"cartons 4 2-1/2 lb film bags",SAVOY,,,2018/11/06,16,18,16,16.5,"NEW JERSEY",,,,,,,,,,,N,,,"ABOUT STEADY.",,
SPINACH,BOSTON,,"cartons 8 10-oz film bags",SAVOY,,,2018/11/06,10,13,13,13,CALIFORNIA,,,,,,,,,,,N,,,"ABOUT STEADY.",,
SPINACH,BOSTON,,"cartons 8 10-oz film bags",SAVOY,,,2018/11/06,12,14,13,13,"NEW JERSEY",,,,,,,,,,,N,,,"ABOUT STEADY.",,
SPINACH,BOSTON,,"cartons bunched",SAVOY,,,2018/11/06,25,28,28,28,CALIFORNIA,,24s,,,,,,,,,N,,,"ABOUT STEADY.",,
SQUASH,BOSTON,,"1/2 bushel cartons",ZUCCHINI,,,2018/11/06,8,12,12,12,FLORIDA,,sml,,,,,,,,,N,,,"ZUCCHINI AND YELLOW STRAIGHTNECK LOWER; OTHERS ABOUT STEADY.",,
SQUASH,BOSTON,,"1/2 bushel cartons",ZUCCHINI,,,2018/11/06,13,16,16,16,FLORIDA,,med,,,,,,,,,N,,,"ZUCCHINI AND YELLOW STRAIGHTNECK LOWER; OTHERS ABOUT STEADY.",,
SQUASH,BOSTON,,"1/2 bushel cartons",ZUCCHINI,,,2018/11/06,8,12,12,12,GEORGIA,,sml,,,,,,,,,N,,,"ZUCCHINI AND YELLOW STRAIGHTNECK LOWER; OTHERS ABOUT STEADY.",,
SQUASH,BOSTON,,"1/2 bushel cartons",ZUCCHINI,,,2018/11/06,13,16,14,14,GEORGIA,,med,,,,,,,,,N,,,"ZUCCHINI AND YELLOW STRAIGHTNECK LOWER; OTHERS ABOUT STEADY.",,
SQUASH,BOSTON,,"4/7 bushel cartons",ZUCCHINI,,,2018/11/06,8,12,12,12,MEXICO,,sml,,,,,,,,,N,,,"ZUCCHINI AND YELLOW STRAIGHTNECK LOWER; OTHERS ABOUT STEADY.",,
SQUASH,BOSTON,,"4/7 bushel cartons",ZUCCHINI,,,2018/11/06,13,16,14,14,MEXICO,,med,,,,,,,,,N,,,"ZUCCHINI AND YELLOW STRAIGHTNECK LOWER; OTHERS ABOUT STEADY.",,
SQUASH,BOSTON,,"1/2 bushel cartons","YELLOW STRAIGHTNECK",,,2018/11/06,8,12,12,12,FLORIDA,,sml,,,,,,,,,N,,,"ZUCCHINI AND YELLOW STRAIGHTNECK LOWER; OTHERS ABOUT STEADY.",,
SQUASH,BOSTON,,"1/2 bushel cartons","YELLOW STRAIGHTNECK",,,2018/11/06,12,14,13,14,FLORIDA,,med,,,,,,,,,N,,,"ZUCCHINI AND YELLOW STRAIGHTNECK LOWER; OTHERS ABOUT STEADY.",,
SQUASH,BOSTON,,"1/2 bushel cartons","YELLOW STRAIGHTNECK",,,2018/11/06,8,12,12,12,GEORGIA,,sml,,,,,,,,,N,,,"ZUCCHINI AND YELLOW STRAIGHTNECK LOWER; OTHERS ABOUT STEADY.",,
SQUASH,BOSTON,,"1/2 bushel cartons","YELLOW STRAIGHTNECK",,,2018/11/06,12,14,13,14,GEORGIA,,med,,,,,,,,,N,,,"ZUCCHINI AND YELLOW STRAIGHTNECK LOWER; OTHERS ABOUT STEADY.",,
SQUASH,BOSTON,,"4/7 bushel cartons","YELLOW STRAIGHTNECK",,,2018/11/06,8,12,12,12,MEXICO,,sml,,,,,,,,,N,,,"ZUCCHINI AND YELLOW STRAIGHTNECK LOWER; OTHERS ABOUT STEADY.",,
SQUASH,BOSTON,,"4/7 bushel cartons","YELLOW STRAIGHTNECK",,,2018/11/06,13,15,14,15,MEXICO,,med,,,,,,,,,N,,,"ZUCCHINI AND YELLOW STRAIGHTNECK LOWER; OTHERS ABOUT STEADY.",,
SQUASH,BOSTON,,"1 1/9 bushel cartons",ACORN,,,2018/11/06,14,18,15,16,MASSACHUSETTS,,med-lge,,,,,,,,,N,,,"ZUCCHINI AND YELLOW STRAIGHTNECK LOWER; OTHERS ABOUT STEADY.",,
SQUASH,BOSTON,,"1 1/9 bushel cartons",ACORN,,,2018/11/06,16,18,16,17,"NEW YORK",,med-lge,,,,,,,,,N,,,"ZUCCHINI AND YELLOW STRAIGHTNECK LOWER; OTHERS ABOUT STEADY.",,
SQUASH,BOSTON,Organic,"bushel cartons",ACORN,,,2018/11/06,24,24,,,,,med,,,,,,,,,L,,,"ZUCCHINI AND YELLOW STRAIGHTNECK LOWER; OTHERS ABOUT STEADY.",Few,
SQUASH,BOSTON,,"1 1/9 bushel cartons",BUTTERCUP,,,2018/11/06,15,18,15,16,MASSACHUSETTS,,med-lge,,,,,,,,,N,,,"ZUCCHINI AND YELLOW STRAIGHTNECK LOWER; OTHERS ABOUT STEADY.",,
SQUASH,BOSTON,,"1 1/9 bushel cartons",BUTTERCUP,,,2018/11/06,16,18,17,18,"NEW YORK",,med-lge,,,,,,,,,N,,,"ZUCCHINI AND YELLOW STRAIGHTNECK LOWER; OTHERS ABOUT STEADY.",,
SQUASH,BOSTON,Organic,"bushel cartons",BUTTERCUP,,,2018/11/06,30,32,30,30,,,med,,,,,,,,,L,,,"ZUCCHINI AND YELLOW STRAIGHTNECK LOWER; OTHERS ABOUT STEADY.",Few,
SQUASH,BOSTON,,"1 1/9 bushel cartons",BUTTERNUT,,,2018/11/06,15,18,15,16,MASSACHUSETTS,,med-lge,,,,,,,,,N,,,"ZUCCHINI AND YELLOW STRAIGHTNECK LOWER; OTHERS ABOUT STEADY.",,
SQUASH,BOSTON,,"1 1/9 bushel cartons",BUTTERNUT,,,2018/11/06,16,18,16,17,"NEW YORK",,med-lge,,,,,,,,,N,,,"ZUCCHINI AND YELLOW STRAIGHTNECK LOWER; OTHERS ABOUT STEADY.",,
SQUASH,BOSTON,,"20 lb cartons",BUTTERNUT,,,2018/11/06,1,1.2,1,1,,,,,,"PER LB",,,,,,L,,,"ZUCCHINI AND YELLOW STRAIGHTNECK LOWER; OTHERS ABOUT STEADY.",peeled,
SQUASH,BOSTON,Organic,"bushel cartons",BUTTERNUT,,,2018/11/06,24,24,,,,,med,,,,,,,,,L,,,"ZUCCHINI AND YELLOW STRAIGHTNECK LOWER; OTHERS ABOUT STEADY.",Few,
SQUASH,BOSTON,,"1 1/9 bushel cartons",CARNIVAL,,,2018/11/06,20,24,20,20,MASSACHUSETTS,,lge,,,,,,,,,N,,,"ZUCCHINI AND YELLOW STRAIGHTNECK LOWER; OTHERS ABOUT STEADY.",,
SQUASH,BOSTON,,"1 1/9 bushel cartons",DELICATA,,,2018/11/06,20,24,20,20,MASSACHUSETTS,,lge,,,,,,,,,N,,,"ZUCCHINI AND YELLOW STRAIGHTNECK LOWER; OTHERS ABOUT STEADY.",,
SQUASH,BOSTON,Organic,"bushel cartons",DELICATA,,,2018/11/06,32,32,,,,,med,,,,,,,,,L,,,"ZUCCHINI AND YELLOW STRAIGHTNECK LOWER; OTHERS ABOUT STEADY.",Few,
SQUASH,BOSTON,,"1 1/9 bushel cartons","BLUE HUBBARD",,,2018/11/06,20,24,20,20,MASSACHUSETTS,,lge,,,,,,,,,N,,,"ZUCCHINI AND YELLOW STRAIGHTNECK LOWER; OTHERS ABOUT STEADY.",,
SQUASH,BOSTON,,"1 1/9 bushel cartons",KABOCHA,,,2018/11/06,15,18,16,16,MASSACHUSETTS,,med-lge,,,,,,,,,N,,,"ZUCCHINI AND YELLOW STRAIGHTNECK LOWER; OTHERS ABOUT STEADY.",,
SQUASH,BOSTON,,"1 1/9 bushel cartons",KABOCHA,,,2018/11/06,16,18,16,17,"NEW YORK",,med-lge,,,,,,,,,N,,,"ZUCCHINI AND YELLOW STRAIGHTNECK LOWER; OTHERS ABOUT STEADY.",,
SQUASH,BOSTON,,"1 1/9 bushel cartons",SPAGHETTI,,,2018/11/06,16,18,16,16,MASSACHUSETTS,,med-lge,,,,,,,,,N,,,"ZUCCHINI AND YELLOW STRAIGHTNECK LOWER; OTHERS ABOUT STEADY.",,
SQUASH,BOSTON,,"1 1/9 bushel cartons",SPAGHETTI,,,2018/11/06,16,18,16,17,"NEW YORK",,med-lge,,,,,,,,,N,,,"ZUCCHINI AND YELLOW STRAIGHTNECK LOWER; OTHERS ABOUT STEADY.",,
SQUASH,BOSTON,Organic,"bushel cartons",SPAGHETTI,,,2018/11/06,29,29,,,,,med,,,,,,,,,L,,,"ZUCCHINI AND YELLOW STRAIGHTNECK LOWER; OTHERS ABOUT STEADY.",Few,
STRAWBERRIES,BOSTON,,"flats 8 1-lb containers with lids",,,,2018/11/06,4,5,4,4,CALIFORNIA,,med-lge,,,,,"ORD COND",,,,N,,,STEADY.,,
STRAWBERRIES,BOSTON,,"flats 8 1-lb containers with lids",,,,2018/11/06,7,8,7,7,CALIFORNIA,,med-lge,,,,,"FR COND",,,,N,,,STEADY.,,
STRAWBERRIES,BOSTON,,"flats 8 1-lb containers with lids",,,,2018/11/06,14,18,15,16,CALIFORNIA,,med-lge,,,,,,,,,N,,,STEADY.,"occas low as 10.00",
STRAWBERRIES,BOSTON,,"flats 8 1-lb containers with lids",,,,2018/11/06,1,3,2,2,CALIFORNIA,,med-lge,,,,,"POOR COND",,,,N,,,STEADY.,"some unsaleable",
STRAWBERRIES,BOSTON,Organic,"flats 8 1-lb containers with lids",,,,2018/11/06,36,36,,,CALIFORNIA,,med-lge,,,,,,FINEAPPEAR,,,N,,,STEADY.,,
STRAWBERRIES,BOSTON,Organic,"flats 8 1-lb containers with lids",,,,2018/11/06,36,36,,,CALIFORNIA,,med-lge,,,,,,,,,N,,,STEADY.,,
STRAWBERRIES,BOSTON,Organic,"flats 8 1-lb containers with lids",,,,2018/11/06,12,12,,,CALIFORNIA,,med-lge,,,,,"ORD COND",,,,N,,,STEADY.,,
"SWISS CHARD",BOSTON,,"cartons bunched",RED,,,2018/11/06,16,18,18,18,CALIFORNIA,,12s,,,,,,,,,N,,,"ABOUT STEADY.",,
"SWISS CHARD",BOSTON,,"cartons bunched",WHITE,,,2018/11/06,16,18,18,18,CALIFORNIA,,12s,,,,,,,,,N,,,"ABOUT STEADY.",,
TOMATOES,BOSTON,,"25 lb cartons loose","MATURE GREENS",,,2018/11/06,23,24,24,24,CALIFORNIA,,xlge,"LIGHT RED",,,,,,,,N,,,"ABOUT STEADY.","occas lower",
TOMATOES,BOSTON,,"25 lb cartons loose","MATURE GREENS",,,2018/11/06,22,24,22,22,CALIFORNIA,,lge,"LIGHT RED",,,,,,,,N,,,"ABOUT STEADY.","occas lower",
TOMATOES,BOSTON,,"25 lb cartons loose","MATURE GREENS",,,2018/11/06,22,23,22,22,CALIFORNIA,,med,"LIGHT RED",,,,,,,,N,,,"ABOUT STEADY.","occas lower",
TOMATOES,BOSTON,,"25 lb cartons loose","MATURE GREENS",,"85% U.S. One or Better",2018/11/06,23,24,24,24,FLORIDA,,"5x6 sz","LIGHT RED",,,,,,,,N,,,"ABOUT STEADY.","occas lower",
TOMATOES,BOSTON,,"25 lb cartons loose","MATURE GREENS",,"85% U.S. One or Better",2018/11/06,20,22,22,22,FLORIDA,,"6x6 sz","LIGHT RED",,,,,,,,N,,,"ABOUT STEADY.","occas lower",
TOMATOES,BOSTON,,"25 lb cartons loose","MATURE GREENS",,"85% U.S. One or Better",2018/11/06,20,24,22,24,GEORGIA,,"5x6 sz","LIGHT RED",,,,,,,,N,,,"ABOUT STEADY.",,
TOMATOES,BOSTON,,"25 lb cartons loose","MATURE GREENS",,"85% U.S. One or Better",2018/11/06,12,12,,,GEORGIA,,"5x6 sz","LIGHT RED",,,,"ORD COND",,,,N,,,"ABOUT STEADY.",,
TOMATOES,BOSTON,,"25 lb cartons loose","MATURE GREENS",,"85% U.S. One or Better",2018/11/06,20,24,22,22,GEORGIA,,"6x6 sz","LIGHT RED",,,,,,,,N,,,"ABOUT STEADY.","occas lower",
TOMATOES,BOSTON,,"cartons 10 tubes 3s 14-oz","MATURE GREENS",,,2018/11/06,14.5,14.5,,,,,med,"LIGHT RED",,,,,,,,L,,,"ABOUT STEADY.",,
TOMATOES,BOSTON,,"cartons 10 tubes 4s 14-oz","MATURE GREENS",,,2018/11/06,14.5,14.5,,,,,med,"LIGHT RED",,,,,,,,L,,,"ABOUT STEADY.",,
TOMATOES,BOSTON,,"15 lb flats","VINE RIPES",,,2018/11/06,20,24,20,21,CANADA,ONTARIO,22s,"LIGHT RED",Greenhouse,,,,,,,N,,,"ABOUT STEADY.",,
TOMATOES,BOSTON,,"15 lb flats","VINE RIPES",,,2018/11/06,20,24,20,21,CANADA,ONTARIO,25s,"LIGHT RED",Greenhouse,,,,,,,N,,,"ABOUT STEADY.",,
TOMATOES,BOSTON,,"15 lb flats","VINE RIPES",,,2018/11/06,20,24,20,21,CANADA,ONTARIO,25s,GREEN,Greenhouse,,,,,,,N,,,"ABOUT STEADY.",,
TOMATOES,BOSTON,,"15 lb flats","VINE RIPES",,,2018/11/06,20,24,20,20,CANADA,ONTARIO,30s,"LIGHT RED",Greenhouse,,,,,,,N,,,"ABOUT STEADY.",,
TOMATOES,BOSTON,,"15 lb flats","VINE RIPES",,,2018/11/06,27,27,,,MAINE,,lge,"LIGHT RED",Greenhouse,,,,,,,N,,,"ABOUT STEADY.",,
TOMATOES,BOSTON,,"15 lb flats","VINE RIPES",,,2018/11/06,18,22,22,22,MEXICO,,22s,"LIGHT RED","Adapted Environment",,,,,,,N,,,"ABOUT STEADY.",,
TOMATOES,BOSTON,,"25 lb cartons loose","VINE RIPES",,,2018/11/06,19,19,,,MAINE,,sml-med,"LIGHT RED",Greenhouse,,,,,,,N,,,"ABOUT STEADY.",,
TOMATOES,BOSTON,,"25 lb cartons loose","VINE RIPES",,,2018/11/06,23,24,24,24,MEXICO,,"5x6 sz","LIGHT RED","Adapted Environment",,,,,,,N,,,"ABOUT STEADY.","occas lower",
TOMATOES,BOSTON,,"25 lb cartons loose","VINE RIPES",,,2018/11/06,22,24,22,22,MEXICO,,"6x6 sz","LIGHT RED","Adapted Environment",,,,,,,N,,,"ABOUT STEADY.","occas lower",
TOMATOES,BOSTON,,"5 kg/11 lb flats","VINE RIPES",,,2018/11/06,12,15,12,12,CANADA,ONTARIO,sml-med,"LIGHT RED",Greenhouse,"ON THE VINE",,,,,,N,,,"ABOUT STEADY.",,
TOMATOES,BOSTON,,"5 kg/11 lb flats","VINE RIPES",,,2018/11/06,15,15,,,MAINE,,sml-med,"LIGHT RED",Greenhouse,"ON THE VINE",,,,,,N,,,"ABOUT STEADY.","one label",
TOMATOES,BOSTON,,"5 kg/11 lb flats","VINE RIPES",,,2018/11/06,10,15,13,14,MEXICO,,sml-med,"LIGHT RED","Adapted Environment","ON THE VINE",,,,,,N,,,"ABOUT STEADY.","occas lower",
TOMATOES,BOSTON,,"cartons 2 layer","VINE RIPES",,,2018/11/06,22,24,24,24,MEXICO,,5x6s,"LIGHT RED","Adapted Environment",,,,,,,N,,,"ABOUT STEADY.","occas lower",
TOMATOES,BOSTON,,"cartons 2 layer","VINE RIPES",,,2018/11/06,20,22,22,22,MEXICO,,6x6s,"LIGHT RED","Adapted Environment",,,,,,,N,,,"ABOUT STEADY.","occas lower",
TOMATOES,BOSTON,,"10 lb flats","VINE RIPE - HEIRLOOM VARIETIES",,,2018/11/06,26,30,30,30,CANADA,ONTARIO,,,Greenhouse,,,,,,,N,,,"ABOUT STEADY.",,
"TOMATOES, CHERRY",BOSTON,,"10 lb cartons",,,,2018/11/06,19,19.5,19,19,MAINE,,sml-med,"LIGHT RED",Greenhouse,,,,,,,N,,,"ABOUT STEADY.",,
"TOMATOES, CHERRY",BOSTON,,"5 lb flats",,,,2018/11/06,13,14,13,13,MAINE,,sml-med,"LIGHT RED",Greenhouse,,,,,,,N,,,"ABOUT STEADY.",,
"TOMATOES, CHERRY",BOSTON,,"cartons 8 10-oz containers with lids",,,,2018/11/06,20,24,24,24,MAINE,,sml-med,"LIGHT RED",Greenhouse,,,,,,,N,,,"ABOUT STEADY.",,
"TOMATOES, CHERRY",BOSTON,,"flats 12 1-pt baskets",,,,2018/11/06,22,24,22,22,CALIFORNIA,,med-lge,"LIGHT RED",,,,,,,,N,,,"ABOUT STEADY.",,
"TOMATOES, CHERRY",BOSTON,,"flats 12 1-pt baskets",,,,2018/11/06,22,24,22,22,FLORIDA,,med-lge,"LIGHT RED",,,,,,,,N,,,"ABOUT STEADY.",,
"TOMATOES, CHERRY",BOSTON,,"flats 12 1-pt baskets",,,,2018/11/06,22,24,22,23,MEXICO,,med-lge,"LIGHT RED","Adapted Environment",,,,,,,N,,,"ABOUT STEADY.",,
"TOMATOES, CHERRY",BOSTON,,"flats 12 1-pt cups with lids",,,,2018/11/06,16,18,17,18,"DOMINICAN REPUBLIC",,med,"LIGHT RED",Greenhouse,,,,,,,N,,,"ABOUT STEADY.",,
"TOMATOES, CHERRY",BOSTON,,"flats 12 1-pt cups with lids",,,,2018/11/06,22,24,22,22,,,med,"LIGHT RED",Greenhouse,,,,,,,LE,,,"ABOUT STEADY.",,
"TOMATOES, CHERRY",BOSTON,,"flats 12 1-pt cups with lids",,,,2018/11/06,22,24,22,22,,,med,"LIGHT RED",Greenhouse,,,,,,,L,,,"ABOUT STEADY.","occas lower",
